id,date,label,value
1,2010-07-17,BTC / USD,0.0495
2,2010-07-18,BTC / USD,0.0858
3,2010-07-19,BTC / USD,0.0808
4,2010-07-20,BTC / USD,0.0747
5,2010-07-21,BTC / USD,0.0792
6,2010-07-22,BTC / USD,0.0559
7,2010-07-23,BTC / USD,0.0623
8,2010-07-24,BTC / USD,0.0545
9,2010-07-25,BTC / USD,0.0505
10,2010-07-26,BTC / USD,0.0560
11,2010-07-27,BTC / USD,0.0598
12,2010-07-28,BTC / USD,0.0589
13,2010-07-29,BTC / USD,0.0692
14,2010-07-30,BTC / USD,0.0643
15,2010-07-31,BTC / USD,0.0678
16,2010-08-01,BTC / USD,0.0611
17,2010-08-02,BTC / USD,0.0600
18,2010-08-03,BTC / USD,0.0600
19,2010-08-04,BTC / USD,0.0580
20,2010-08-05,BTC / USD,0.0610
21,2010-08-06,BTC / USD,0.0621
22,2010-08-07,BTC / USD,0.0590
23,2010-08-08,BTC / USD,0.0609
24,2010-08-09,BTC / USD,0.0710
25,2010-08-10,BTC / USD,0.0700
26,2010-08-11,BTC / USD,0.0670
27,2010-08-12,BTC / USD,0.0700
28,2010-08-13,BTC / USD,0.0645
29,2010-08-14,BTC / USD,0.0670
30,2010-08-15,BTC / USD,0.0653
31,2010-08-16,BTC / USD,0.0655
32,2010-08-17,BTC / USD,0.0700
33,2010-08-18,BTC / USD,0.0680
34,2010-08-19,BTC / USD,0.0667
35,2010-08-20,BTC / USD,0.0655
36,2010-08-21,BTC / USD,0.0664
37,2010-08-22,BTC / USD,0.0660
38,2010-08-23,BTC / USD,0.0649
39,2010-08-24,BTC / USD,0.0650
40,2010-08-25,BTC / USD,0.0648
41,2010-08-26,BTC / USD,0.0640
42,2010-08-27,BTC / USD,0.0650
43,2010-08-28,BTC / USD,0.0646
44,2010-08-29,BTC / USD,0.0640
45,2010-08-30,BTC / USD,0.0650
46,2010-08-31,BTC / USD,0.0600
47,2010-09-01,BTC / USD,0.0623
48,2010-09-02,BTC / USD,0.0631
49,2010-09-03,BTC / USD,0.0608
50,2010-09-04,BTC / USD,0.0624
51,2010-09-05,BTC / USD,0.0616
52,2010-09-06,BTC / USD,0.0616
53,2010-09-07,BTC / USD,0.0615
54,2010-09-08,BTC / USD,0.0615
55,2010-09-09,BTC / USD,0.0611
56,2010-09-10,BTC / USD,0.0618
57,2010-09-11,BTC / USD,0.0637
58,2010-09-12,BTC / USD,0.0615
59,2010-09-13,BTC / USD,0.0622
60,2010-09-14,BTC / USD,0.0620
61,2010-09-15,BTC / USD,0.0604
62,2010-09-16,BTC / USD,0.0618
63,2010-09-17,BTC / USD,0.0594
64,2010-09-18,BTC / USD,0.0610
65,2010-09-19,BTC / USD,0.0627
66,2010-09-20,BTC / USD,0.0621
67,2010-09-21,BTC / USD,0.0626
68,2010-09-22,BTC / USD,0.0620
69,2010-09-23,BTC / USD,0.0623
70,2010-09-24,BTC / USD,0.0622
71,2010-09-25,BTC / USD,0.0620
72,2010-09-26,BTC / USD,0.0622
73,2010-09-27,BTC / USD,0.0622
74,2010-09-28,BTC / USD,0.0619
75,2010-09-29,BTC / USD,0.0618
76,2010-09-30,BTC / USD,0.0619
77,2010-10-01,BTC / USD,0.0620
78,2010-10-02,BTC / USD,0.0614
79,2010-10-03,BTC / USD,0.0611
80,2010-10-04,BTC / USD,0.0613
81,2010-10-05,BTC / USD,0.0614
82,2010-10-06,BTC / USD,0.0630
83,2010-10-07,BTC / USD,0.0670
84,2010-10-08,BTC / USD,0.0849
85,2010-10-09,BTC / USD,0.0938
86,2010-10-10,BTC / USD,0.0965
87,2010-10-11,BTC / USD,0.0950
88,2010-10-12,BTC / USD,0.0949
89,2010-10-13,BTC / USD,0.1050
90,2010-10-14,BTC / USD,0.1020
91,2010-10-15,BTC / USD,0.1050
92,2010-10-16,BTC / USD,0.1010
93,2010-10-17,BTC / USD,0.1020
94,2010-10-18,BTC / USD,0.1024
95,2010-10-19,BTC / USD,0.0972
96,2010-10-20,BTC / USD,0.0990
97,2010-10-21,BTC / USD,0.1070
98,2010-10-22,BTC / USD,0.1060
99,2010-10-23,BTC / USD,0.1050
100,2010-10-24,BTC / USD,0.1150
101,2010-10-25,BTC / USD,0.1320
102,2010-10-26,BTC / USD,0.1503
103,2010-10-27,BTC / USD,0.1877
104,2010-10-28,BTC / USD,0.1731
105,2010-10-29,BTC / USD,0.1900
106,2010-10-30,BTC / USD,0.1989
107,2010-10-31,BTC / USD,0.1925
108,2010-11-01,BTC / USD,0.1955
109,2010-11-02,BTC / USD,0.1938
110,2010-11-03,BTC / USD,0.1931
111,2010-11-04,BTC / USD,0.2300
112,2010-11-05,BTC / USD,0.2639
113,2010-11-06,BTC / USD,0.3800
114,2010-11-07,BTC / USD,0.3400
115,2010-11-08,BTC / USD,0.2430
116,2010-11-09,BTC / USD,0.2100
117,2010-11-10,BTC / USD,0.2362
118,2010-11-11,BTC / USD,0.2231
119,2010-11-12,BTC / USD,0.2682
120,2010-11-13,BTC / USD,0.2760
121,2010-11-14,BTC / USD,0.2790
122,2010-11-15,BTC / USD,0.2682
123,2010-11-16,BTC / USD,0.2250
124,2010-11-17,BTC / USD,0.2474
125,2010-11-18,BTC / USD,0.2678
126,2010-11-19,BTC / USD,0.2752
127,2010-11-20,BTC / USD,0.2840
128,2010-11-21,BTC / USD,0.2768
129,2010-11-22,BTC / USD,0.2843
130,2010-11-23,BTC / USD,0.2830
131,2010-11-24,BTC / USD,0.2830
132,2010-11-25,BTC / USD,0.2800
133,2010-11-26,BTC / USD,0.2844
134,2010-11-27,BTC / USD,0.2830
135,2010-11-28,BTC / USD,0.2711
136,2010-11-29,BTC / USD,0.2330
137,2010-11-30,BTC / USD,0.2082
138,2010-12-01,BTC / USD,0.2275
139,2010-12-02,BTC / USD,0.2550
140,2010-12-03,BTC / USD,0.2510
141,2010-12-04,BTC / USD,0.2060
142,2010-12-05,BTC / USD,0.1950
143,2010-12-06,BTC / USD,0.2040
144,2010-12-07,BTC / USD,0.2366
145,2010-12-08,BTC / USD,0.2388
146,2010-12-09,BTC / USD,0.1921
147,2010-12-10,BTC / USD,0.2038
148,2010-12-11,BTC / USD,0.2280
149,2010-12-12,BTC / USD,0.2200
150,2010-12-13,BTC / USD,0.2299
151,2010-12-14,BTC / USD,0.2467
152,2010-12-15,BTC / USD,0.2400
153,2010-12-16,BTC / USD,0.2500
154,2010-12-17,BTC / USD,0.2400
155,2010-12-18,BTC / USD,0.2410
156,2010-12-19,BTC / USD,0.2401
157,2010-12-20,BTC / USD,0.2670
158,2010-12-21,BTC / USD,0.2400
159,2010-12-22,BTC / USD,0.2500
160,2010-12-23,BTC / USD,0.2488
161,2010-12-24,BTC / USD,0.2480
162,2010-12-25,BTC / USD,0.2499
163,2010-12-26,BTC / USD,0.2650
164,2010-12-27,BTC / USD,0.2650
165,2010-12-28,BTC / USD,0.2810
166,2010-12-29,BTC / USD,0.2998
167,2010-12-30,BTC / USD,0.3000
168,2010-12-31,BTC / USD,0.3000
169,2011-01-01,BTC / USD,0.3000
170,2011-01-02,BTC / USD,0.3000
171,2011-01-03,BTC / USD,0.2950
172,2011-01-04,BTC / USD,0.2990
173,2011-01-05,BTC / USD,0.2989
174,2011-01-06,BTC / USD,0.2980
175,2011-01-07,BTC / USD,0.3200
176,2011-01-08,BTC / USD,0.3229
177,2011-01-09,BTC / USD,0.3230
178,2011-01-10,BTC / USD,0.3266
179,2011-01-11,BTC / USD,0.3266
180,2011-01-12,BTC / USD,0.3188
181,2011-01-13,BTC / USD,0.3176
182,2011-01-14,BTC / USD,0.4000
183,2011-01-15,BTC / USD,0.3860
184,2011-01-16,BTC / USD,0.3868
185,2011-01-17,BTC / USD,0.3495
186,2011-01-18,BTC / USD,0.3130
187,2011-01-19,BTC / USD,0.3130
188,2011-01-20,BTC / USD,0.3900
189,2011-01-21,BTC / USD,0.4199
190,2011-01-22,BTC / USD,0.4440
191,2011-01-23,BTC / USD,0.4424
192,2011-01-24,BTC / USD,0.4199
193,2011-01-25,BTC / USD,0.4100
194,2011-01-26,BTC / USD,0.4137
195,2011-01-27,BTC / USD,0.4212
196,2011-01-28,BTC / USD,0.4460
197,2011-01-29,BTC / USD,0.4390
198,2011-01-30,BTC / USD,0.4798
199,2011-01-31,BTC / USD,0.5501
200,2011-02-01,BTC / USD,0.7077
201,2011-02-02,BTC / USD,0.7160
202,2011-02-03,BTC / USD,0.6964
203,2011-02-04,BTC / USD,0.8110
204,2011-02-05,BTC / USD,0.9074
205,2011-02-06,BTC / USD,0.8968
206,2011-02-07,BTC / USD,0.8900
207,2011-02-08,BTC / USD,0.9180
208,2011-02-09,BTC / USD,1.0845
209,2011-02-10,BTC / USD,0.9752
210,2011-02-11,BTC / USD,1.0700
211,2011-02-12,BTC / USD,1.0799
212,2011-02-13,BTC / USD,1.0500
213,2011-02-14,BTC / USD,1.0753
214,2011-02-15,BTC / USD,1.0500
215,2011-02-16,BTC / USD,1.0286
216,2011-02-17,BTC / USD,1.0400
217,2011-02-18,BTC / USD,0.8989
218,2011-02-19,BTC / USD,0.9490
219,2011-02-20,BTC / USD,0.8500
220,2011-02-21,BTC / USD,0.8345
221,2011-02-22,BTC / USD,0.8702
222,2011-02-23,BTC / USD,0.9000
223,2011-02-24,BTC / USD,0.9937
224,2011-02-25,BTC / USD,0.9111
225,2011-02-26,BTC / USD,0.9580
226,2011-02-27,BTC / USD,0.8900
227,2011-02-28,BTC / USD,0.8701
228,2011-03-01,BTC / USD,0.9202
229,2011-03-02,BTC / USD,0.9399
230,2011-03-03,BTC / USD,0.9391
231,2011-03-04,BTC / USD,0.9012
232,2011-03-05,BTC / USD,0.9103
233,2011-03-06,BTC / USD,0.8866
234,2011-03-07,BTC / USD,0.8850
235,2011-03-08,BTC / USD,0.8700
236,2011-03-09,BTC / USD,0.8645
237,2011-03-10,BTC / USD,0.9329
238,2011-03-11,BTC / USD,0.8800
239,2011-03-12,BTC / USD,0.9180
240,2011-03-13,BTC / USD,0.8925
241,2011-03-14,BTC / USD,0.8949
242,2011-03-15,BTC / USD,0.8711
243,2011-03-16,BTC / USD,0.8600
244,2011-03-17,BTC / USD,0.8254
245,2011-03-18,BTC / USD,0.8165
246,2011-03-19,BTC / USD,0.7650
247,2011-03-20,BTC / USD,0.7411
248,2011-03-21,BTC / USD,0.7590
249,2011-03-22,BTC / USD,0.8090
250,2011-03-23,BTC / USD,0.8497
251,2011-03-24,BTC / USD,0.8669
252,2011-03-25,BTC / USD,0.8838
253,2011-03-26,BTC / USD,0.8552
254,2011-03-27,BTC / USD,0.8275
255,2011-03-28,BTC / USD,0.7990
256,2011-03-29,BTC / USD,0.7925
257,2011-03-30,BTC / USD,0.7897
258,2011-03-31,BTC / USD,0.7846
259,2011-04-01,BTC / USD,0.7741
260,2011-04-02,BTC / USD,0.7820
261,2011-04-03,BTC / USD,0.7790
262,2011-04-04,BTC / USD,0.6800
263,2011-04-05,BTC / USD,0.7100
264,2011-04-06,BTC / USD,0.7400
265,2011-04-07,BTC / USD,0.7538
266,2011-04-08,BTC / USD,0.7500
267,2011-04-09,BTC / USD,0.7466
268,2011-04-10,BTC / USD,0.7369
269,2011-04-11,BTC / USD,0.7700
270,2011-04-12,BTC / USD,0.8600
271,2011-04-13,BTC / USD,0.9312
272,2011-04-14,BTC / USD,0.9994
273,2011-04-15,BTC / USD,0.9869
274,2011-04-16,BTC / USD,1.0499
275,2011-04-17,BTC / USD,1.1306
276,2011-04-18,BTC / USD,1.1620
277,2011-04-19,BTC / USD,1.1965
278,2011-04-20,BTC / USD,1.1421
279,2011-04-21,BTC / USD,1.2080
280,2011-04-22,BTC / USD,1.4090
281,2011-04-23,BTC / USD,1.6653
282,2011-04-24,BTC / USD,1.6301
283,2011-04-25,BTC / USD,1.5762
284,2011-04-26,BTC / USD,1.7949
285,2011-04-27,BTC / USD,1.9000
286,2011-04-28,BTC / USD,2.2106
287,2011-04-29,BTC / USD,2.8800
288,2011-04-30,BTC / USD,3.5000
289,2011-05-01,BTC / USD,3.0331
290,2011-05-02,BTC / USD,3.2000
291,2011-05-03,BTC / USD,3.3975
292,2011-05-04,BTC / USD,3.4061
293,2011-05-05,BTC / USD,3.3330
294,2011-05-06,BTC / USD,3.4520
295,2011-05-07,BTC / USD,3.6410
296,2011-05-08,BTC / USD,3.8658
297,2011-05-09,BTC / USD,3.8000
298,2011-05-10,BTC / USD,5.8050
299,2011-05-11,BTC / USD,5.5000
300,2011-05-12,BTC / USD,6.3635
301,2011-05-13,BTC / USD,8.1940
302,2011-05-14,BTC / USD,7.0266
303,2011-05-15,BTC / USD,6.9885
304,2011-05-16,BTC / USD,8.0000
305,2011-05-17,BTC / USD,7.2100
306,2011-05-18,BTC / USD,6.8850
307,2011-05-19,BTC / USD,6.8896
308,2011-05-20,BTC / USD,5.5904
309,2011-05-21,BTC / USD,6.1327
310,2011-05-22,BTC / USD,6.7363
311,2011-05-23,BTC / USD,7.1064
312,2011-05-24,BTC / USD,7.4200
313,2011-05-25,BTC / USD,8.4094
314,2011-05-26,BTC / USD,8.7736
315,2011-05-27,BTC / USD,8.5002
316,2011-05-28,BTC / USD,8.3001
317,2011-05-29,BTC / USD,8.4299
318,2011-05-30,BTC / USD,8.8000
319,2011-05-31,BTC / USD,8.7155
320,2011-06-01,BTC / USD,9.6075
321,2011-06-02,BTC / USD,10.6430
322,2011-06-03,BTC / USD,14.3178
323,2011-06-04,BTC / USD,18.6476
324,2011-06-05,BTC / USD,16.6750
325,2011-06-06,BTC / USD,18.3714
326,2011-06-07,BTC / USD,23.3970
327,2011-06-08,BTC / USD,29.6409
328,2011-06-09,BTC / USD,28.9407
329,2011-06-10,BTC / USD,23.8617
330,2011-06-11,BTC / USD,14.6512
331,2011-06-12,BTC / USD,18.7196
332,2011-06-13,BTC / USD,19.4093
333,2011-06-14,BTC / USD,19.3206
334,2011-06-15,BTC / USD,19.4900
335,2011-06-16,BTC / USD,17.3638
336,2011-06-17,BTC / USD,15.8341
337,2011-06-18,BTC / USD,16.8767
338,2011-06-19,BTC / USD,17.4055
339,2011-06-20,BTC / USD,17.4796
340,2011-06-21,BTC / USD,17.8505
341,2011-06-22,BTC / USD,17.9063
342,2011-06-23,BTC / USD,18.1684
343,2011-06-24,BTC / USD,18.5854
344,2011-06-25,BTC / USD,17.9433
345,2011-06-26,BTC / USD,16.3664
346,2011-06-27,BTC / USD,16.7501
347,2011-06-28,BTC / USD,16.9430
348,2011-06-29,BTC / USD,16.8998
349,2011-06-30,BTC / USD,16.1536
350,2011-07-01,BTC / USD,15.3633
351,2011-07-02,BTC / USD,15.4000
352,2011-07-03,BTC / USD,15.4404
353,2011-07-04,BTC / USD,13.8201
354,2011-07-05,BTC / USD,12.8868
355,2011-07-06,BTC / USD,14.7671
356,2011-07-07,BTC / USD,14.7701
357,2011-07-08,BTC / USD,14.3138
358,2011-07-09,BTC / USD,14.3775
359,2011-07-10,BTC / USD,14.7474
360,2011-07-11,BTC / USD,14.2110
361,2011-07-12,BTC / USD,14.0165
362,2011-07-13,BTC / USD,13.9543
363,2011-07-14,BTC / USD,13.9978
364,2011-07-15,BTC / USD,13.8100
365,2011-07-16,BTC / USD,13.7190
366,2011-07-17,BTC / USD,13.1679
367,2011-07-18,BTC / USD,13.4231
368,2011-07-19,BTC / USD,13.8420
369,2011-07-20,BTC / USD,13.6931
370,2011-07-21,BTC / USD,13.6121
371,2011-07-22,BTC / USD,13.6954
372,2011-07-23,BTC / USD,13.6800
373,2011-07-24,BTC / USD,13.9800
374,2011-07-25,BTC / USD,14.0026
375,2011-07-26,BTC / USD,13.8812
376,2011-07-27,BTC / USD,13.9076
377,2011-07-28,BTC / USD,13.4819
378,2011-07-29,BTC / USD,13.5144
379,2011-07-30,BTC / USD,13.5328
380,2011-07-31,BTC / USD,13.3799
381,2011-08-01,BTC / USD,13.0956
382,2011-08-02,BTC / USD,12.0600
383,2011-08-03,BTC / USD,9.2600
384,2011-08-04,BTC / USD,10.7437
385,2011-08-05,BTC / USD,9.7727
386,2011-08-06,BTC / USD,6.5113
387,2011-08-07,BTC / USD,8.1663
388,2011-08-08,BTC / USD,7.8299
389,2011-08-09,BTC / USD,9.7489
390,2011-08-10,BTC / USD,10.0147
391,2011-08-11,BTC / USD,9.4562
392,2011-08-12,BTC / USD,9.4603
393,2011-08-13,BTC / USD,10.1233
394,2011-08-14,BTC / USD,10.7443
395,2011-08-15,BTC / USD,11.1381
396,2011-08-16,BTC / USD,10.9590
397,2011-08-17,BTC / USD,10.9931
398,2011-08-18,BTC / USD,10.8470
399,2011-08-19,BTC / USD,11.6500
400,2011-08-20,BTC / USD,11.4510
401,2011-08-21,BTC / USD,11.3232
402,2011-08-22,BTC / USD,10.9408
403,2011-08-23,BTC / USD,10.9274
404,2011-08-24,BTC / USD,10.8506
405,2011-08-25,BTC / USD,9.6841
406,2011-08-26,BTC / USD,8.1792
407,2011-08-27,BTC / USD,8.5902
408,2011-08-28,BTC / USD,9.0785
409,2011-08-29,BTC / USD,8.9681
410,2011-08-30,BTC / USD,8.7955
411,2011-08-31,BTC / USD,8.2235
412,2011-09-01,BTC / USD,8.2289
413,2011-09-02,BTC / USD,8.6228
414,2011-09-03,BTC / USD,8.4790
415,2011-09-04,BTC / USD,8.1787
416,2011-09-05,BTC / USD,7.6292
417,2011-09-06,BTC / USD,6.8647
418,2011-09-07,BTC / USD,7.1861
419,2011-09-08,BTC / USD,6.5331
420,2011-09-09,BTC / USD,5.0556
421,2011-09-10,BTC / USD,4.7643
422,2011-09-11,BTC / USD,5.9142
423,2011-09-12,BTC / USD,6.0614
424,2011-09-13,BTC / USD,5.8000
425,2011-09-14,BTC / USD,5.6195
426,2011-09-15,BTC / USD,4.8059
427,2011-09-16,BTC / USD,4.8110
428,2011-09-17,BTC / USD,4.7647
429,2011-09-18,BTC / USD,5.2382
430,2011-09-19,BTC / USD,5.4628
431,2011-09-20,BTC / USD,6.1148
432,2011-09-21,BTC / USD,5.6609
433,2011-09-22,BTC / USD,5.4736
434,2011-09-23,BTC / USD,5.5576
435,2011-09-24,BTC / USD,5.4715
436,2011-09-25,BTC / USD,5.3318
437,2011-09-26,BTC / USD,4.8692
438,2011-09-27,BTC / USD,4.7094
439,2011-09-28,BTC / USD,4.7093
440,2011-09-29,BTC / USD,4.7846
441,2011-09-30,BTC / USD,5.1491
442,2011-10-01,BTC / USD,5.0181
443,2011-10-02,BTC / USD,5.0270
444,2011-10-03,BTC / USD,5.0240
445,2011-10-04,BTC / USD,4.9600
446,2011-10-05,BTC / USD,4.8799
447,2011-10-06,BTC / USD,4.7344
448,2011-10-07,BTC / USD,4.2728
449,2011-10-08,BTC / USD,4.0059
450,2011-10-09,BTC / USD,4.1029
451,2011-10-10,BTC / USD,4.0869
452,2011-10-11,BTC / USD,3.9592
453,2011-10-12,BTC / USD,4.1500
454,2011-10-13,BTC / USD,4.0462
455,2011-10-14,BTC / USD,3.9879
456,2011-10-15,BTC / USD,3.8480
457,2011-10-16,BTC / USD,3.5724
458,2011-10-17,BTC / USD,2.5545
459,2011-10-18,BTC / USD,2.4093
460,2011-10-19,BTC / USD,2.2623
461,2011-10-20,BTC / USD,2.3480
462,2011-10-21,BTC / USD,2.5625
463,2011-10-22,BTC / USD,3.1387
464,2011-10-23,BTC / USD,3.1647
465,2011-10-24,BTC / USD,2.5385
466,2011-10-25,BTC / USD,2.7736
467,2011-10-26,BTC / USD,2.7730
468,2011-10-27,BTC / USD,3.0401
469,2011-10-28,BTC / USD,3.1852
470,2011-10-29,BTC / USD,3.5683
471,2011-10-30,BTC / USD,3.2625
472,2011-10-31,BTC / USD,3.2437
473,2011-11-01,BTC / USD,3.1638
474,2011-11-02,BTC / USD,3.2537
475,2011-11-03,BTC / USD,3.1555
476,2011-11-04,BTC / USD,3.0554
477,2011-11-05,BTC / USD,2.9725
478,2011-11-06,BTC / USD,2.9598
479,2011-11-07,BTC / USD,3.0061
480,2011-11-08,BTC / USD,3.0457
481,2011-11-09,BTC / USD,2.9482
482,2011-11-10,BTC / USD,2.8477
483,2011-11-11,BTC / USD,3.0735
484,2011-11-12,BTC / USD,3.0310
485,2011-11-13,BTC / USD,2.9960
486,2011-11-14,BTC / USD,2.1422
487,2011-11-15,BTC / USD,2.3245
488,2011-11-16,BTC / USD,2.5679
489,2011-11-17,BTC / USD,2.2500
490,2011-11-18,BTC / USD,2.0510
491,2011-11-19,BTC / USD,2.1994
492,2011-11-20,BTC / USD,2.1999
493,2011-11-21,BTC / USD,2.2894
494,2011-11-22,BTC / USD,2.3270
495,2011-11-23,BTC / USD,2.3321
496,2011-11-24,BTC / USD,2.4276
497,2011-11-25,BTC / USD,2.4933
498,2011-11-26,BTC / USD,2.4700
499,2011-11-27,BTC / USD,2.4770
500,2011-11-28,BTC / USD,2.5473
501,2011-11-29,BTC / USD,2.7502
502,2011-11-30,BTC / USD,2.9443
503,2011-12-01,BTC / USD,3.0684
504,2011-12-02,BTC / USD,3.1109
505,2011-12-03,BTC / USD,2.7837
506,2011-12-04,BTC / USD,2.8281
507,2011-12-05,BTC / USD,2.8511
508,2011-12-06,BTC / USD,3.0335
509,2011-12-07,BTC / USD,2.9737
510,2011-12-08,BTC / USD,2.9887
511,2011-12-09,BTC / USD,2.9623
512,2011-12-10,BTC / USD,3.0544
513,2011-12-11,BTC / USD,3.2509
514,2011-12-12,BTC / USD,3.1459
515,2011-12-13,BTC / USD,3.2499
516,2011-12-14,BTC / USD,3.1477
517,2011-12-15,BTC / USD,3.2020
518,2011-12-16,BTC / USD,3.2066
519,2011-12-17,BTC / USD,3.2000
520,2011-12-18,BTC / USD,3.1925
521,2011-12-19,BTC / USD,3.5239
522,2011-12-20,BTC / USD,3.9811
523,2011-12-21,BTC / USD,3.8821
524,2011-12-22,BTC / USD,3.9082
525,2011-12-23,BTC / USD,3.9468
526,2011-12-24,BTC / USD,3.9400
527,2011-12-25,BTC / USD,4.2250
528,2011-12-26,BTC / USD,4.0116
529,2011-12-27,BTC / USD,4.1077
530,2011-12-28,BTC / USD,4.1839
531,2011-12-29,BTC / USD,4.1666
532,2011-12-30,BTC / USD,4.2478
533,2011-12-31,BTC / USD,4.7216
534,2012-01-01,BTC / USD,5.2784
535,2012-01-02,BTC / USD,5.2168
536,2012-01-03,BTC / USD,4.8834
537,2012-01-04,BTC / USD,5.5875
538,2012-01-05,BTC / USD,6.9829
539,2012-01-06,BTC / USD,6.6969
540,2012-01-07,BTC / USD,6.8117
541,2012-01-08,BTC / USD,7.1301
542,2012-01-09,BTC / USD,6.3163
543,2012-01-10,BTC / USD,6.4497
544,2012-01-11,BTC / USD,6.9000
545,2012-01-12,BTC / USD,6.7978
546,2012-01-13,BTC / USD,6.4135
547,2012-01-14,BTC / USD,6.7500
548,2012-01-15,BTC / USD,7.0276
549,2012-01-16,BTC / USD,6.6485
550,2012-01-17,BTC / USD,5.5673
551,2012-01-18,BTC / USD,5.9171
552,2012-01-19,BTC / USD,6.3543
553,2012-01-20,BTC / USD,6.3729
554,2012-01-21,BTC / USD,6.1659
555,2012-01-22,BTC / USD,6.3066
556,2012-01-23,BTC / USD,6.3431
557,2012-01-24,BTC / USD,6.2676
558,2012-01-25,BTC / USD,5.7952
559,2012-01-26,BTC / USD,5.3350
560,2012-01-27,BTC / USD,5.2883
561,2012-01-28,BTC / USD,5.6305
562,2012-01-29,BTC / USD,5.3878
563,2012-01-30,BTC / USD,5.4905
564,2012-01-31,BTC / USD,5.4956
565,2012-02-01,BTC / USD,6.0744
566,2012-02-02,BTC / USD,6.1001
567,2012-02-03,BTC / USD,5.9546
568,2012-02-04,BTC / USD,5.8728
569,2012-02-05,BTC / USD,5.6844
570,2012-02-06,BTC / USD,5.4898
571,2012-02-07,BTC / USD,5.6330
572,2012-02-08,BTC / USD,5.6000
573,2012-02-09,BTC / USD,5.8396
574,2012-02-10,BTC / USD,5.9169
575,2012-02-11,BTC / USD,5.6005
576,2012-02-12,BTC / USD,5.5147
577,2012-02-13,BTC / USD,5.2852
578,2012-02-14,BTC / USD,4.4334
579,2012-02-15,BTC / USD,4.2717
580,2012-02-16,BTC / USD,4.2694
581,2012-02-17,BTC / USD,4.3962
582,2012-02-18,BTC / USD,4.2373
583,2012-02-19,BTC / USD,4.3784
584,2012-02-20,BTC / USD,4.3730
585,2012-02-21,BTC / USD,4.3025
586,2012-02-22,BTC / USD,4.4466
587,2012-02-23,BTC / USD,5.0195
588,2012-02-24,BTC / USD,5.0292
589,2012-02-25,BTC / USD,4.7802
590,2012-02-26,BTC / USD,4.9260
591,2012-02-27,BTC / USD,4.9600
592,2012-02-28,BTC / USD,4.8628
593,2012-02-29,BTC / USD,4.8600
594,2012-03-01,BTC / USD,4.9213
595,2012-03-02,BTC / USD,4.7167
596,2012-03-03,BTC / USD,4.6180
597,2012-03-04,BTC / USD,4.8256
598,2012-03-05,BTC / USD,4.9781
599,2012-03-06,BTC / USD,4.9942
600,2012-03-07,BTC / USD,4.9224
601,2012-03-08,BTC / USD,4.9302
602,2012-03-09,BTC / USD,4.8621
603,2012-03-10,BTC / USD,4.4600
604,2012-03-11,BTC / USD,4.8823
605,2012-03-12,BTC / USD,4.9034
606,2012-03-13,BTC / USD,5.2750
607,2012-03-14,BTC / USD,5.3867
608,2012-03-15,BTC / USD,5.1978
609,2012-03-16,BTC / USD,5.3437
610,2012-03-17,BTC / USD,5.1806
611,2012-03-18,BTC / USD,5.2797
612,2012-03-19,BTC / USD,4.6945
613,2012-03-20,BTC / USD,4.8375
614,2012-03-21,BTC / USD,4.8040
615,2012-03-22,BTC / USD,4.7301
616,2012-03-23,BTC / USD,4.6752
617,2012-03-24,BTC / USD,4.6670
618,2012-03-25,BTC / USD,4.5500
619,2012-03-26,BTC / USD,4.6213
620,2012-03-27,BTC / USD,4.8103
621,2012-03-28,BTC / USD,4.8102
622,2012-03-29,BTC / USD,4.7565
623,2012-03-30,BTC / USD,4.8591
624,2012-03-31,BTC / USD,4.8944
625,2012-04-01,BTC / USD,4.8207
626,2012-04-02,BTC / USD,4.9808
627,2012-04-03,BTC / USD,4.9520
628,2012-04-04,BTC / USD,4.9201
629,2012-04-05,BTC / USD,4.9190
630,2012-04-06,BTC / USD,4.9334
631,2012-04-07,BTC / USD,4.6817
632,2012-04-08,BTC / USD,4.7945
633,2012-04-09,BTC / USD,4.8507
634,2012-04-10,BTC / USD,4.8336
635,2012-04-11,BTC / USD,4.9281
636,2012-04-12,BTC / USD,4.9006
637,2012-04-13,BTC / USD,4.9365
638,2012-04-14,BTC / USD,4.9638
639,2012-04-15,BTC / USD,4.9689
640,2012-04-16,BTC / USD,4.9457
641,2012-04-17,BTC / USD,4.9740
642,2012-04-18,BTC / USD,5.1133
643,2012-04-19,BTC / USD,5.1060
644,2012-04-20,BTC / USD,5.3676
645,2012-04-21,BTC / USD,5.2348
646,2012-04-22,BTC / USD,5.2035
647,2012-04-23,BTC / USD,4.9993
648,2012-04-24,BTC / USD,5.0982
649,2012-04-25,BTC / USD,5.1318
650,2012-04-26,BTC / USD,5.0977
651,2012-04-27,BTC / USD,5.1045
652,2012-04-28,BTC / USD,4.9793
653,2012-04-29,BTC / USD,4.8874
654,2012-04-30,BTC / USD,4.9367
655,2012-05-01,BTC / USD,4.9975
656,2012-05-02,BTC / USD,5.0314
657,2012-05-03,BTC / USD,5.1008
658,2012-05-04,BTC / USD,5.0675
659,2012-05-05,BTC / USD,5.0766
660,2012-05-06,BTC / USD,5.0499
661,2012-05-07,BTC / USD,5.0738
662,2012-05-08,BTC / USD,5.0449
663,2012-05-09,BTC / USD,4.9818
664,2012-05-10,BTC / USD,4.8640
665,2012-05-11,BTC / USD,4.9538
666,2012-05-12,BTC / USD,4.9462
667,2012-05-13,BTC / USD,4.9300
668,2012-05-14,BTC / USD,5.0079
669,2012-05-15,BTC / USD,5.0350
670,2012-05-16,BTC / USD,5.0525
671,2012-05-17,BTC / USD,5.0885
672,2012-05-18,BTC / USD,5.1180
673,2012-05-19,BTC / USD,5.1096
674,2012-05-20,BTC / USD,5.0900
675,2012-05-21,BTC / USD,5.0898
676,2012-05-22,BTC / USD,5.0830
677,2012-05-23,BTC / USD,5.1324
678,2012-05-24,BTC / USD,5.1190
679,2012-05-25,BTC / USD,5.1355
680,2012-05-26,BTC / USD,5.1032
681,2012-05-27,BTC / USD,5.1045
682,2012-05-28,BTC / USD,5.1358
683,2012-05-29,BTC / USD,5.1500
684,2012-05-30,BTC / USD,5.1350
685,2012-05-31,BTC / USD,5.1919
686,2012-06-01,BTC / USD,5.2570
687,2012-06-02,BTC / USD,5.2490
688,2012-06-03,BTC / USD,5.2073
689,2012-06-04,BTC / USD,5.2595
690,2012-06-05,BTC / USD,5.4059
691,2012-06-06,BTC / USD,5.4618
692,2012-06-07,BTC / USD,5.5916
693,2012-06-08,BTC / USD,5.6317
694,2012-06-09,BTC / USD,5.5600
695,2012-06-10,BTC / USD,5.4652
696,2012-06-11,BTC / USD,5.5816
697,2012-06-12,BTC / USD,5.7100
698,2012-06-13,BTC / USD,5.9203
699,2012-06-14,BTC / USD,5.9648
700,2012-06-15,BTC / USD,6.5324
701,2012-06-16,BTC / USD,6.4358
702,2012-06-17,BTC / USD,6.1781
703,2012-06-18,BTC / USD,6.2949
704,2012-06-19,BTC / USD,6.4988
705,2012-06-20,BTC / USD,6.6717
706,2012-06-21,BTC / USD,6.6615
707,2012-06-22,BTC / USD,6.5254
708,2012-06-23,BTC / USD,6.4394
709,2012-06-24,BTC / USD,6.3500
710,2012-06-25,BTC / USD,6.3084
711,2012-06-26,BTC / USD,6.4195
712,2012-06-27,BTC / USD,6.6223
713,2012-06-28,BTC / USD,6.6059
714,2012-06-29,BTC / USD,6.6512
715,2012-06-30,BTC / USD,6.6900
716,2012-07-01,BTC / USD,6.6290
717,2012-07-02,BTC / USD,6.7601
718,2012-07-03,BTC / USD,6.4500
719,2012-07-04,BTC / USD,6.5101
720,2012-07-05,BTC / USD,6.6589
721,2012-07-06,BTC / USD,6.6287
722,2012-07-07,BTC / USD,6.7784
723,2012-07-08,BTC / USD,6.7990
724,2012-07-09,BTC / USD,6.9466
725,2012-07-10,BTC / USD,7.1999
726,2012-07-11,BTC / USD,7.1673
727,2012-07-12,BTC / USD,7.6887
728,2012-07-13,BTC / USD,7.6463
729,2012-07-14,BTC / USD,7.5447
730,2012-07-15,BTC / USD,7.6210
731,2012-07-16,BTC / USD,8.4782
732,2012-07-17,BTC / USD,8.7470
733,2012-07-18,BTC / USD,9.0880
734,2012-07-19,BTC / USD,8.8584
735,2012-07-20,BTC / USD,8.5385
736,2012-07-21,BTC / USD,8.8455
737,2012-07-22,BTC / USD,8.4330
738,2012-07-23,BTC / USD,8.4444
739,2012-07-24,BTC / USD,8.5622
740,2012-07-25,BTC / USD,8.8012
741,2012-07-26,BTC / USD,8.8903
742,2012-07-27,BTC / USD,8.9000
743,2012-07-28,BTC / USD,8.8533
744,2012-07-29,BTC / USD,8.7096
745,2012-07-30,BTC / USD,9.0852
746,2012-07-31,BTC / USD,9.3212
747,2012-08-01,BTC / USD,9.5043
748,2012-08-02,BTC / USD,10.5736
749,2012-08-03,BTC / USD,10.8454
750,2012-08-04,BTC / USD,10.9050
751,2012-08-05,BTC / USD,10.8447
752,2012-08-06,BTC / USD,10.8414
753,2012-08-07,BTC / USD,10.9513
754,2012-08-08,BTC / USD,11.0615
755,2012-08-09,BTC / USD,11.1272
756,2012-08-10,BTC / USD,11.3628
757,2012-08-11,BTC / USD,11.5138
758,2012-08-12,BTC / USD,11.6234
759,2012-08-13,BTC / USD,12.0219
760,2012-08-14,BTC / USD,12.1860
761,2012-08-15,BTC / USD,13.2461
762,2012-08-16,BTC / USD,13.4763
763,2012-08-17,BTC / USD,11.6799
764,2012-08-18,BTC / USD,11.4039
765,2012-08-19,BTC / USD,7.9203
766,2012-08-20,BTC / USD,10.0732
767,2012-08-21,BTC / USD,9.9068
768,2012-08-22,BTC / USD,9.7634
769,2012-08-23,BTC / USD,10.1000
770,2012-08-24,BTC / USD,10.6138
771,2012-08-25,BTC / USD,10.5558
772,2012-08-26,BTC / USD,10.5560
773,2012-08-27,BTC / USD,10.9287
774,2012-08-28,BTC / USD,10.8680
775,2012-08-29,BTC / USD,10.8663
776,2012-08-30,BTC / USD,10.7723
777,2012-08-31,BTC / USD,10.1218
778,2012-09-01,BTC / USD,9.9770
779,2012-09-02,BTC / USD,10.2065
780,2012-09-03,BTC / USD,10.5287
781,2012-09-04,BTC / USD,10.3661
782,2012-09-05,BTC / USD,10.9765
783,2012-09-06,BTC / USD,11.1850
784,2012-09-07,BTC / USD,11.0033
785,2012-09-08,BTC / USD,11.0390
786,2012-09-09,BTC / USD,11.0733
787,2012-09-10,BTC / USD,11.1270
788,2012-09-11,BTC / USD,11.2258
789,2012-09-12,BTC / USD,11.3389
790,2012-09-13,BTC / USD,11.3730
791,2012-09-14,BTC / USD,11.7316
792,2012-09-15,BTC / USD,11.6826
793,2012-09-16,BTC / USD,11.8631
794,2012-09-17,BTC / USD,11.8971
795,2012-09-18,BTC / USD,12.2947
796,2012-09-19,BTC / USD,12.5220
797,2012-09-20,BTC / USD,12.3371
798,2012-09-21,BTC / USD,12.3445
799,2012-09-22,BTC / USD,12.2159
800,2012-09-23,BTC / USD,12.0983
801,2012-09-24,BTC / USD,12.0920
802,2012-09-25,BTC / USD,12.1344
803,2012-09-26,BTC / USD,12.3329
804,2012-09-27,BTC / USD,12.3176
805,2012-09-28,BTC / USD,12.2800
806,2012-09-29,BTC / USD,12.3631
807,2012-09-30,BTC / USD,12.3748
808,2012-10-01,BTC / USD,12.0478
809,2012-10-02,BTC / USD,12.6938
810,2012-10-03,BTC / USD,12.9395
811,2012-10-04,BTC / USD,12.7667
812,2012-10-05,BTC / USD,12.7000
813,2012-10-06,BTC / USD,12.5050
814,2012-10-07,BTC / USD,11.8155
815,2012-10-08,BTC / USD,11.7543
816,2012-10-09,BTC / USD,11.8839
817,2012-10-10,BTC / USD,12.0942
818,2012-10-11,BTC / USD,12.0300
819,2012-10-12,BTC / USD,11.9239
820,2012-10-13,BTC / USD,11.8655
821,2012-10-14,BTC / USD,11.7287
822,2012-10-15,BTC / USD,11.8015
823,2012-10-16,BTC / USD,11.8149
824,2012-10-17,BTC / USD,11.9238
825,2012-10-18,BTC / USD,11.9168
826,2012-10-19,BTC / USD,11.7655
827,2012-10-20,BTC / USD,11.7044
828,2012-10-21,BTC / USD,11.6605
829,2012-10-22,BTC / USD,11.7323
830,2012-10-23,BTC / USD,11.7110
831,2012-10-24,BTC / USD,11.6500
832,2012-10-25,BTC / USD,10.7544
833,2012-10-26,BTC / USD,10.1775
834,2012-10-27,BTC / USD,10.3218
835,2012-10-28,BTC / USD,10.6810
836,2012-10-29,BTC / USD,10.5933
837,2012-10-30,BTC / USD,10.8462
838,2012-10-31,BTC / USD,11.0388
839,2012-11-01,BTC / USD,10.5889
840,2012-11-02,BTC / USD,10.4157
841,2012-11-03,BTC / USD,10.6425
842,2012-11-04,BTC / USD,10.8233
843,2012-11-05,BTC / USD,10.7052
844,2012-11-06,BTC / USD,10.8318
845,2012-11-07,BTC / USD,10.8755
846,2012-11-08,BTC / USD,10.8558
847,2012-11-09,BTC / USD,10.8153
848,2012-11-10,BTC / USD,10.8751
849,2012-11-11,BTC / USD,10.5339
850,2012-11-12,BTC / USD,10.9172
851,2012-11-13,BTC / USD,10.8817
852,2012-11-14,BTC / USD,10.9493
853,2012-11-15,BTC / USD,11.1208
854,2012-11-16,BTC / USD,11.7446
855,2012-11-17,BTC / USD,11.7888
856,2012-11-18,BTC / USD,11.6067
857,2012-11-19,BTC / USD,11.7606
858,2012-11-20,BTC / USD,11.6651
859,2012-11-21,BTC / USD,11.6980
860,2012-11-22,BTC / USD,12.3254
861,2012-11-23,BTC / USD,12.3362
862,2012-11-24,BTC / USD,12.3708
863,2012-11-25,BTC / USD,12.5054
864,2012-11-26,BTC / USD,12.2216
865,2012-11-27,BTC / USD,12.1873
866,2012-11-28,BTC / USD,12.2960
867,2012-11-29,BTC / USD,12.4500
868,2012-11-30,BTC / USD,12.5550
869,2012-12-01,BTC / USD,12.5789
870,2012-12-02,BTC / USD,12.4360
871,2012-12-03,BTC / USD,12.6543
872,2012-12-04,BTC / USD,13.4100
873,2012-12-05,BTC / USD,13.2013
874,2012-12-06,BTC / USD,13.3576
875,2012-12-07,BTC / USD,13.4559
876,2012-12-08,BTC / USD,13.5415
877,2012-12-09,BTC / USD,13.3482
878,2012-12-10,BTC / USD,13.4611
879,2012-12-11,BTC / USD,13.6053
880,2012-12-12,BTC / USD,13.6469
881,2012-12-13,BTC / USD,13.7285
882,2012-12-14,BTC / USD,13.6045
883,2012-12-15,BTC / USD,13.5105
884,2012-12-16,BTC / USD,13.3955
885,2012-12-17,BTC / USD,13.2334
886,2012-12-18,BTC / USD,13.2504
887,2012-12-19,BTC / USD,13.5303
888,2012-12-20,BTC / USD,13.5552
889,2012-12-21,BTC / USD,13.3240
890,2012-12-22,BTC / USD,13.4025
891,2012-12-23,BTC / USD,13.3359
892,2012-12-24,BTC / USD,13.1285
893,2012-12-25,BTC / USD,13.3728
894,2012-12-26,BTC / USD,13.4569
895,2012-12-27,BTC / USD,13.3429
896,2012-12-28,BTC / USD,13.4203
897,2012-12-29,BTC / USD,13.3440
898,2012-12-30,BTC / USD,13.4571
899,2012-12-31,BTC / USD,13.5120
900,2013-01-01,BTC / USD,13.2200
901,2013-01-02,BTC / USD,13.0340
902,2013-01-03,BTC / USD,13.1900
903,2013-01-04,BTC / USD,13.1740
904,2013-01-05,BTC / USD,13.1500
905,2013-01-06,BTC / USD,13.1500
906,2013-01-07,BTC / USD,13.2000
907,2013-01-08,BTC / USD,13.5000
908,2013-01-09,BTC / USD,13.5800
909,2013-01-10,BTC / USD,14.0000
910,2013-01-11,BTC / USD,14.0000
911,2013-01-12,BTC / USD,13.8900
912,2013-01-13,BTC / USD,13.6400
913,2013-01-14,BTC / USD,14.0460
914,2013-01-15,BTC / USD,14.2140
915,2013-01-16,BTC / USD,14.5300
916,2013-01-17,BTC / USD,15.3400
917,2013-01-18,BTC / USD,15.5660
918,2013-01-19,BTC / USD,15.3800
919,2013-01-20,BTC / USD,15.5000
920,2013-01-21,BTC / USD,16.5880
921,2013-01-22,BTC / USD,17.3500
922,2013-01-23,BTC / USD,17.5000
923,2013-01-24,BTC / USD,17.2900
924,2013-01-25,BTC / USD,17.4900
925,2013-01-26,BTC / USD,17.4114
926,2013-01-27,BTC / USD,17.6000
927,2013-01-28,BTC / USD,18.6700
928,2013-01-29,BTC / USD,19.3500
929,2013-01-30,BTC / USD,19.4500
930,2013-01-31,BTC / USD,20.4600
931,2013-02-01,BTC / USD,20.3631
932,2013-02-02,BTC / USD,19.8212
933,2013-02-03,BTC / USD,20.2960
934,2013-02-04,BTC / USD,20.3000
935,2013-02-05,BTC / USD,20.5120
936,2013-02-06,BTC / USD,20.9100
937,2013-02-07,BTC / USD,21.7100
938,2013-02-08,BTC / USD,22.4010
939,2013-02-09,BTC / USD,23.1336
940,2013-02-10,BTC / USD,23.6600
941,2013-02-11,BTC / USD,23.9400
942,2013-02-12,BTC / USD,25.4660
943,2013-02-13,BTC / USD,25.0900
944,2013-02-14,BTC / USD,27.4000
945,2013-02-15,BTC / USD,27.0000
946,2013-02-16,BTC / USD,27.5000
947,2013-02-17,BTC / USD,26.9800
948,2013-02-18,BTC / USD,26.9200
949,2013-02-19,BTC / USD,29.3900
950,2013-02-20,BTC / USD,30.0320
951,2013-02-21,BTC / USD,30.0000
952,2013-02-22,BTC / USD,30.4000
953,2013-02-23,BTC / USD,29.5400
954,2013-02-24,BTC / USD,29.7800
955,2013-02-25,BTC / USD,30.4300
956,2013-02-26,BTC / USD,31.1000
957,2013-02-27,BTC / USD,31.3938
958,2013-02-28,BTC / USD,33.4910
959,2013-03-01,BTC / USD,34.5520
960,2013-03-02,BTC / USD,34.1600
961,2013-03-03,BTC / USD,34.3300
962,2013-03-04,BTC / USD,36.5482
963,2013-03-05,BTC / USD,40.9500
964,2013-03-06,BTC / USD,42.4251
965,2013-03-07,BTC / USD,41.6804
966,2013-03-08,BTC / USD,43.7600
967,2013-03-09,BTC / USD,46.0000
968,2013-03-10,BTC / USD,45.2900
969,2013-03-11,BTC / USD,48.2500
970,2013-03-12,BTC / USD,44.8400
971,2013-03-13,BTC / USD,46.9900
972,2013-03-14,BTC / USD,46.9500
973,2013-03-15,BTC / USD,47.0560
974,2013-03-16,BTC / USD,46.7351
975,2013-03-17,BTC / USD,47.0882
976,2013-03-18,BTC / USD,50.4325
977,2013-03-19,BTC / USD,59.4100
978,2013-03-20,BTC / USD,64.4580
979,2013-03-21,BTC / USD,72.2300
980,2013-03-22,BTC / USD,69.9000
981,2013-03-23,BTC / USD,63.9000
982,2013-03-24,BTC / USD,70.3880
983,2013-03-25,BTC / USD,75.1100
984,2013-03-26,BTC / USD,79.8100
985,2013-03-27,BTC / USD,89.3000
986,2013-03-28,BTC / USD,88.9765
987,2013-03-29,BTC / USD,90.0000
988,2013-03-30,BTC / USD,92.2522
989,2013-03-31,BTC / USD,96.1491
990,2013-04-01,BTC / USD,104.7060
991,2013-04-02,BTC / USD,115.8032
992,2013-04-03,BTC / USD,132.5457
993,2013-04-04,BTC / USD,134.9403
994,2013-04-05,BTC / USD,141.7894
995,2013-04-06,BTC / USD,141.0000
996,2013-04-07,BTC / USD,164.9691
997,2013-04-08,BTC / USD,185.2172
998,2013-04-09,BTC / USD,229.4724
999,2013-04-10,BTC / USD,160.0826
"1,000",2013-04-11,BTC / USD,81.2033
"1,001",2013-04-12,BTC / USD,108.3114
"1,002",2013-04-13,BTC / USD,92.8059
"1,003",2013-04-14,BTC / USD,91.1100
"1,004",2013-04-15,BTC / USD,74.0000
"1,005",2013-04-16,BTC / USD,67.9798
"1,006",2013-04-17,BTC / USD,89.8880
"1,007",2013-04-18,BTC / USD,109.0546
"1,008",2013-04-19,BTC / USD,117.8690
"1,009",2013-04-20,BTC / USD,126.3632
"1,010",2013-04-21,BTC / USD,117.6125
"1,011",2013-04-22,BTC / USD,123.9440
"1,012",2013-04-23,BTC / USD,137.0340
"1,013",2013-04-24,BTC / USD,149.4000
"1,014",2013-04-25,BTC / USD,141.8920
"1,015",2013-04-26,BTC / USD,137.3200
"1,016",2013-04-27,BTC / USD,128.7500
"1,017",2013-04-28,BTC / USD,135.2889
"1,018",2013-04-29,BTC / USD,143.2956
"1,019",2013-04-30,BTC / USD,139.5840
"1,020",2013-05-01,BTC / USD,116.7500
"1,021",2013-05-02,BTC / USD,106.4352
"1,022",2013-05-03,BTC / USD,97.9591
"1,023",2013-05-04,BTC / USD,112.8307
"1,024",2013-05-05,BTC / USD,116.8296
"1,025",2013-05-06,BTC / USD,112.5799
"1,026",2013-05-07,BTC / USD,110.9396
"1,027",2013-05-08,BTC / USD,113.5062
"1,028",2013-05-09,BTC / USD,111.6440
"1,029",2013-05-10,BTC / USD,117.8827
"1,030",2013-05-11,BTC / USD,115.3910
"1,031",2013-05-12,BTC / USD,114.5000
"1,032",2013-05-13,BTC / USD,115.9283
"1,033",2013-05-14,BTC / USD,107.0620
"1,034",2013-05-15,BTC / USD,108.5926
"1,035",2013-05-16,BTC / USD,113.3203
"1,036",2013-05-17,BTC / USD,117.4572
"1,037",2013-05-18,BTC / USD,118.4838
"1,038",2013-05-19,BTC / USD,116.3800
"1,039",2013-05-20,BTC / USD,117.5990
"1,040",2013-05-21,BTC / USD,117.3480
"1,041",2013-05-22,BTC / USD,119.0755
"1,042",2013-05-23,BTC / USD,123.8353
"1,043",2013-05-24,BTC / USD,128.6639
"1,044",2013-05-25,BTC / USD,128.8806
"1,045",2013-05-26,BTC / USD,130.0021
"1,046",2013-05-27,BTC / USD,126.2477
"1,047",2013-05-28,BTC / USD,125.8737
"1,048",2013-05-29,BTC / USD,130.2515
"1,049",2013-05-30,BTC / USD,126.9620
"1,050",2013-05-31,BTC / USD,127.8814
"1,051",2013-06-01,BTC / USD,128.7375
"1,052",2013-06-02,BTC / USD,122.3462
"1,053",2013-06-03,BTC / USD,123.1525
"1,054",2013-06-04,BTC / USD,120.3217
"1,055",2013-06-05,BTC / USD,121.1904
"1,056",2013-06-06,BTC / USD,118.8115
"1,057",2013-06-07,BTC / USD,110.3100
"1,058",2013-06-08,BTC / USD,109.1206
"1,059",2013-06-09,BTC / USD,99.6531
"1,060",2013-06-10,BTC / USD,104.3146
"1,061",2013-06-11,BTC / USD,107.3620
"1,062",2013-06-12,BTC / USD,106.0122
"1,063",2013-06-13,BTC / USD,102.0759
"1,064",2013-06-14,BTC / USD,99.2239
"1,065",2013-06-15,BTC / USD,99.7011
"1,066",2013-06-16,BTC / USD,98.9964
"1,067",2013-06-17,BTC / USD,100.0000
"1,068",2013-06-18,BTC / USD,104.2125
"1,069",2013-06-19,BTC / USD,105.2385
"1,070",2013-06-20,BTC / USD,102.9959
"1,071",2013-06-21,BTC / USD,101.5786
"1,072",2013-06-22,BTC / USD,100.0000
"1,073",2013-06-23,BTC / USD,100.4100
"1,074",2013-06-24,BTC / USD,99.1983
"1,075",2013-06-25,BTC / USD,97.8349
"1,076",2013-06-26,BTC / USD,98.5186
"1,077",2013-06-27,BTC / USD,96.8398
"1,078",2013-06-28,BTC / USD,89.8270
"1,079",2013-06-29,BTC / USD,88.9800
"1,080",2013-06-30,BTC / USD,89.4830
"1,081",2013-07-01,BTC / USD,83.8664
"1,082",2013-07-02,BTC / USD,87.9203
"1,083",2013-07-03,BTC / USD,77.8700
"1,084",2013-07-04,BTC / USD,79.2388
"1,085",2013-07-05,BTC / USD,67.0842
"1,086",2013-07-06,BTC / USD,66.1934
"1,087",2013-07-07,BTC / USD,73.7176
"1,088",2013-07-08,BTC / USD,74.1487
"1,089",2013-07-09,BTC / USD,75.0002
"1,090",2013-07-10,BTC / USD,86.0266
"1,091",2013-07-11,BTC / USD,87.6347
"1,092",2013-07-12,BTC / USD,90.1720
"1,093",2013-07-13,BTC / USD,91.6386
"1,094",2013-07-14,BTC / USD,90.0420
"1,095",2013-07-15,BTC / USD,93.7719
"1,096",2013-07-16,BTC / USD,91.5859
"1,097",2013-07-17,BTC / USD,91.0723
"1,098",2013-07-18,BTC / USD,85.1628
"1,099",2013-07-19,BTC / USD,86.4898
"1,100",2013-07-20,BTC / USD,84.9361
"1,101",2013-07-21,BTC / USD,85.8535
"1,102",2013-07-22,BTC / USD,85.6014
"1,103",2013-07-23,BTC / USD,86.8868
"1,104",2013-07-24,BTC / USD,88.3315
"1,105",2013-07-25,BTC / USD,90.1203
"1,106",2013-07-26,BTC / USD,89.9868
"1,107",2013-07-27,BTC / USD,88.1600
"1,108",2013-07-28,BTC / USD,92.5140
"1,109",2013-07-29,BTC / USD,93.3900
"1,110",2013-07-30,BTC / USD,96.7758
"1,111",2013-07-31,BTC / USD,98.2320
"1,112",2013-08-01,BTC / USD,96.5786
"1,113",2013-08-02,BTC / USD,95.8301
"1,114",2013-08-03,BTC / USD,95.5500
"1,115",2013-08-04,BTC / USD,96.3800
"1,116",2013-08-05,BTC / USD,97.8010
"1,117",2013-08-06,BTC / USD,97.6880
"1,118",2013-08-07,BTC / USD,97.0629
"1,119",2013-08-08,BTC / USD,94.2686
"1,120",2013-08-09,BTC / USD,92.2924
"1,121",2013-08-10,BTC / USD,93.5100
"1,122",2013-08-11,BTC / USD,94.1440
"1,123",2013-08-12,BTC / USD,95.3870
"1,124",2013-08-13,BTC / USD,97.8293
"1,125",2013-08-14,BTC / USD,99.1807
"1,126",2013-08-15,BTC / USD,98.1073
"1,127",2013-08-16,BTC / USD,98.2500
"1,128",2013-08-17,BTC / USD,99.7649
"1,129",2013-08-18,BTC / USD,99.3000
"1,130",2013-08-19,BTC / USD,102.8500
"1,131",2013-08-20,BTC / USD,104.8035
"1,132",2013-08-21,BTC / USD,110.4300
"1,133",2013-08-22,BTC / USD,109.5431
"1,134",2013-08-23,BTC / USD,107.7023
"1,135",2013-08-24,BTC / USD,109.0501
"1,136",2013-08-25,BTC / USD,113.1731
"1,137",2013-08-26,BTC / USD,111.8260
"1,138",2013-08-27,BTC / USD,117.7098
"1,139",2013-08-28,BTC / USD,117.9420
"1,140",2013-08-29,BTC / USD,118.5466
"1,141",2013-08-30,BTC / USD,124.8550
"1,142",2013-08-31,BTC / USD,128.3689
"1,143",2013-09-01,BTC / USD,130.6680
"1,144",2013-09-02,BTC / USD,130.0707
"1,145",2013-09-03,BTC / USD,129.1794
"1,146",2013-09-04,BTC / USD,122.1800
"1,147",2013-09-05,BTC / USD,122.6199
"1,148",2013-09-06,BTC / USD,117.2156
"1,149",2013-09-07,BTC / USD,119.9220
"1,150",2013-09-08,BTC / USD,118.3400
"1,151",2013-09-09,BTC / USD,121.2439
"1,152",2013-09-10,BTC / USD,122.0661
"1,153",2013-09-11,BTC / USD,127.3036
"1,154",2013-09-12,BTC / USD,126.6574
"1,155",2013-09-13,BTC / USD,127.5789
"1,156",2013-09-14,BTC / USD,124.4900
"1,157",2013-09-15,BTC / USD,125.3418
"1,158",2013-09-16,BTC / USD,126.1446
"1,159",2013-09-17,BTC / USD,126.8981
"1,160",2013-09-18,BTC / USD,127.0503
"1,161",2013-09-19,BTC / USD,124.1560
"1,162",2013-09-20,BTC / USD,122.9818
"1,163",2013-09-21,BTC / USD,123.4040
"1,164",2013-09-22,BTC / USD,123.1553
"1,165",2013-09-23,BTC / USD,122.6467
"1,166",2013-09-24,BTC / USD,123.7720
"1,167",2013-09-25,BTC / USD,123.2954
"1,168",2013-09-26,BTC / USD,124.8405
"1,169",2013-09-27,BTC / USD,126.8588
"1,170",2013-09-28,BTC / USD,126.7603
"1,171",2013-09-29,BTC / USD,127.0100
"1,172",2013-09-30,BTC / USD,126.2500
"1,173",2013-10-01,BTC / USD,127.4954
"1,174",2013-10-02,BTC / USD,103.7198
"1,175",2013-10-03,BTC / USD,117.5716
"1,176",2013-10-04,BTC / USD,121.9400
"1,177",2013-10-05,BTC / USD,121.2500
"1,178",2013-10-06,BTC / USD,122.4900
"1,179",2013-10-07,BTC / USD,123.5830
"1,180",2013-10-08,BTC / USD,124.3538
"1,181",2013-10-09,BTC / USD,125.9000
"1,182",2013-10-10,BTC / USD,126.8000
"1,183",2013-10-11,BTC / USD,127.4028
"1,184",2013-10-12,BTC / USD,127.6640
"1,185",2013-10-13,BTC / USD,132.5468
"1,186",2013-10-14,BTC / USD,135.3629
"1,187",2013-10-15,BTC / USD,144.0370
"1,188",2013-10-16,BTC / USD,137.7260
"1,189",2013-10-17,BTC / USD,143.9251
"1,190",2013-10-18,BTC / USD,152.8900
"1,191",2013-10-19,BTC / USD,166.0000
"1,192",2013-10-20,BTC / USD,166.5774
"1,193",2013-10-21,BTC / USD,180.0421
"1,194",2013-10-22,BTC / USD,189.6719
"1,195",2013-10-23,BTC / USD,203.6765
"1,196",2013-10-24,BTC / USD,194.2057
"1,197",2013-10-25,BTC / USD,187.4101
"1,198",2013-10-26,BTC / USD,179.5600
"1,199",2013-10-27,BTC / USD,194.2140
"1,200",2013-10-28,BTC / USD,196.1579
"1,201",2013-10-29,BTC / USD,204.7172
"1,202",2013-10-30,BTC / USD,198.2415
"1,203",2013-10-31,BTC / USD,203.1883
"1,204",2013-11-01,BTC / USD,202.6600
"1,205",2013-11-02,BTC / USD,204.7807
"1,206",2013-11-03,BTC / USD,209.9768
"1,207",2013-11-04,BTC / USD,227.6615
"1,208",2013-11-05,BTC / USD,242.8535
"1,209",2013-11-06,BTC / USD,263.3741
"1,210",2013-11-07,BTC / USD,290.8376
"1,211",2013-11-08,BTC / USD,334.1864
"1,212",2013-11-09,BTC / USD,334.8792
"1,213",2013-11-10,BTC / USD,325.4391
"1,214",2013-11-11,BTC / USD,343.7995
"1,215",2013-11-12,BTC / USD,354.9303
"1,216",2013-11-13,BTC / USD,394.1903
"1,217",2013-11-14,BTC / USD,415.8571
"1,218",2013-11-15,BTC / USD,413.6051
"1,219",2013-11-16,BTC / USD,436.6265
"1,220",2013-11-17,BTC / USD,474.8507
"1,221",2013-11-18,BTC / USD,667.0427
"1,222",2013-11-19,BTC / USD,540.5360
"1,223",2013-11-20,BTC / USD,598.5644
"1,224",2013-11-21,BTC / USD,719.8219
"1,225",2013-11-22,BTC / USD,796.0793
"1,226",2013-11-23,BTC / USD,829.5318
"1,227",2013-11-24,BTC / USD,804.0662
"1,228",2013-11-25,BTC / USD,813.3049
"1,229",2013-11-26,BTC / USD,916.0605
"1,230",2013-11-27,BTC / USD,964.3125
"1,231",2013-11-28,BTC / USD,1012.8129
"1,232",2013-11-29,BTC / USD,1133.7553
"1,233",2013-11-30,BTC / USD,1118.0154
"1,234",2013-12-01,BTC / USD,953.1360
"1,235",2013-12-02,BTC / USD,1041.9637
"1,236",2013-12-03,BTC / USD,1054.1659
"1,237",2013-12-04,BTC / USD,1134.3909
"1,238",2013-12-05,BTC / USD,1026.0083
"1,239",2013-12-06,BTC / USD,811.3518
"1,240",2013-12-07,BTC / USD,693.8245
"1,241",2013-12-08,BTC / USD,786.5765
"1,242",2013-12-09,BTC / USD,897.7374
"1,243",2013-12-10,BTC / USD,979.6951
"1,244",2013-12-11,BTC / USD,877.3951
"1,245",2013-12-12,BTC / USD,873.0438
"1,246",2013-12-13,BTC / USD,885.3134
"1,247",2013-12-14,BTC / USD,852.0197
"1,248",2013-12-15,BTC / USD,861.8947
"1,249",2013-12-16,BTC / USD,690.7010
"1,250",2013-12-17,BTC / USD,675.8619
"1,251",2013-12-18,BTC / USD,520.8358
"1,252",2013-12-19,BTC / USD,684.7274
"1,253",2013-12-20,BTC / USD,607.9771
"1,254",2013-12-21,BTC / USD,597.4978
"1,255",2013-12-22,BTC / USD,613.3973
"1,256",2013-12-23,BTC / USD,657.3560
"1,257",2013-12-24,BTC / USD,652.4450
"1,258",2013-12-25,BTC / USD,679.4395
"1,259",2013-12-26,BTC / USD,747.7619
"1,260",2013-12-27,BTC / USD,723.7310
"1,261",2013-12-28,BTC / USD,714.9991
"1,262",2013-12-29,BTC / USD,728.0903
"1,263",2013-12-30,BTC / USD,735.9660
"1,264",2013-12-31,BTC / USD,731.9533
"1,265",2014-01-01,BTC / USD,753.4055
"1,266",2014-01-02,BTC / USD,784.2806
"1,267",2014-01-03,BTC / USD,807.9159
"1,268",2014-01-04,BTC / USD,828.7460
"1,269",2014-01-05,BTC / USD,904.7601
"1,270",2014-01-06,BTC / USD,917.3827
"1,271",2014-01-07,BTC / USD,789.5935
"1,272",2014-01-08,BTC / USD,822.8649
"1,273",2014-01-09,BTC / USD,825.8665
"1,274",2014-01-10,BTC / USD,854.4455
"1,275",2014-01-11,BTC / USD,893.6831
"1,276",2014-01-12,BTC / USD,843.2866
"1,277",2014-01-13,BTC / USD,822.5304
"1,278",2014-01-14,BTC / USD,815.9968
"1,279",2014-01-15,BTC / USD,840.1152
"1,280",2014-01-16,BTC / USD,814.4963
"1,281",2014-01-17,BTC / USD,794.5267
"1,282",2014-01-18,BTC / USD,811.3776
"1,283",2014-01-19,BTC / USD,841.4564
"1,284",2014-01-20,BTC / USD,826.6964
"1,285",2014-01-21,BTC / USD,824.8758
"1,286",2014-01-22,BTC / USD,818.5343
"1,287",2014-01-23,BTC / USD,810.8692
"1,288",2014-01-24,BTC / USD,779.3849
"1,289",2014-01-25,BTC / USD,805.6527
"1,290",2014-01-26,BTC / USD,814.8471
"1,291",2014-01-27,BTC / USD,746.6787
"1,292",2014-01-28,BTC / USD,785.9504
"1,293",2014-01-29,BTC / USD,794.0982
"1,294",2014-01-30,BTC / USD,799.5230
"1,295",2014-01-31,BTC / USD,802.9985
"1,296",2014-02-01,BTC / USD,813.1599
"1,297",2014-02-02,BTC / USD,814.9327
"1,298",2014-02-03,BTC / USD,808.5000
"1,299",2014-02-04,BTC / USD,801.3917
"1,300",2014-02-05,BTC / USD,780.9175
"1,301",2014-02-06,BTC / USD,762.9811
"1,302",2014-02-07,BTC / USD,708.3660
"1,303",2014-02-08,BTC / USD,679.5781
"1,304",2014-02-09,BTC / USD,687.3141
"1,305",2014-02-10,BTC / USD,688.4182
"1,306",2014-02-11,BTC / USD,675.1108
"1,307",2014-02-12,BTC / USD,652.5432
"1,308",2014-02-13,BTC / USD,605.8389
"1,309",2014-02-14,BTC / USD,670.0066
"1,310",2014-02-15,BTC / USD,655.2693
"1,311",2014-02-16,BTC / USD,620.6411
"1,312",2014-02-17,BTC / USD,632.4809
"1,313",2014-02-18,BTC / USD,629.1274
"1,314",2014-02-19,BTC / USD,624.8381
"1,315",2014-02-20,BTC / USD,562.5896
"1,316",2014-02-21,BTC / USD,581.2905
"1,317",2014-02-22,BTC / USD,611.5522
"1,318",2014-02-23,BTC / USD,608.1989
"1,319",2014-02-24,BTC / USD,536.8595
"1,320",2014-02-25,BTC / USD,536.2112
"1,321",2014-02-26,BTC / USD,585.5174
"1,322",2014-02-27,BTC / USD,583.0574
"1,323",2014-02-28,BTC / USD,551.4270
"1,324",2014-03-01,BTC / USD,566.7533
"1,325",2014-03-02,BTC / USD,563.2947
"1,326",2014-03-03,BTC / USD,676.8201
"1,327",2014-03-04,BTC / USD,673.3879
"1,328",2014-03-05,BTC / USD,670.1076
"1,329",2014-03-06,BTC / USD,669.2199
"1,330",2014-03-07,BTC / USD,632.3086
"1,331",2014-03-08,BTC / USD,620.6247
"1,332",2014-03-09,BTC / USD,638.4186
"1,333",2014-03-10,BTC / USD,629.3820
"1,334",2014-03-11,BTC / USD,635.0387
"1,335",2014-03-12,BTC / USD,633.8549
"1,336",2014-03-13,BTC / USD,641.6026
"1,337",2014-03-14,BTC / USD,629.8350
"1,338",2014-03-15,BTC / USD,637.4151
"1,339",2014-03-16,BTC / USD,634.8101
"1,340",2014-03-17,BTC / USD,622.8448
"1,341",2014-03-18,BTC / USD,614.4389
"1,342",2014-03-19,BTC / USD,611.1950
"1,343",2014-03-20,BTC / USD,586.9533
"1,344",2014-03-21,BTC / USD,570.0121
"1,345",2014-03-22,BTC / USD,564.5455
"1,346",2014-03-23,BTC / USD,559.6903
"1,347",2014-03-24,BTC / USD,584.9116
"1,348",2014-03-25,BTC / USD,583.8451
"1,349",2014-03-26,BTC / USD,579.0872
"1,350",2014-03-27,BTC / USD,472.1443
"1,351",2014-03-28,BTC / USD,501.0961
"1,352",2014-03-29,BTC / USD,491.9478
"1,353",2014-03-30,BTC / USD,458.7746
"1,354",2014-03-31,BTC / USD,457.0236
"1,355",2014-04-01,BTC / USD,479.3123
"1,356",2014-04-02,BTC / USD,439.6267
"1,357",2014-04-03,BTC / USD,449.5396
"1,358",2014-04-04,BTC / USD,451.9006
"1,359",2014-04-05,BTC / USD,463.6256
"1,360",2014-04-06,BTC / USD,457.8836
"1,361",2014-04-07,BTC / USD,448.9552
"1,362",2014-04-08,BTC / USD,453.3364
"1,363",2014-04-09,BTC / USD,443.0619
"1,364",2014-04-10,BTC / USD,363.8511
"1,365",2014-04-11,BTC / USD,423.4131
"1,366",2014-04-12,BTC / USD,423.3690
"1,367",2014-04-13,BTC / USD,416.8646
"1,368",2014-04-14,BTC / USD,459.0980
"1,369",2014-04-15,BTC / USD,522.2949
"1,370",2014-04-16,BTC / USD,527.6877
"1,371",2014-04-17,BTC / USD,498.3667
"1,372",2014-04-18,BTC / USD,482.2657
"1,373",2014-04-19,BTC / USD,504.8424
"1,374",2014-04-20,BTC / USD,500.3954
"1,375",2014-04-21,BTC / USD,497.2519
"1,376",2014-04-22,BTC / USD,489.9928
"1,377",2014-04-23,BTC / USD,492.0000
"1,378",2014-04-24,BTC / USD,502.2210
"1,379",2014-04-25,BTC / USD,466.8869
"1,380",2014-04-26,BTC / USD,461.0453
"1,381",2014-04-27,BTC / USD,434.3748
"1,382",2014-04-28,BTC / USD,442.8204
"1,383",2014-04-29,BTC / USD,448.0000
"1,384",2014-04-30,BTC / USD,448.8994
"1,385",2014-05-01,BTC / USD,460.7013
"1,386",2014-05-02,BTC / USD,454.3556
"1,387",2014-05-03,BTC / USD,439.8721
"1,388",2014-05-04,BTC / USD,437.9331
"1,389",2014-05-05,BTC / USD,433.0000
"1,390",2014-05-06,BTC / USD,428.0100
"1,391",2014-05-07,BTC / USD,440.9203
"1,392",2014-05-08,BTC / USD,439.0814
"1,393",2014-05-09,BTC / USD,451.4689
"1,394",2014-05-10,BTC / USD,456.5440
"1,395",2014-05-11,BTC / USD,439.1457
"1,396",2014-05-12,BTC / USD,442.4635
"1,397",2014-05-13,BTC / USD,439.1072
"1,398",2014-05-14,BTC / USD,445.7545
"1,399",2014-05-15,BTC / USD,446.3367
"1,400",2014-05-16,BTC / USD,447.2696
"1,401",2014-05-17,BTC / USD,450.0058
"1,402",2014-05-18,BTC / USD,446.8980
"1,403",2014-05-19,BTC / USD,448.1791
"1,404",2014-05-20,BTC / USD,489.1939
"1,405",2014-05-21,BTC / USD,493.6944
"1,406",2014-05-22,BTC / USD,529.4978
"1,407",2014-05-23,BTC / USD,523.4915
"1,408",2014-05-24,BTC / USD,528.2145
"1,409",2014-05-25,BTC / USD,573.0733
"1,410",2014-05-26,BTC / USD,583.5583
"1,411",2014-05-27,BTC / USD,573.1855
"1,412",2014-05-28,BTC / USD,580.2666
"1,413",2014-05-29,BTC / USD,570.3500
"1,414",2014-05-30,BTC / USD,621.1800
"1,415",2014-05-31,BTC / USD,627.3744
"1,416",2014-06-01,BTC / USD,629.8553
"1,417",2014-06-02,BTC / USD,662.0856
"1,418",2014-06-03,BTC / USD,669.9380
"1,419",2014-06-04,BTC / USD,642.3574
"1,420",2014-06-05,BTC / USD,661.4800
"1,421",2014-06-06,BTC / USD,649.0938
"1,422",2014-06-07,BTC / USD,657.1223
"1,423",2014-06-08,BTC / USD,657.9505
"1,424",2014-06-09,BTC / USD,648.3176
"1,425",2014-06-10,BTC / USD,648.5499
"1,426",2014-06-11,BTC / USD,622.5027
"1,427",2014-06-12,BTC / USD,571.0065
"1,428",2014-06-13,BTC / USD,591.9839
"1,429",2014-06-14,BTC / USD,568.1956
"1,430",2014-06-15,BTC / USD,590.4066
"1,431",2014-06-16,BTC / USD,586.9805
"1,432",2014-06-17,BTC / USD,606.4432
"1,433",2014-06-18,BTC / USD,607.0000
"1,434",2014-06-19,BTC / USD,593.1179
"1,435",2014-06-20,BTC / USD,588.9509
"1,436",2014-06-21,BTC / USD,589.0368
"1,437",2014-06-22,BTC / USD,600.0404
"1,438",2014-06-23,BTC / USD,588.1940
"1,439",2014-06-24,BTC / USD,573.3281
"1,440",2014-06-25,BTC / USD,560.4948
"1,441",2014-06-26,BTC / USD,579.6228
"1,442",2014-06-27,BTC / USD,599.9296
"1,443",2014-06-28,BTC / USD,590.5955
"1,444",2014-06-29,BTC / USD,599.8900
"1,445",2014-06-30,BTC / USD,638.6865
"1,446",2014-07-01,BTC / USD,639.1578
"1,447",2014-07-02,BTC / USD,650.0712
"1,448",2014-07-03,BTC / USD,646.6671
"1,449",2014-07-04,BTC / USD,627.2587
"1,450",2014-07-05,BTC / USD,630.7477
"1,451",2014-07-06,BTC / USD,631.4238
"1,452",2014-07-07,BTC / USD,622.7741
"1,453",2014-07-08,BTC / USD,624.2983
"1,454",2014-07-09,BTC / USD,621.8734
"1,455",2014-07-10,BTC / USD,616.7759
"1,456",2014-07-11,BTC / USD,634.1297
"1,457",2014-07-12,BTC / USD,636.4664
"1,458",2014-07-13,BTC / USD,630.5450
"1,459",2014-07-14,BTC / USD,619.7012
"1,460",2014-07-15,BTC / USD,623.5593
"1,461",2014-07-16,BTC / USD,615.9107
"1,462",2014-07-17,BTC / USD,623.7644
"1,463",2014-07-18,BTC / USD,631.4288
"1,464",2014-07-19,BTC / USD,629.7260
"1,465",2014-07-20,BTC / USD,625.8466
"1,466",2014-07-21,BTC / USD,621.8301
"1,467",2014-07-22,BTC / USD,619.5676
"1,468",2014-07-23,BTC / USD,619.9270
"1,469",2014-07-24,BTC / USD,603.8209
"1,470",2014-07-25,BTC / USD,602.8812
"1,471",2014-07-26,BTC / USD,595.9570
"1,472",2014-07-27,BTC / USD,591.9598
"1,473",2014-07-28,BTC / USD,589.3779
"1,474",2014-07-29,BTC / USD,585.1045
"1,475",2014-07-30,BTC / USD,563.3471
"1,476",2014-07-31,BTC / USD,582.0377
"1,477",2014-08-01,BTC / USD,598.2000
"1,478",2014-08-02,BTC / USD,589.3060
"1,479",2014-08-03,BTC / USD,586.4895
"1,480",2014-08-04,BTC / USD,588.4793
"1,481",2014-08-05,BTC / USD,580.3410
"1,482",2014-08-06,BTC / USD,582.4165
"1,483",2014-08-07,BTC / USD,584.8125
"1,484",2014-08-08,BTC / USD,588.7881
"1,485",2014-08-09,BTC / USD,589.2421
"1,486",2014-08-10,BTC / USD,590.7858
"1,487",2014-08-11,BTC / USD,573.9565
"1,488",2014-08-12,BTC / USD,567.8312
"1,489",2014-08-13,BTC / USD,549.7903
"1,490",2014-08-14,BTC / USD,507.3870
"1,491",2014-08-15,BTC / USD,501.2377
"1,492",2014-08-16,BTC / USD,522.7481
"1,493",2014-08-17,BTC / USD,498.2256
"1,494",2014-08-18,BTC / USD,473.2157
"1,495",2014-08-19,BTC / USD,491.0069
"1,496",2014-08-20,BTC / USD,518.0241
"1,497",2014-08-21,BTC / USD,520.3913
"1,498",2014-08-22,BTC / USD,514.7949
"1,499",2014-08-23,BTC / USD,496.1903
"1,500",2014-08-24,BTC / USD,507.6441
"1,501",2014-08-25,BTC / USD,503.1851
"1,502",2014-08-26,BTC / USD,513.6217
"1,503",2014-08-27,BTC / USD,511.7922
"1,504",2014-08-28,BTC / USD,506.5382
"1,505",2014-08-29,BTC / USD,509.0455
"1,506",2014-08-30,BTC / USD,501.0018
"1,507",2014-08-31,BTC / USD,478.8789
"1,508",2014-09-01,BTC / USD,475.3466
"1,509",2014-09-02,BTC / USD,473.8034
"1,510",2014-09-03,BTC / USD,474.5442
"1,511",2014-09-04,BTC / USD,488.6075
"1,512",2014-09-05,BTC / USD,477.6421
"1,513",2014-09-06,BTC / USD,479.7417
"1,514",2014-09-07,BTC / USD,476.1197
"1,515",2014-09-08,BTC / USD,468.0305
"1,516",2014-09-09,BTC / USD,473.3757
"1,517",2014-09-10,BTC / USD,477.6074
"1,518",2014-09-11,BTC / USD,477.4139
"1,519",2014-09-12,BTC / USD,474.1974
"1,520",2014-09-13,BTC / USD,477.1275
"1,521",2014-09-14,BTC / USD,474.6063
"1,522",2014-09-15,BTC / USD,469.5715
"1,523",2014-09-16,BTC / USD,463.2017
"1,524",2014-09-17,BTC / USD,452.3291
"1,525",2014-09-18,BTC / USD,425.6686
"1,526",2014-09-19,BTC / USD,395.7377
"1,527",2014-09-20,BTC / USD,410.7152
"1,528",2014-09-21,BTC / USD,400.4654
"1,529",2014-09-22,BTC / USD,399.1341
"1,530",2014-09-23,BTC / USD,439.4157
"1,531",2014-09-24,BTC / USD,423.5680
"1,532",2014-09-25,BTC / USD,409.3475
"1,533",2014-09-26,BTC / USD,404.5742
"1,534",2014-09-27,BTC / USD,400.6865
"1,535",2014-09-28,BTC / USD,375.3032
"1,536",2014-09-29,BTC / USD,373.9906
"1,537",2014-09-30,BTC / USD,390.1871
"1,538",2014-10-01,BTC / USD,383.9437
"1,539",2014-10-02,BTC / USD,375.4928
"1,540",2014-10-03,BTC / USD,357.3630
"1,541",2014-10-04,BTC / USD,326.6425
"1,542",2014-10-05,BTC / USD,323.0550
"1,543",2014-10-06,BTC / USD,328.0492
"1,544",2014-10-07,BTC / USD,334.4042
"1,545",2014-10-08,BTC / USD,355.9922
"1,546",2014-10-09,BTC / USD,364.5562
"1,547",2014-10-10,BTC / USD,360.9387
"1,548",2014-10-11,BTC / USD,362.4327
"1,549",2014-10-12,BTC / USD,379.5442
"1,550",2014-10-13,BTC / USD,392.3255
"1,551",2014-10-14,BTC / USD,402.4286
"1,552",2014-10-15,BTC / USD,394.0945
"1,553",2014-10-16,BTC / USD,383.0853
"1,554",2014-10-17,BTC / USD,383.0609
"1,555",2014-10-18,BTC / USD,390.7538
"1,556",2014-10-19,BTC / USD,388.5759
"1,557",2014-10-20,BTC / USD,381.3568
"1,558",2014-10-21,BTC / USD,385.8461
"1,559",2014-10-22,BTC / USD,382.4363
"1,560",2014-10-23,BTC / USD,356.5662
"1,561",2014-10-24,BTC / USD,358.1904
"1,562",2014-10-25,BTC / USD,348.1574
"1,563",2014-10-26,BTC / USD,355.0215
"1,564",2014-10-27,BTC / USD,350.9832
"1,565",2014-10-28,BTC / USD,355.7740
"1,566",2014-10-29,BTC / USD,335.0933
"1,567",2014-10-30,BTC / USD,346.1215
"1,568",2014-10-31,BTC / USD,337.8134
"1,569",2014-11-01,BTC / USD,324.5735
"1,570",2014-11-02,BTC / USD,324.3658
"1,571",2014-11-03,BTC / USD,325.9659
"1,572",2014-11-04,BTC / USD,330.0775
"1,573",2014-11-05,BTC / USD,338.0022
"1,574",2014-11-06,BTC / USD,349.9122
"1,575",2014-11-07,BTC / USD,342.1350
"1,576",2014-11-08,BTC / USD,345.7463
"1,577",2014-11-09,BTC / USD,365.5638
"1,578",2014-11-10,BTC / USD,365.8704
"1,579",2014-11-11,BTC / USD,369.8150
"1,580",2014-11-12,BTC / USD,424.3661
"1,581",2014-11-13,BTC / USD,420.4748
"1,582",2014-11-14,BTC / USD,399.5006
"1,583",2014-11-15,BTC / USD,376.6290
"1,584",2014-11-16,BTC / USD,389.7978
"1,585",2014-11-17,BTC / USD,388.3580
"1,586",2014-11-18,BTC / USD,375.0893
"1,587",2014-11-19,BTC / USD,378.8960
"1,588",2014-11-20,BTC / USD,356.4627
"1,589",2014-11-21,BTC / USD,350.4623
"1,590",2014-11-22,BTC / USD,353.3112
"1,591",2014-11-23,BTC / USD,367.6991
"1,592",2014-11-24,BTC / USD,375.8526
"1,593",2014-11-25,BTC / USD,376.5900
"1,594",2014-11-26,BTC / USD,367.5576
"1,595",2014-11-27,BTC / USD,369.6543
"1,596",2014-11-28,BTC / USD,376.8495
"1,597",2014-11-29,BTC / USD,375.8847
"1,598",2014-11-30,BTC / USD,376.6815
"1,599",2014-12-01,BTC / USD,376.6290
"1,600",2014-12-02,BTC / USD,379.0694
"1,601",2014-12-03,BTC / USD,375.5560
"1,602",2014-12-04,BTC / USD,369.1947
"1,603",2014-12-05,BTC / USD,376.0000
"1,604",2014-12-06,BTC / USD,375.0180
"1,605",2014-12-07,BTC / USD,377.1458
"1,606",2014-12-08,BTC / USD,361.6343
"1,607",2014-12-09,BTC / USD,351.9085
"1,608",2014-12-10,BTC / USD,346.9597
"1,609",2014-12-11,BTC / USD,348.9219
"1,610",2014-12-12,BTC / USD,352.8697
"1,611",2014-12-13,BTC / USD,350.9615
"1,612",2014-12-14,BTC / USD,357.1419
"1,613",2014-12-15,BTC / USD,348.0819
"1,614",2014-12-16,BTC / USD,328.9011
"1,615",2014-12-17,BTC / USD,321.5985
"1,616",2014-12-18,BTC / USD,312.2818
"1,617",2014-12-19,BTC / USD,318.5441
"1,618",2014-12-20,BTC / USD,331.4905
"1,619",2014-12-21,BTC / USD,320.5568
"1,620",2014-12-22,BTC / USD,331.9979
"1,621",2014-12-23,BTC / USD,336.5222
"1,622",2014-12-24,BTC / USD,322.5220
"1,623",2014-12-25,BTC / USD,319.6933
"1,624",2014-12-26,BTC / USD,329.3123
"1,625",2014-12-27,BTC / USD,316.2094
"1,626",2014-12-28,BTC / USD,317.5940
"1,627",2014-12-29,BTC / USD,312.4585
"1,628",2014-12-30,BTC / USD,311.4300
"1,629",2014-12-31,BTC / USD,320.9927
"1,630",2015-01-01,BTC / USD,314.0255
"1,631",2015-01-02,BTC / USD,315.6872
"1,632",2015-01-03,BTC / USD,283.0065
"1,633",2015-01-04,BTC / USD,263.8079
"1,634",2015-01-05,BTC / USD,276.8000
"1,635",2015-01-06,BTC / USD,276.8000
"1,636",2015-01-07,BTC / USD,276.8000
"1,637",2015-01-08,BTC / USD,284.2775
"1,638",2015-01-09,BTC / USD,293.9565
"1,639",2015-01-10,BTC / USD,275.1789
"1,640",2015-01-11,BTC / USD,265.1046
"1,641",2015-01-12,BTC / USD,267.0092
"1,642",2015-01-13,BTC / USD,226.2315
"1,643",2015-01-14,BTC / USD,172.2093
"1,644",2015-01-15,BTC / USD,210.2221
"1,645",2015-01-16,BTC / USD,207.4008
"1,646",2015-01-17,BTC / USD,199.7134
"1,647",2015-01-18,BTC / USD,211.9333
"1,648",2015-01-19,BTC / USD,216.2135
"1,649",2015-01-20,BTC / USD,211.2144
"1,650",2015-01-21,BTC / USD,227.3673
"1,651",2015-01-22,BTC / USD,233.0833
"1,652",2015-01-23,BTC / USD,233.6469
"1,653",2015-01-24,BTC / USD,249.3475
"1,654",2015-01-25,BTC / USD,254.5662
"1,655",2015-01-26,BTC / USD,274.3673
"1,656",2015-01-27,BTC / USD,263.8567
"1,657",2015-01-28,BTC / USD,235.5267
"1,658",2015-01-29,BTC / USD,235.3780
"1,659",2015-01-30,BTC / USD,228.4715
"1,660",2015-01-31,BTC / USD,218.1833
"1,661",2015-02-01,BTC / USD,227.6223
"1,662",2015-02-02,BTC / USD,237.9709
"1,663",2015-02-03,BTC / USD,227.6792
"1,664",2015-02-04,BTC / USD,227.0802
"1,665",2015-02-05,BTC / USD,216.8558
"1,666",2015-02-06,BTC / USD,222.7840
"1,667",2015-02-07,BTC / USD,229.0019
"1,668",2015-02-08,BTC / USD,223.9637
"1,669",2015-02-09,BTC / USD,221.0042
"1,670",2015-02-10,BTC / USD,220.6004
"1,671",2015-02-11,BTC / USD,219.7285
"1,672",2015-02-12,BTC / USD,222.8289
"1,673",2015-02-13,BTC / USD,236.8050
"1,674",2015-02-14,BTC / USD,257.0310
"1,675",2015-02-15,BTC / USD,235.0458
"1,676",2015-02-16,BTC / USD,234.5257
"1,677",2015-02-17,BTC / USD,244.7022
"1,678",2015-02-18,BTC / USD,237.4603
"1,679",2015-02-19,BTC / USD,241.4601
"1,680",2015-02-20,BTC / USD,245.3421
"1,681",2015-02-21,BTC / USD,245.5786
"1,682",2015-02-22,BTC / USD,236.4573
"1,683",2015-02-23,BTC / USD,239.2251
"1,684",2015-02-24,BTC / USD,239.8410
"1,685",2015-02-25,BTC / USD,238.1139
"1,686",2015-02-26,BTC / USD,237.0798
"1,687",2015-02-27,BTC / USD,253.8269
"1,688",2015-02-28,BTC / USD,253.6915
"1,689",2015-03-01,BTC / USD,258.7271
"1,690",2015-03-02,BTC / USD,276.0928
"1,691",2015-03-03,BTC / USD,282.4761
"1,692",2015-03-04,BTC / USD,272.0490
"1,693",2015-03-05,BTC / USD,275.7988
"1,694",2015-03-06,BTC / USD,273.0492
"1,695",2015-03-07,BTC / USD,276.8781
"1,696",2015-03-08,BTC / USD,275.2791
"1,697",2015-03-09,BTC / USD,288.2142
"1,698",2015-03-10,BTC / USD,292.4491
"1,699",2015-03-11,BTC / USD,296.5325
"1,700",2015-03-12,BTC / USD,295.8482
"1,701",2015-03-13,BTC / USD,285.6383
"1,702",2015-03-14,BTC / USD,283.2460
"1,703",2015-03-15,BTC / USD,287.2992
"1,704",2015-03-16,BTC / USD,291.3481
"1,705",2015-03-17,BTC / USD,286.2368
"1,706",2015-03-18,BTC / USD,258.1945
"1,707",2015-03-19,BTC / USD,262.2621
"1,708",2015-03-20,BTC / USD,263.0544
"1,709",2015-03-21,BTC / USD,261.3618
"1,710",2015-03-22,BTC / USD,268.2085
"1,711",2015-03-23,BTC / USD,266.2329
"1,712",2015-03-24,BTC / USD,245.6739
"1,713",2015-03-25,BTC / USD,246.8943
"1,714",2015-03-26,BTC / USD,249.5702
"1,715",2015-03-27,BTC / USD,247.8728
"1,716",2015-03-28,BTC / USD,253.4001
"1,717",2015-03-29,BTC / USD,243.3137
"1,718",2015-03-30,BTC / USD,248.4274
"1,719",2015-03-31,BTC / USD,244.5766
"1,720",2015-04-01,BTC / USD,247.6330
"1,721",2015-04-02,BTC / USD,253.9554
"1,722",2015-04-03,BTC / USD,254.8868
"1,723",2015-04-04,BTC / USD,253.9929
"1,724",2015-04-05,BTC / USD,261.2126
"1,725",2015-04-06,BTC / USD,256.4221
"1,726",2015-04-07,BTC / USD,253.9895
"1,727",2015-04-08,BTC / USD,245.8481
"1,728",2015-04-09,BTC / USD,244.6159
"1,729",2015-04-10,BTC / USD,236.5109
"1,730",2015-04-11,BTC / USD,236.7724
"1,731",2015-04-12,BTC / USD,236.4771
"1,732",2015-04-13,BTC / USD,224.9765
"1,733",2015-04-14,BTC / USD,219.3875
"1,734",2015-04-15,BTC / USD,223.8348
"1,735",2015-04-16,BTC / USD,227.8704
"1,736",2015-04-17,BTC / USD,223.0842
"1,737",2015-04-18,BTC / USD,223.5865
"1,738",2015-04-19,BTC / USD,223.5674
"1,739",2015-04-20,BTC / USD,225.2184
"1,740",2015-04-21,BTC / USD,235.5210
"1,741",2015-04-22,BTC / USD,233.7010
"1,742",2015-04-23,BTC / USD,236.1635
"1,743",2015-04-24,BTC / USD,231.0205
"1,744",2015-04-25,BTC / USD,226.5855
"1,745",2015-04-26,BTC / USD,221.0538
"1,746",2015-04-27,BTC / USD,227.4498
"1,747",2015-04-28,BTC / USD,225.3984
"1,748",2015-04-29,BTC / USD,225.6405
"1,749",2015-04-30,BTC / USD,236.7031
"1,750",2015-05-01,BTC / USD,232.7740
"1,751",2015-05-02,BTC / USD,234.4547
"1,752",2015-05-03,BTC / USD,239.8454
"1,753",2015-05-04,BTC / USD,239.2673
"1,754",2015-05-05,BTC / USD,236.2115
"1,755",2015-05-06,BTC / USD,229.6558
"1,756",2015-05-07,BTC / USD,237.4128
"1,757",2015-05-08,BTC / USD,244.3376
"1,758",2015-05-09,BTC / USD,242.6196
"1,759",2015-05-10,BTC / USD,240.8437
"1,760",2015-05-11,BTC / USD,241.6363
"1,761",2015-05-12,BTC / USD,241.3522
"1,762",2015-05-13,BTC / USD,236.3463
"1,763",2015-05-14,BTC / USD,237.2065
"1,764",2015-05-15,BTC / USD,237.8874
"1,765",2015-05-16,BTC / USD,236.3927
"1,766",2015-05-17,BTC / USD,236.6793
"1,767",2015-05-18,BTC / USD,233.5907
"1,768",2015-05-19,BTC / USD,231.9483
"1,769",2015-05-20,BTC / USD,234.3982
"1,770",2015-05-21,BTC / USD,235.6039
"1,771",2015-05-22,BTC / USD,239.8753
"1,772",2015-05-23,BTC / USD,238.7336
"1,773",2015-05-24,BTC / USD,240.2080
"1,774",2015-05-25,BTC / USD,236.5916
"1,775",2015-05-26,BTC / USD,236.2510
"1,776",2015-05-27,BTC / USD,237.0397
"1,777",2015-05-28,BTC / USD,237.1631
"1,778",2015-05-29,BTC / USD,236.4594
"1,779",2015-05-30,BTC / USD,233.4292
"1,780",2015-05-31,BTC / USD,229.8705
"1,781",2015-06-01,BTC / USD,223.5682
"1,782",2015-06-02,BTC / USD,225.4971
"1,783",2015-06-03,BTC / USD,225.5682
"1,784",2015-06-04,BTC / USD,223.9354
"1,785",2015-06-05,BTC / USD,224.5961
"1,786",2015-06-06,BTC / USD,225.0605
"1,787",2015-06-07,BTC / USD,223.5082
"1,788",2015-06-08,BTC / USD,228.7739
"1,789",2015-06-09,BTC / USD,229.0033
"1,790",2015-06-10,BTC / USD,228.5646
"1,791",2015-06-11,BTC / USD,229.3215
"1,792",2015-06-12,BTC / USD,229.3949
"1,793",2015-06-13,BTC / USD,232.9902
"1,794",2015-06-14,BTC / USD,232.2733
"1,795",2015-06-15,BTC / USD,236.5940
"1,796",2015-06-16,BTC / USD,250.8844
"1,797",2015-06-17,BTC / USD,248.9102
"1,798",2015-06-18,BTC / USD,248.9536
"1,799",2015-06-19,BTC / USD,244.4348
"1,800",2015-06-20,BTC / USD,246.0359
"1,801",2015-06-21,BTC / USD,244.2265
"1,802",2015-06-22,BTC / USD,246.9780
"1,803",2015-06-23,BTC / USD,244.3609
"1,804",2015-06-24,BTC / USD,240.1896
"1,805",2015-06-25,BTC / USD,242.4657
"1,806",2015-06-26,BTC / USD,242.9476
"1,807",2015-06-27,BTC / USD,251.4917
"1,808",2015-06-28,BTC / USD,248.8923
"1,809",2015-06-29,BTC / USD,256.9159
"1,810",2015-06-30,BTC / USD,263.2627
"1,811",2015-07-01,BTC / USD,258.3394
"1,812",2015-07-02,BTC / USD,254.7398
"1,813",2015-07-03,BTC / USD,256.2885
"1,814",2015-07-04,BTC / USD,260.3585
"1,815",2015-07-05,BTC / USD,271.6396
"1,816",2015-07-06,BTC / USD,269.0768
"1,817",2015-07-07,BTC / USD,265.8952
"1,818",2015-07-08,BTC / USD,270.6944
"1,819",2015-07-09,BTC / USD,269.4970
"1,820",2015-07-10,BTC / USD,285.9887
"1,821",2015-07-11,BTC / USD,292.3726
"1,822",2015-07-12,BTC / USD,312.0322
"1,823",2015-07-13,BTC / USD,292.8213
"1,824",2015-07-14,BTC / USD,287.3578
"1,825",2015-07-15,BTC / USD,285.5354
"1,826",2015-07-16,BTC / USD,278.4262
"1,827",2015-07-17,BTC / USD,279.9106
"1,828",2015-07-18,BTC / USD,276.9949
"1,829",2015-07-19,BTC / USD,275.3880
"1,830",2015-07-20,BTC / USD,279.7439
"1,831",2015-07-21,BTC / USD,276.9742
"1,832",2015-07-22,BTC / USD,277.8679
"1,833",2015-07-23,BTC / USD,277.2530
"1,834",2015-07-24,BTC / USD,289.1761
"1,835",2015-07-25,BTC / USD,289.1680
"1,836",2015-07-26,BTC / USD,293.1260
"1,837",2015-07-27,BTC / USD,294.2217
"1,838",2015-07-28,BTC / USD,295.1842
"1,839",2015-07-29,BTC / USD,290.1760
"1,840",2015-07-30,BTC / USD,288.1900
"1,841",2015-07-31,BTC / USD,284.8233
"1,842",2015-08-01,BTC / USD,281.5385
"1,843",2015-08-02,BTC / USD,282.2863
"1,844",2015-08-03,BTC / USD,280.8325
"1,845",2015-08-04,BTC / USD,285.1789
"1,846",2015-08-05,BTC / USD,281.7705
"1,847",2015-08-06,BTC / USD,278.3536
"1,848",2015-08-07,BTC / USD,279.4943
"1,849",2015-08-08,BTC / USD,262.0542
"1,850",2015-08-09,BTC / USD,267.5133
"1,851",2015-08-10,BTC / USD,264.7918
"1,852",2015-08-11,BTC / USD,271.7187
"1,853",2015-08-12,BTC / USD,267.3465
"1,854",2015-08-13,BTC / USD,264.5002
"1,855",2015-08-14,BTC / USD,265.9845
"1,856",2015-08-15,BTC / USD,262.3269
"1,857",2015-08-16,BTC / USD,258.4844
"1,858",2015-08-17,BTC / USD,256.6479
"1,859",2015-08-18,BTC / USD,222.3093
"1,860",2015-08-19,BTC / USD,227.4081
"1,861",2015-08-20,BTC / USD,235.5314
"1,862",2015-08-21,BTC / USD,233.0339
"1,863",2015-08-22,BTC / USD,231.0865
"1,864",2015-08-23,BTC / USD,228.8419
"1,865",2015-08-24,BTC / USD,211.0403
"1,866",2015-08-25,BTC / USD,223.1145
"1,867",2015-08-26,BTC / USD,226.1075
"1,868",2015-08-27,BTC / USD,225.5624
"1,869",2015-08-28,BTC / USD,231.5201
"1,870",2015-08-29,BTC / USD,230.1743
"1,871",2015-08-30,BTC / USD,228.8671
"1,872",2015-08-31,BTC / USD,230.5981
"1,873",2015-09-01,BTC / USD,228.0609
"1,874",2015-09-02,BTC / USD,229.3621
"1,875",2015-09-03,BTC / USD,227.2400
"1,876",2015-09-04,BTC / USD,231.2543
"1,877",2015-09-05,BTC / USD,236.0671
"1,878",2015-09-06,BTC / USD,240.6898
"1,879",2015-09-07,BTC / USD,241.0215
"1,880",2015-09-08,BTC / USD,244.2303
"1,881",2015-09-09,BTC / USD,238.6470
"1,882",2015-09-10,BTC / USD,238.6563
"1,883",2015-09-11,BTC / USD,240.7280
"1,884",2015-09-12,BTC / USD,235.3864
"1,885",2015-09-13,BTC / USD,230.2315
"1,886",2015-09-14,BTC / USD,230.6668
"1,887",2015-09-15,BTC / USD,230.1831
"1,888",2015-09-16,BTC / USD,229.2496
"1,889",2015-09-17,BTC / USD,232.7716
"1,890",2015-09-18,BTC / USD,233.4560
"1,891",2015-09-19,BTC / USD,231.7295
"1,892",2015-09-20,BTC / USD,230.6854
"1,893",2015-09-21,BTC / USD,226.6663
"1,894",2015-09-22,BTC / USD,230.6107
"1,895",2015-09-23,BTC / USD,229.8298
"1,896",2015-09-24,BTC / USD,234.4754
"1,897",2015-09-25,BTC / USD,235.2909
"1,898",2015-09-26,BTC / USD,234.5934
"1,899",2015-09-27,BTC / USD,233.1807
"1,900",2015-09-28,BTC / USD,239.4749
"1,901",2015-09-29,BTC / USD,237.0920
"1,902",2015-09-30,BTC / USD,236.8537
"1,903",2015-10-01,BTC / USD,237.8208
"1,904",2015-10-02,BTC / USD,238.1753
"1,905",2015-10-03,BTC / USD,239.5604
"1,906",2015-10-04,BTC / USD,239.3348
"1,907",2015-10-05,BTC / USD,240.7845
"1,908",2015-10-06,BTC / USD,246.7720
"1,909",2015-10-07,BTC / USD,243.3066
"1,910",2015-10-08,BTC / USD,242.9524
"1,911",2015-10-09,BTC / USD,244.4255
"1,912",2015-10-10,BTC / USD,245.9098
"1,913",2015-10-11,BTC / USD,248.9402
"1,914",2015-10-12,BTC / USD,246.2062
"1,915",2015-10-13,BTC / USD,250.0392
"1,916",2015-10-14,BTC / USD,253.1220
"1,917",2015-10-15,BTC / USD,254.6332
"1,918",2015-10-16,BTC / USD,262.7845
"1,919",2015-10-17,BTC / USD,272.5708
"1,920",2015-10-18,BTC / USD,264.1076
"1,921",2015-10-19,BTC / USD,264.3203
"1,922",2015-10-20,BTC / USD,270.7100
"1,923",2015-10-21,BTC / USD,268.2452
"1,924",2015-10-22,BTC / USD,275.5591
"1,925",2015-10-23,BTC / USD,278.6981
"1,926",2015-10-24,BTC / USD,283.6092
"1,927",2015-10-25,BTC / USD,284.2626
"1,928",2015-10-26,BTC / USD,286.8655
"1,929",2015-10-27,BTC / USD,295.2009
"1,930",2015-10-28,BTC / USD,304.8075
"1,931",2015-10-29,BTC / USD,315.2109
"1,932",2015-10-30,BTC / USD,328.9192
"1,933",2015-10-31,BTC / USD,312.1090
"1,934",2015-11-01,BTC / USD,328.4882
"1,935",2015-11-02,BTC / USD,362.9530
"1,936",2015-11-03,BTC / USD,403.6076
"1,937",2015-11-04,BTC / USD,408.4032
"1,938",2015-11-05,BTC / USD,385.7126
"1,939",2015-11-06,BTC / USD,374.4414
"1,940",2015-11-07,BTC / USD,385.7627
"1,941",2015-11-08,BTC / USD,372.8670
"1,942",2015-11-09,BTC / USD,378.9506
"1,943",2015-11-10,BTC / USD,335.7964
"1,944",2015-11-11,BTC / USD,310.2310
"1,945",2015-11-12,BTC / USD,338.6393
"1,946",2015-11-13,BTC / USD,337.0562
"1,947",2015-11-14,BTC / USD,333.4391
"1,948",2015-11-15,BTC / USD,320.3207
"1,949",2015-11-16,BTC / USD,331.7086
"1,950",2015-11-17,BTC / USD,336.2706
"1,951",2015-11-18,BTC / USD,334.7224
"1,952",2015-11-19,BTC / USD,326.5719
"1,953",2015-11-20,BTC / USD,321.8275
"1,954",2015-11-21,BTC / USD,326.3388
"1,955",2015-11-22,BTC / USD,323.8078
"1,956",2015-11-23,BTC / USD,323.1121
"1,957",2015-11-24,BTC / USD,320.2787
"1,958",2015-11-25,BTC / USD,328.9571
"1,959",2015-11-26,BTC / USD,352.9816
"1,960",2015-11-27,BTC / USD,357.7679
"1,961",2015-11-28,BTC / USD,356.5316
"1,962",2015-11-29,BTC / USD,371.5606
"1,963",2015-11-30,BTC / USD,376.9797
"1,964",2015-12-01,BTC / USD,362.9135
"1,965",2015-12-02,BTC / USD,359.3657
"1,966",2015-12-03,BTC / USD,361.4881
"1,967",2015-12-04,BTC / USD,363.6694
"1,968",2015-12-05,BTC / USD,387.8975
"1,969",2015-12-06,BTC / USD,387.6738
"1,970",2015-12-07,BTC / USD,394.8158
"1,971",2015-12-08,BTC / USD,416.9437
"1,972",2015-12-09,BTC / USD,417.5696
"1,973",2015-12-10,BTC / USD,415.3994
"1,974",2015-12-11,BTC / USD,453.1306
"1,975",2015-12-12,BTC / USD,436.7530
"1,976",2015-12-13,BTC / USD,433.3545
"1,977",2015-12-14,BTC / USD,443.8591
"1,978",2015-12-15,BTC / USD,463.9823
"1,979",2015-12-16,BTC / USD,454.0653
"1,980",2015-12-17,BTC / USD,455.8338
"1,981",2015-12-18,BTC / USD,463.1291
"1,982",2015-12-19,BTC / USD,461.4416
"1,983",2015-12-20,BTC / USD,442.2988
"1,984",2015-12-21,BTC / USD,437.2047
"1,985",2015-12-22,BTC / USD,434.6732
"1,986",2015-12-23,BTC / USD,442.4148
"1,987",2015-12-24,BTC / USD,455.7401
"1,988",2015-12-25,BTC / USD,455.8559
"1,989",2015-12-26,BTC / USD,418.4737
"1,990",2015-12-27,BTC / USD,422.2507
"1,991",2015-12-28,BTC / USD,421.6523
"1,992",2015-12-29,BTC / USD,432.9424
"1,993",2015-12-30,BTC / USD,426.9733
"1,994",2015-12-31,BTC / USD,430.2114
"1,995",2016-01-01,BTC / USD,434.8840
"1,996",2016-01-02,BTC / USD,434.9224
"1,997",2016-01-03,BTC / USD,430.9998
"1,998",2016-01-04,BTC / USD,433.9020
"1,999",2016-01-05,BTC / USD,433.1666
"2,000",2016-01-06,BTC / USD,429.9253
"2,001",2016-01-07,BTC / USD,458.7099
"2,002",2016-01-08,BTC / USD,454.0533
"2,003",2016-01-09,BTC / USD,449.6972
"2,004",2016-01-10,BTC / USD,448.9536
"2,005",2016-01-11,BTC / USD,448.6952
"2,006",2016-01-12,BTC / USD,435.4856
"2,007",2016-01-13,BTC / USD,432.6578
"2,008",2016-01-14,BTC / USD,430.0250
"2,009",2016-01-15,BTC / USD,362.4306
"2,010",2016-01-16,BTC / USD,388.1882
"2,011",2016-01-17,BTC / USD,379.1487
"2,012",2016-01-18,BTC / USD,384.9289
"2,013",2016-01-19,BTC / USD,376.7663
"2,014",2016-01-20,BTC / USD,419.2253
"2,015",2016-01-21,BTC / USD,409.2681
"2,016",2016-01-22,BTC / USD,383.2949
"2,017",2016-01-23,BTC / USD,386.9159
"2,018",2016-01-24,BTC / USD,402.8011
"2,019",2016-01-25,BTC / USD,391.1213
"2,020",2016-01-26,BTC / USD,391.6668
"2,021",2016-01-27,BTC / USD,394.4467
"2,022",2016-01-28,BTC / USD,379.7506
"2,023",2016-01-29,BTC / USD,378.6405
"2,024",2016-01-30,BTC / USD,377.3489
"2,025",2016-01-31,BTC / USD,367.9509
"2,026",2016-02-01,BTC / USD,371.3705
"2,027",2016-02-02,BTC / USD,372.9623
"2,028",2016-02-03,BTC / USD,368.5349
"2,029",2016-02-04,BTC / USD,388.0950
"2,030",2016-02-05,BTC / USD,383.9341
"2,031",2016-02-06,BTC / USD,375.2274
"2,032",2016-02-07,BTC / USD,376.4286
"2,033",2016-02-08,BTC / USD,371.2169
"2,034",2016-02-09,BTC / USD,372.7624
"2,035",2016-02-10,BTC / USD,378.9517
"2,036",2016-02-11,BTC / USD,378.1484
"2,037",2016-02-12,BTC / USD,382.3921
"2,038",2016-02-13,BTC / USD,390.6504
"2,039",2016-02-14,BTC / USD,406.5741
"2,040",2016-02-15,BTC / USD,398.8082
"2,041",2016-02-16,BTC / USD,407.2382
"2,042",2016-02-17,BTC / USD,414.8979
"2,043",2016-02-18,BTC / USD,421.1657
"2,044",2016-02-19,BTC / USD,420.4435
"2,045",2016-02-20,BTC / USD,434.6179
"2,046",2016-02-21,BTC / USD,438.4724
"2,047",2016-02-22,BTC / USD,437.4890
"2,048",2016-02-23,BTC / USD,419.6102
"2,049",2016-02-24,BTC / USD,423.8513
"2,050",2016-02-25,BTC / USD,423.5094
"2,051",2016-02-26,BTC / USD,430.6720
"2,052",2016-02-27,BTC / USD,432.1432
"2,053",2016-02-28,BTC / USD,431.5065
"2,054",2016-02-29,BTC / USD,436.4222
"2,055",2016-03-01,BTC / USD,433.2277
"2,056",2016-03-02,BTC / USD,420.1262
"2,057",2016-03-03,BTC / USD,419.3116
"2,058",2016-03-04,BTC / USD,407.2361
"2,059",2016-03-05,BTC / USD,398.5024
"2,060",2016-03-06,BTC / USD,404.6278
"2,061",2016-03-07,BTC / USD,412.8006
"2,062",2016-03-08,BTC / USD,411.4093
"2,063",2016-03-09,BTC / USD,412.5996
"2,064",2016-03-10,BTC / USD,415.9657
"2,065",2016-03-11,BTC / USD,419.6453
"2,066",2016-03-12,BTC / USD,410.1399
"2,067",2016-03-13,BTC / USD,412.6153
"2,068",2016-03-14,BTC / USD,415.0544
"2,069",2016-03-15,BTC / USD,415.4743
"2,070",2016-03-16,BTC / USD,416.2382
"2,071",2016-03-17,BTC / USD,418.5087
"2,072",2016-03-18,BTC / USD,409.2495
"2,073",2016-03-19,BTC / USD,409.6114
"2,074",2016-03-20,BTC / USD,411.6683
"2,075",2016-03-21,BTC / USD,411.7586
"2,076",2016-03-22,BTC / USD,416.5476
"2,077",2016-03-23,BTC / USD,417.5388
"2,078",2016-03-24,BTC / USD,412.6839
"2,079",2016-03-25,BTC / USD,416.3596
"2,080",2016-03-26,BTC / USD,416.9230
"2,081",2016-03-27,BTC / USD,425.0114
"2,082",2016-03-28,BTC / USD,422.6783
"2,083",2016-03-29,BTC / USD,416.1196
"2,084",2016-03-30,BTC / USD,413.0844
"2,085",2016-03-31,BTC / USD,415.5563
"2,086",2016-04-01,BTC / USD,417.1656
"2,087",2016-04-02,BTC / USD,419.7207
"2,088",2016-04-03,BTC / USD,419.8253
"2,089",2016-04-04,BTC / USD,419.3623
"2,090",2016-04-05,BTC / USD,422.2473
"2,091",2016-04-06,BTC / USD,421.3124
"2,092",2016-04-07,BTC / USD,421.1525
"2,093",2016-04-08,BTC / USD,418.7008
"2,094",2016-04-09,BTC / USD,419.1189
"2,095",2016-04-10,BTC / USD,422.0638
"2,096",2016-04-11,BTC / USD,423.4444
"2,097",2016-04-12,BTC / USD,426.7721
"2,098",2016-04-13,BTC / USD,424.9491
"2,099",2016-04-14,BTC / USD,425.7383
"2,100",2016-04-15,BTC / USD,430.4106
"2,101",2016-04-16,BTC / USD,433.2765
"2,102",2016-04-17,BTC / USD,428.9189
"2,103",2016-04-18,BTC / USD,429.6255
"2,104",2016-04-19,BTC / USD,436.6869
"2,105",2016-04-20,BTC / USD,442.4563
"2,106",2016-04-21,BTC / USD,451.6681
"2,107",2016-04-22,BTC / USD,448.0902
"2,108",2016-04-23,BTC / USD,455.4869
"2,109",2016-04-24,BTC / USD,462.2532
"2,110",2016-04-25,BTC / USD,464.5798
"2,111",2016-04-26,BTC / USD,469.6017
"2,112",2016-04-27,BTC / USD,444.5981
"2,113",2016-04-28,BTC / USD,451.7265
"2,114",2016-04-29,BTC / USD,457.4444
"2,115",2016-04-30,BTC / USD,453.3581
"2,116",2016-05-01,BTC / USD,454.3377
"2,117",2016-05-02,BTC / USD,445.7293
"2,118",2016-05-03,BTC / USD,451.5019
"2,119",2016-05-04,BTC / USD,448.0019
"2,120",2016-05-05,BTC / USD,449.2282
"2,121",2016-05-06,BTC / USD,460.9600
"2,122",2016-05-07,BTC / USD,461.1381
"2,123",2016-05-08,BTC / USD,461.5625
"2,124",2016-05-09,BTC / USD,463.8478
"2,125",2016-05-10,BTC / USD,452.3892
"2,126",2016-05-11,BTC / USD,454.4614
"2,127",2016-05-12,BTC / USD,455.5386
"2,128",2016-05-13,BTC / USD,457.6083
"2,129",2016-05-14,BTC / USD,458.4449
"2,130",2016-05-15,BTC / USD,460.9721
"2,131",2016-05-16,BTC / USD,454.6211
"2,132",2016-05-17,BTC / USD,453.8437
"2,133",2016-05-18,BTC / USD,454.9560
"2,134",2016-05-19,BTC / USD,438.5471
"2,135",2016-05-20,BTC / USD,445.2145
"2,136",2016-05-21,BTC / USD,445.7950
"2,137",2016-05-22,BTC / USD,441.1174
"2,138",2016-05-23,BTC / USD,445.0955
"2,139",2016-05-24,BTC / USD,445.7460
"2,140",2016-05-25,BTC / USD,451.3403
"2,141",2016-05-26,BTC / USD,454.0835
"2,142",2016-05-27,BTC / USD,470.6679
"2,143",2016-05-28,BTC / USD,523.4011
"2,144",2016-05-29,BTC / USD,522.4013
"2,145",2016-05-30,BTC / USD,531.7697
"2,146",2016-05-31,BTC / USD,531.5451
"2,147",2016-06-01,BTC / USD,534.9292
"2,148",2016-06-02,BTC / USD,538.0219
"2,149",2016-06-03,BTC / USD,570.0249
"2,150",2016-06-04,BTC / USD,574.1045
"2,151",2016-06-05,BTC / USD,574.6507
"2,152",2016-06-06,BTC / USD,585.2449
"2,153",2016-06-07,BTC / USD,578.1195
"2,154",2016-06-08,BTC / USD,583.0049
"2,155",2016-06-09,BTC / USD,577.0760
"2,156",2016-06-10,BTC / USD,579.8213
"2,157",2016-06-11,BTC / USD,607.1743
"2,158",2016-06-12,BTC / USD,671.0888
"2,159",2016-06-13,BTC / USD,705.2537
"2,160",2016-06-14,BTC / USD,685.1158
"2,161",2016-06-15,BTC / USD,697.4923
"2,162",2016-06-16,BTC / USD,768.6543
"2,163",2016-06-17,BTC / USD,752.9334
"2,164",2016-06-18,BTC / USD,757.3417
"2,165",2016-06-19,BTC / USD,767.4518
"2,166",2016-06-20,BTC / USD,715.3350
"2,167",2016-06-21,BTC / USD,667.2175
"2,168",2016-06-22,BTC / USD,597.5624
"2,169",2016-06-23,BTC / USD,627.9658
"2,170",2016-06-24,BTC / USD,667.5469
"2,171",2016-06-25,BTC / USD,665.7126
"2,172",2016-06-26,BTC / USD,633.8909
"2,173",2016-06-27,BTC / USD,657.0425
"2,174",2016-06-28,BTC / USD,647.9138
"2,175",2016-06-29,BTC / USD,637.0943
"2,176",2016-06-30,BTC / USD,672.6324
"2,177",2016-07-01,BTC / USD,677.7523
"2,178",2016-07-02,BTC / USD,703.0031
"2,179",2016-07-03,BTC / USD,661.4399
"2,180",2016-07-04,BTC / USD,681.3720
"2,181",2016-07-05,BTC / USD,669.5220
"2,182",2016-07-06,BTC / USD,677.0220
"2,183",2016-07-07,BTC / USD,640.7836
"2,184",2016-07-08,BTC / USD,665.8420
"2,185",2016-07-09,BTC / USD,657.3185
"2,186",2016-07-10,BTC / USD,651.3048
"2,187",2016-07-11,BTC / USD,651.1524
"2,188",2016-07-12,BTC / USD,665.2700
"2,189",2016-07-13,BTC / USD,655.2106
"2,190",2016-07-14,BTC / USD,660.2911
"2,191",2016-07-15,BTC / USD,666.4306
"2,192",2016-07-16,BTC / USD,663.3188
"2,193",2016-07-17,BTC / USD,679.8342
"2,194",2016-07-18,BTC / USD,675.0654
"2,195",2016-07-19,BTC / USD,674.0658
"2,196",2016-07-20,BTC / USD,667.3265
"2,197",2016-07-21,BTC / USD,667.2942
"2,198",2016-07-22,BTC / USD,653.2611
"2,199",2016-07-23,BTC / USD,655.5560
"2,200",2016-07-24,BTC / USD,661.2850
"2,201",2016-07-25,BTC / USD,654.0970
"2,202",2016-07-26,BTC / USD,651.7840
"2,203",2016-07-27,BTC / USD,654.3520
"2,204",2016-07-28,BTC / USD,655.0350
"2,205",2016-07-29,BTC / USD,656.9920
"2,206",2016-07-30,BTC / USD,655.0470
"2,207",2016-07-31,BTC / USD,624.6810
"2,208",2016-08-01,BTC / USD,606.2720
"2,209",2016-08-02,BTC / USD,547.4650
"2,210",2016-08-03,BTC / USD,566.3550
"2,211",2016-08-04,BTC / USD,578.2890
"2,212",2016-08-05,BTC / USD,575.0430
"2,213",2016-08-06,BTC / USD,587.7780
"2,214",2016-08-07,BTC / USD,592.6900
"2,215",2016-08-08,BTC / USD,591.0540
"2,216",2016-08-09,BTC / USD,587.8010
"2,217",2016-08-10,BTC / USD,592.1030
"2,218",2016-08-11,BTC / USD,589.1200
"2,219",2016-08-12,BTC / USD,587.5590
"2,220",2016-08-13,BTC / USD,585.5880
"2,221",2016-08-14,BTC / USD,570.4730
"2,222",2016-08-15,BTC / USD,567.2400
"2,223",2016-08-16,BTC / USD,577.4390
"2,224",2016-08-17,BTC / USD,573.2160
"2,225",2016-08-18,BTC / USD,574.3180
"2,226",2016-08-19,BTC / USD,575.6300
"2,227",2016-08-20,BTC / USD,581.6970
"2,228",2016-08-21,BTC / USD,581.3080
"2,229",2016-08-22,BTC / USD,586.7530
"2,230",2016-08-23,BTC / USD,583.4150
"2,231",2016-08-24,BTC / USD,580.1820
"2,232",2016-08-25,BTC / USD,577.7610
"2,233",2016-08-26,BTC / USD,579.6510
"2,234",2016-08-27,BTC / USD,569.9470
"2,235",2016-08-28,BTC / USD,573.9120
"2,236",2016-08-29,BTC / USD,574.1070
"2,237",2016-08-30,BTC / USD,577.5030
"2,238",2016-08-31,BTC / USD,575.4720
"2,239",2016-09-01,BTC / USD,572.3030
"2,240",2016-09-02,BTC / USD,575.5370
"2,241",2016-09-03,BTC / USD,598.2120
"2,242",2016-09-04,BTC / USD,608.6340
"2,243",2016-09-05,BTC / USD,606.5900
"2,244",2016-09-06,BTC / USD,610.4360
"2,245",2016-09-07,BTC / USD,614.5440
"2,246",2016-09-08,BTC / USD,626.3160
"2,247",2016-09-09,BTC / USD,622.8610
"2,248",2016-09-10,BTC / USD,623.5090
"2,249",2016-09-11,BTC / USD,606.7190
"2,250",2016-09-12,BTC / USD,608.2430
"2,251",2016-09-13,BTC / USD,609.2410
"2,252",2016-09-14,BTC / USD,610.6840
"2,253",2016-09-15,BTC / USD,607.1550
"2,254",2016-09-16,BTC / USD,606.9730
"2,255",2016-09-17,BTC / USD,605.9840
"2,256",2016-09-18,BTC / USD,609.8740
"2,257",2016-09-19,BTC / USD,609.2270
"2,258",2016-09-20,BTC / USD,608.3120
"2,259",2016-09-21,BTC / USD,597.1490
"2,260",2016-09-22,BTC / USD,596.2980
"2,261",2016-09-23,BTC / USD,602.8420
"2,262",2016-09-24,BTC / USD,602.6250
"2,263",2016-09-25,BTC / USD,600.8260
"2,264",2016-09-26,BTC / USD,608.0430
"2,265",2016-09-27,BTC / USD,606.1660
"2,266",2016-09-28,BTC / USD,604.7280
"2,267",2016-09-29,BTC / USD,605.6930
"2,268",2016-09-30,BTC / USD,609.7350
"2,269",2016-10-01,BTC / USD,613.9830
"2,270",2016-10-02,BTC / USD,610.8920
"2,271",2016-10-03,BTC / USD,612.1330
"2,272",2016-10-04,BTC / USD,610.2040
"2,273",2016-10-05,BTC / USD,612.5110
"2,274",2016-10-06,BTC / USD,613.0210
"2,275",2016-10-07,BTC / USD,617.1210
"2,276",2016-10-08,BTC / USD,619.1080
"2,277",2016-10-09,BTC / USD,616.7520
"2,278",2016-10-10,BTC / USD,618.9940
"2,279",2016-10-11,BTC / USD,641.0720
"2,280",2016-10-12,BTC / USD,636.1920
"2,281",2016-10-13,BTC / USD,636.7860
"2,282",2016-10-14,BTC / USD,640.3780
"2,283",2016-10-15,BTC / USD,638.6460
"2,284",2016-10-16,BTC / USD,641.6310
"2,285",2016-10-17,BTC / USD,639.1930
"2,286",2016-10-18,BTC / USD,637.9600
"2,287",2016-10-19,BTC / USD,630.5200
"2,288",2016-10-20,BTC / USD,630.8570
"2,289",2016-10-21,BTC / USD,632.8280
"2,290",2016-10-22,BTC / USD,657.2940
"2,291",2016-10-23,BTC / USD,657.0710
"2,292",2016-10-24,BTC / USD,653.7610
"2,293",2016-10-25,BTC / USD,657.5880
"2,294",2016-10-26,BTC / USD,678.3040
"2,295",2016-10-27,BTC / USD,688.3130
"2,296",2016-10-28,BTC / USD,689.6510
"2,297",2016-10-29,BTC / USD,714.4790
"2,298",2016-10-30,BTC / USD,701.8640
"2,299",2016-10-31,BTC / USD,700.9720
"2,300",2016-11-01,BTC / USD,729.7930
"2,301",2016-11-02,BTC / USD,740.8290
"2,302",2016-11-03,BTC / USD,688.7000
"2,303",2016-11-04,BTC / USD,703.2350
"2,304",2016-11-05,BTC / USD,703.4180
"2,305",2016-11-06,BTC / USD,711.5220
"2,306",2016-11-07,BTC / USD,703.1310
"2,307",2016-11-08,BTC / USD,709.8480
"2,308",2016-11-09,BTC / USD,723.2730
"2,309",2016-11-10,BTC / USD,715.5340
"2,310",2016-11-11,BTC / USD,716.4110
"2,311",2016-11-12,BTC / USD,705.0540
"2,312",2016-11-13,BTC / USD,702.0310
"2,313",2016-11-14,BTC / USD,705.0210
"2,314",2016-11-15,BTC / USD,711.6190
"2,315",2016-11-16,BTC / USD,744.1980
"2,316",2016-11-17,BTC / USD,740.9770
"2,317",2016-11-18,BTC / USD,751.5850
"2,318",2016-11-19,BTC / USD,751.6160
"2,319",2016-11-20,BTC / USD,731.0260
"2,320",2016-11-21,BTC / USD,739.2480
"2,321",2016-11-22,BTC / USD,751.3470
"2,322",2016-11-23,BTC / USD,744.5940
"2,323",2016-11-24,BTC / USD,740.2890
"2,324",2016-11-25,BTC / USD,741.6490
"2,325",2016-11-26,BTC / USD,735.3820
"2,326",2016-11-27,BTC / USD,732.0350
"2,327",2016-11-28,BTC / USD,735.8130
"2,328",2016-11-29,BTC / USD,735.6040
"2,329",2016-11-30,BTC / USD,745.6910
"2,330",2016-12-01,BTC / USD,756.7740
"2,331",2016-12-02,BTC / USD,777.9440
"2,332",2016-12-03,BTC / USD,771.1550
"2,333",2016-12-04,BTC / USD,773.8720
"2,334",2016-12-05,BTC / USD,758.7000
"2,335",2016-12-06,BTC / USD,764.2240
"2,336",2016-12-07,BTC / USD,768.1320
"2,337",2016-12-08,BTC / USD,770.8100
"2,338",2016-12-09,BTC / USD,772.7940
"2,339",2016-12-10,BTC / USD,774.6500
"2,340",2016-12-11,BTC / USD,769.7310
"2,341",2016-12-12,BTC / USD,780.0870
"2,342",2016-12-13,BTC / USD,780.5560
"2,343",2016-12-14,BTC / USD,781.4810
"2,344",2016-12-15,BTC / USD,778.0880
"2,345",2016-12-16,BTC / USD,784.9070
"2,346",2016-12-17,BTC / USD,790.8290
"2,347",2016-12-18,BTC / USD,790.5300
"2,348",2016-12-19,BTC / USD,792.7140
"2,349",2016-12-20,BTC / USD,800.8760
"2,350",2016-12-21,BTC / USD,834.2810
"2,351",2016-12-22,BTC / USD,864.5400
"2,352",2016-12-23,BTC / USD,921.9840
"2,353",2016-12-24,BTC / USD,898.8220
"2,354",2016-12-25,BTC / USD,896.1830
"2,355",2016-12-26,BTC / USD,907.6100
"2,356",2016-12-27,BTC / USD,933.1980
"2,357",2016-12-28,BTC / USD,975.9210
"2,358",2016-12-29,BTC / USD,973.4970
"2,359",2016-12-30,BTC / USD,961.2380
"2,360",2016-12-31,BTC / USD,963.7430
"2,361",2017-01-01,BTC / USD,998.3250
"2,362",2017-01-02,BTC / USD,1021.7500
"2,363",2017-01-03,BTC / USD,1043.8400
"2,364",2017-01-04,BTC / USD,1154.7300
"2,365",2017-01-05,BTC / USD,1013.3800
"2,366",2017-01-06,BTC / USD,902.2010
"2,367",2017-01-07,BTC / USD,908.5850
"2,368",2017-01-08,BTC / USD,911.1990
"2,369",2017-01-09,BTC / USD,902.8280
"2,370",2017-01-10,BTC / USD,907.6790
"2,371",2017-01-11,BTC / USD,777.7570
"2,372",2017-01-12,BTC / USD,804.8340
"2,373",2017-01-13,BTC / USD,823.9840
"2,374",2017-01-14,BTC / USD,818.4120
"2,375",2017-01-15,BTC / USD,821.7980
"2,376",2017-01-16,BTC / USD,831.5340
"2,377",2017-01-17,BTC / USD,907.9380
"2,378",2017-01-18,BTC / USD,886.6180
"2,379",2017-01-19,BTC / USD,899.0730
"2,380",2017-01-20,BTC / USD,895.0260
"2,381",2017-01-21,BTC / USD,921.7890
"2,382",2017-01-22,BTC / USD,924.6730
"2,383",2017-01-23,BTC / USD,921.0120
"2,384",2017-01-24,BTC / USD,892.6870
"2,385",2017-01-25,BTC / USD,901.5420
"2,386",2017-01-26,BTC / USD,917.5860
"2,387",2017-01-27,BTC / USD,919.7500
"2,388",2017-01-28,BTC / USD,921.5900
"2,389",2017-01-29,BTC / USD,919.4960
"2,390",2017-01-30,BTC / USD,920.3820
"2,391",2017-01-31,BTC / USD,970.4030
"2,392",2017-02-01,BTC / USD,989.0230
"2,393",2017-02-02,BTC / USD,1011.8000
"2,394",2017-02-03,BTC / USD,1029.9100
"2,395",2017-02-04,BTC / USD,1042.9000
"2,396",2017-02-05,BTC / USD,1027.3400
"2,397",2017-02-06,BTC / USD,1038.1500
"2,398",2017-02-07,BTC / USD,1061.3500
"2,399",2017-02-08,BTC / USD,1063.0699
"2,400",2017-02-09,BTC / USD,994.3830
"2,401",2017-02-10,BTC / USD,988.6740
"2,402",2017-02-11,BTC / USD,1004.4500
"2,403",2017-02-12,BTC / USD,999.1810
"2,404",2017-02-13,BTC / USD,990.6420
"2,405",2017-02-14,BTC / USD,1004.5500
"2,406",2017-02-15,BTC / USD,1007.4800
"2,407",2017-02-16,BTC / USD,1027.4399
"2,408",2017-02-17,BTC / USD,1046.2100
"2,409",2017-02-18,BTC / USD,1054.4200
"2,410",2017-02-19,BTC / USD,1047.8700
"2,411",2017-02-20,BTC / USD,1079.9800
"2,412",2017-02-21,BTC / USD,1115.3000
"2,413",2017-02-22,BTC / USD,1117.4399
"2,414",2017-02-23,BTC / USD,1166.7200
"2,415",2017-02-24,BTC / USD,1173.6801
"2,416",2017-02-25,BTC / USD,1143.8400
"2,417",2017-02-26,BTC / USD,1165.2000
"2,418",2017-02-27,BTC / USD,1179.9700
"2,419",2017-02-28,BTC / USD,1179.9700
"2,420",2017-03-01,BTC / USD,1222.5000
"2,421",2017-03-02,BTC / USD,1251.0100
"2,422",2017-03-03,BTC / USD,1274.9900
"2,423",2017-03-04,BTC / USD,1255.1500
"2,424",2017-03-05,BTC / USD,1267.1200
"2,425",2017-03-06,BTC / USD,1272.8300
"2,426",2017-03-07,BTC / USD,1223.5400
"2,427",2017-03-08,BTC / USD,1150.0000
"2,428",2017-03-09,BTC / USD,1188.4900
"2,429",2017-03-10,BTC / USD,1116.7200
"2,430",2017-03-11,BTC / USD,1175.8300
"2,431",2017-03-12,BTC / USD,1221.3800
"2,432",2017-03-13,BTC / USD,1231.9200
"2,433",2017-03-14,BTC / USD,1240.0000
"2,434",2017-03-15,BTC / USD,1249.6100
"2,435",2017-03-16,BTC / USD,1187.8101
"2,436",2017-03-17,BTC / USD,1100.2300
"2,437",2017-03-18,BTC / USD,973.8180
"2,438",2017-03-19,BTC / USD,1036.7400
"2,439",2017-03-20,BTC / USD,1054.2300
"2,440",2017-03-21,BTC / USD,1120.5400
"2,441",2017-03-22,BTC / USD,1049.1400
"2,442",2017-03-23,BTC / USD,1038.5900
"2,443",2017-03-24,BTC / USD,937.5200
"2,444",2017-03-25,BTC / USD,972.7790
"2,445",2017-03-26,BTC / USD,966.7250
"2,446",2017-03-27,BTC / USD,1045.7700
"2,447",2017-03-28,BTC / USD,1047.1500
"2,448",2017-03-29,BTC / USD,1039.9700
"2,449",2017-03-30,BTC / USD,1026.4301
"2,450",2017-03-31,BTC / USD,1071.7900
"2,451",2017-04-01,BTC / USD,1080.5000
"2,452",2017-04-02,BTC / USD,1102.1700
"2,453",2017-04-03,BTC / USD,1143.8101
"2,454",2017-04-04,BTC / USD,1133.2500
"2,455",2017-04-05,BTC / USD,1124.7800
"2,456",2017-04-06,BTC / USD,1182.6801
"2,457",2017-04-07,BTC / USD,1176.9000
"2,458",2017-04-08,BTC / USD,1175.9500
"2,459",2017-04-09,BTC / USD,1187.8700
"2,460",2017-04-10,BTC / USD,1187.1300
"2,461",2017-04-11,BTC / USD,1205.0100
"2,462",2017-04-12,BTC / USD,1200.3700
"2,463",2017-04-13,BTC / USD,1169.2800
"2,464",2017-04-14,BTC / USD,1167.5400
"2,465",2017-04-15,BTC / USD,1172.5200
"2,466",2017-04-16,BTC / USD,1182.9399
"2,467",2017-04-17,BTC / USD,1193.9100
"2,468",2017-04-18,BTC / USD,1211.6700
"2,469",2017-04-19,BTC / USD,1210.2900
"2,470",2017-04-20,BTC / USD,1229.0800
"2,471",2017-04-21,BTC / USD,1222.0500
"2,472",2017-04-22,BTC / USD,1231.7100
"2,473",2017-04-23,BTC / USD,1207.2100
"2,474",2017-04-24,BTC / USD,1250.1500
"2,475",2017-04-25,BTC / USD,1265.4900
"2,476",2017-04-26,BTC / USD,1281.0800
"2,477",2017-04-27,BTC / USD,1317.7300
"2,478",2017-04-28,BTC / USD,1316.4800
"2,479",2017-04-29,BTC / USD,1321.7900
"2,480",2017-04-30,BTC / USD,1347.8900
"2,481",2017-05-01,BTC / USD,1421.6000
"2,482",2017-05-02,BTC / USD,1452.8199
"2,483",2017-05-03,BTC / USD,1490.0900
"2,484",2017-05-04,BTC / USD,1537.6700
"2,485",2017-05-05,BTC / USD,1555.4500
"2,486",2017-05-06,BTC / USD,1578.8000
"2,487",2017-05-07,BTC / USD,1596.7100
"2,488",2017-05-08,BTC / USD,1723.3500
"2,489",2017-05-09,BTC / USD,1755.3600
"2,490",2017-05-10,BTC / USD,1787.1300
"2,491",2017-05-11,BTC / USD,1848.5699
"2,492",2017-05-12,BTC / USD,1724.2400
"2,493",2017-05-13,BTC / USD,1804.9100
"2,494",2017-05-14,BTC / USD,1808.9100
"2,495",2017-05-15,BTC / USD,1738.4301
"2,496",2017-05-16,BTC / USD,1734.4500
"2,497",2017-05-17,BTC / USD,1839.0900
"2,498",2017-05-18,BTC / USD,1888.6500
"2,499",2017-05-19,BTC / USD,1987.7100
"2,500",2017-05-20,BTC / USD,2084.7300
"2,501",2017-05-21,BTC / USD,2041.2000
"2,502",2017-05-22,BTC / USD,2173.3999
"2,503",2017-05-23,BTC / USD,2320.4199
"2,504",2017-05-24,BTC / USD,2443.6399
"2,505",2017-05-25,BTC / USD,2304.9800
"2,506",2017-05-26,BTC / USD,2202.4199
"2,507",2017-05-27,BTC / USD,2038.8700
"2,508",2017-05-28,BTC / USD,2155.8000
"2,509",2017-05-29,BTC / USD,2255.6101
"2,510",2017-05-30,BTC / USD,2175.4700
"2,511",2017-05-31,BTC / USD,2286.4099
"2,512",2017-06-01,BTC / USD,2407.8799
"2,513",2017-06-02,BTC / USD,2488.5500
"2,514",2017-06-03,BTC / USD,2515.3501
"2,515",2017-06-04,BTC / USD,2511.8101
"2,516",2017-06-05,BTC / USD,2686.8101
"2,517",2017-06-06,BTC / USD,2863.2000
"2,518",2017-06-07,BTC / USD,2732.1599
"2,519",2017-06-08,BTC / USD,2805.6201
"2,520",2017-06-09,BTC / USD,2823.8101
"2,521",2017-06-10,BTC / USD,2947.7100
"2,522",2017-06-11,BTC / USD,2958.1101
"2,523",2017-06-12,BTC / USD,2659.6299
"2,524",2017-06-13,BTC / USD,2717.0200
"2,525",2017-06-14,BTC / USD,2506.3701
"2,526",2017-06-15,BTC / USD,2464.5801
"2,527",2017-06-16,BTC / USD,2518.5601
"2,528",2017-06-17,BTC / USD,2655.8799
"2,529",2017-06-18,BTC / USD,2548.2900
"2,530",2017-06-19,BTC / USD,2589.6001
"2,531",2017-06-20,BTC / USD,2721.7900
"2,532",2017-06-21,BTC / USD,2689.1001
"2,533",2017-06-22,BTC / USD,2705.4099
"2,534",2017-06-23,BTC / USD,2744.9099
"2,535",2017-06-24,BTC / USD,2608.7200
"2,536",2017-06-25,BTC / USD,2589.4099
"2,537",2017-06-26,BTC / USD,2478.4500
"2,538",2017-06-27,BTC / USD,2552.4500
"2,539",2017-06-28,BTC / USD,2574.7900
"2,540",2017-06-29,BTC / USD,2539.3201
"2,541",2017-06-30,BTC / USD,2480.8401
"2,542",2017-07-01,BTC / USD,2434.5500
"2,543",2017-07-02,BTC / USD,2506.4700
"2,544",2017-07-03,BTC / USD,2564.0601
"2,545",2017-07-04,BTC / USD,2601.6399
"2,546",2017-07-05,BTC / USD,2601.9900
"2,547",2017-07-06,BTC / USD,2608.5601
"2,548",2017-07-07,BTC / USD,2518.6599
"2,549",2017-07-08,BTC / USD,2571.3401
"2,550",2017-07-09,BTC / USD,2518.4399
"2,551",2017-07-10,BTC / USD,2372.5601
"2,552",2017-07-11,BTC / USD,2337.7900
"2,553",2017-07-12,BTC / USD,2398.8401
"2,554",2017-07-13,BTC / USD,2357.8999
"2,555",2017-07-14,BTC / USD,2233.3401
"2,556",2017-07-15,BTC / USD,1998.8600
"2,557",2017-07-16,BTC / USD,1929.8199
"2,558",2017-07-17,BTC / USD,2228.4099
"2,559",2017-07-18,BTC / USD,2318.8799
"2,560",2017-07-19,BTC / USD,2273.4299
"2,561",2017-07-20,BTC / USD,2817.6001
"2,562",2017-07-21,BTC / USD,2667.7600
"2,563",2017-07-22,BTC / USD,2810.1201
"2,564",2017-07-23,BTC / USD,2730.3999
"2,565",2017-07-24,BTC / USD,2754.8601
"2,566",2017-07-25,BTC / USD,2576.4800
"2,567",2017-07-26,BTC / USD,2529.4500
"2,568",2017-07-27,BTC / USD,2671.7800
"2,569",2017-07-28,BTC / USD,2809.0100
"2,570",2017-07-29,BTC / USD,2726.4500
"2,571",2017-07-30,BTC / USD,2757.1799
"2,572",2017-07-31,BTC / USD,2875.3401
"2,573",2017-08-01,BTC / USD,2718.2600
"2,574",2017-08-02,BTC / USD,2710.6699
"2,575",2017-08-03,BTC / USD,2804.7300
"2,576",2017-08-04,BTC / USD,2895.8899
"2,577",2017-08-05,BTC / USD,3252.9099
"2,578",2017-08-06,BTC / USD,3213.9399
"2,579",2017-08-07,BTC / USD,3378.9399
"2,580",2017-08-08,BTC / USD,3419.9399
"2,581",2017-08-09,BTC / USD,3342.4700
"2,582",2017-08-10,BTC / USD,3381.2800
"2,583",2017-08-11,BTC / USD,3650.6201
"2,584",2017-08-12,BTC / USD,3884.7100
"2,585",2017-08-13,BTC / USD,4073.2600
"2,586",2017-08-14,BTC / USD,4325.1299
"2,587",2017-08-15,BTC / USD,4181.9302
"2,588",2017-08-16,BTC / USD,4376.6299
"2,589",2017-08-17,BTC / USD,4331.6899
"2,590",2017-08-18,BTC / USD,4160.6201
"2,591",2017-08-19,BTC / USD,4193.7002
"2,592",2017-08-20,BTC / USD,4087.6599
"2,593",2017-08-21,BTC / USD,4001.7400
"2,594",2017-08-22,BTC / USD,4100.5200
"2,595",2017-08-23,BTC / USD,4151.5200
"2,596",2017-08-24,BTC / USD,4334.6802
"2,597",2017-08-25,BTC / USD,4371.6001
"2,598",2017-08-26,BTC / USD,4352.3999
"2,599",2017-08-27,BTC / USD,4382.8799
"2,600",2017-08-28,BTC / USD,4382.6602
"2,601",2017-08-29,BTC / USD,4579.0200
"2,602",2017-08-30,BTC / USD,4565.2998
"2,603",2017-08-31,BTC / USD,4703.3901
"2,604",2017-09-01,BTC / USD,4892.0098
"2,605",2017-09-02,BTC / USD,4578.7700
"2,606",2017-09-03,BTC / USD,4582.9600
"2,607",2017-09-04,BTC / USD,4236.3101
"2,608",2017-09-05,BTC / USD,4376.5298
"2,609",2017-09-06,BTC / USD,4597.1201
"2,610",2017-09-07,BTC / USD,4599.8799
"2,611",2017-09-08,BTC / USD,4228.7500
"2,612",2017-09-09,BTC / USD,4226.0601
"2,613",2017-09-10,BTC / USD,4122.9399
"2,614",2017-09-11,BTC / USD,4161.2700
"2,615",2017-09-12,BTC / USD,4130.8101
"2,616",2017-09-13,BTC / USD,3882.5901
"2,617",2017-09-14,BTC / USD,3154.9500
"2,618",2017-09-15,BTC / USD,3637.5200
"2,619",2017-09-16,BTC / USD,3625.0400
"2,620",2017-09-17,BTC / USD,3582.8799
"2,621",2017-09-18,BTC / USD,4065.2000
"2,622",2017-09-19,BTC / USD,3924.9700
"2,623",2017-09-20,BTC / USD,3905.9500
"2,624",2017-09-21,BTC / USD,3631.0400
"2,625",2017-09-22,BTC / USD,3630.7000
"2,626",2017-09-23,BTC / USD,3792.3999
"2,627",2017-09-24,BTC / USD,3682.8401
"2,628",2017-09-25,BTC / USD,3926.0701
"2,629",2017-09-26,BTC / USD,3892.3501
"2,630",2017-09-27,BTC / USD,4200.6699
"2,631",2017-09-28,BTC / USD,4174.7300
"2,632",2017-09-29,BTC / USD,4163.0698
"2,633",2017-09-30,BTC / USD,4338.7100
"2,634",2017-10-01,BTC / USD,4403.7402
"2,635",2017-10-02,BTC / USD,4409.3198
"2,636",2017-10-03,BTC / USD,4317.4800
"2,637",2017-10-04,BTC / USD,4229.3599
"2,638",2017-10-05,BTC / USD,4328.4102
"2,639",2017-10-06,BTC / USD,4370.8101
"2,640",2017-10-07,BTC / USD,4426.8901
"2,641",2017-10-08,BTC / USD,4610.4800
"2,642",2017-10-09,BTC / USD,4772.0200
"2,643",2017-10-10,BTC / USD,4781.9902
"2,644",2017-10-11,BTC / USD,4826.4800
"2,645",2017-10-12,BTC / USD,5446.9102
"2,646",2017-10-13,BTC / USD,5647.2100
"2,647",2017-10-14,BTC / USD,5831.7900
"2,648",2017-10-15,BTC / USD,5678.1899
"2,649",2017-10-16,BTC / USD,5725.5898
"2,650",2017-10-17,BTC / USD,5605.5098
"2,651",2017-10-18,BTC / USD,5590.6899
"2,652",2017-10-19,BTC / USD,5708.5200
"2,653",2017-10-20,BTC / USD,6011.4502
"2,654",2017-10-21,BTC / USD,6031.6001
"2,655",2017-10-22,BTC / USD,6008.4199
"2,656",2017-10-23,BTC / USD,5930.3198
"2,657",2017-10-24,BTC / USD,5526.6401
"2,658",2017-10-25,BTC / USD,5750.7998
"2,659",2017-10-26,BTC / USD,5904.8301
"2,660",2017-10-27,BTC / USD,5780.8999
"2,661",2017-10-28,BTC / USD,5753.0898
"2,662",2017-10-29,BTC / USD,6153.8501
"2,663",2017-10-30,BTC / USD,6130.5298
"2,664",2017-10-31,BTC / USD,6468.3999
"2,665",2017-11-01,BTC / USD,6767.3101
"2,666",2017-11-02,BTC / USD,7078.5000
"2,667",2017-11-03,BTC / USD,7207.7598
"2,668",2017-11-04,BTC / USD,7379.9502
"2,669",2017-11-05,BTC / USD,7407.4102
"2,670",2017-11-06,BTC / USD,7022.7598
"2,671",2017-11-07,BTC / USD,7144.3799
"2,672",2017-11-08,BTC / USD,7459.6899
"2,673",2017-11-09,BTC / USD,7143.5801
"2,674",2017-11-10,BTC / USD,6618.1401
"2,675",2017-11-11,BTC / USD,6357.6001
"2,676",2017-11-12,BTC / USD,5950.0698
"2,677",2017-11-13,BTC / USD,6559.4902
"2,678",2017-11-14,BTC / USD,6635.7500
"2,679",2017-11-15,BTC / USD,7315.5400
"2,680",2017-11-16,BTC / USD,7871.6899
"2,681",2017-11-17,BTC / USD,7708.9902
"2,682",2017-11-18,BTC / USD,7790.1499
"2,683",2017-11-19,BTC / USD,8036.4902
"2,684",2017-11-20,BTC / USD,8200.6396
"2,685",2017-11-21,BTC / USD,8071.2598
"2,686",2017-11-22,BTC / USD,8253.5498
"2,687",2017-11-23,BTC / USD,8038.7700
"2,688",2017-11-24,BTC / USD,8253.6904
"2,689",2017-11-25,BTC / USD,8790.9199
"2,690",2017-11-26,BTC / USD,9330.5498
"2,691",2017-11-27,BTC / USD,9818.3496
"2,692",2017-11-28,BTC / USD,10058.7998
"2,693",2017-11-29,BTC / USD,9888.6104
"2,694",2017-11-30,BTC / USD,10233.5996
"2,695",2017-12-01,BTC / USD,10975.5996
"2,696",2017-12-02,BTC / USD,11074.5996
"2,697",2017-12-03,BTC / USD,11323.2002
"2,698",2017-12-04,BTC / USD,11657.2002
"2,699",2017-12-05,BTC / USD,11916.7002
"2,700",2017-12-06,BTC / USD,14291.5000
"2,701",2017-12-07,BTC / USD,17899.6992
"2,702",2017-12-08,BTC / USD,16569.4004
"2,703",2017-12-09,BTC / USD,15178.2002
"2,704",2017-12-10,BTC / USD,15455.4004
"2,705",2017-12-11,BTC / USD,16936.8008
"2,706",2017-12-12,BTC / USD,17415.4004
"2,707",2017-12-13,BTC / USD,16408.1992
"2,708",2017-12-14,BTC / USD,16564.0000
"2,709",2017-12-15,BTC / USD,17706.9004
"2,710",2017-12-16,BTC / USD,19497.4004
"2,711",2017-12-17,BTC / USD,19140.8008
"2,712",2017-12-18,BTC / USD,19114.1992
"2,713",2017-12-19,BTC / USD,17776.6992
"2,714",2017-12-20,BTC / USD,16624.5996
"2,715",2017-12-21,BTC / USD,15802.9004
"2,716",2017-12-22,BTC / USD,13831.7998
"2,717",2017-12-23,BTC / USD,14699.2002
"2,718",2017-12-24,BTC / USD,13925.7998
"2,719",2017-12-25,BTC / USD,14026.5996
"2,720",2017-12-26,BTC / USD,16099.7998
"2,721",2017-12-27,BTC / USD,15838.5000
"2,722",2017-12-28,BTC / USD,14606.5000
"2,723",2017-12-29,BTC / USD,14656.2002
"2,724",2017-12-30,BTC / USD,12952.2002
"2,725",2017-12-31,BTC / USD,14156.4004
"2,726",2018-01-01,BTC / USD,13657.2002
"2,727",2018-01-02,BTC / USD,14982.0996
"2,728",2018-01-03,BTC / USD,15201.0000
"2,729",2018-01-04,BTC / USD,15599.2002
"2,730",2018-01-05,BTC / USD,17429.5000
"2,731",2018-01-06,BTC / USD,17527.0000
"2,732",2018-01-07,BTC / USD,16477.5996
"2,733",2018-01-08,BTC / USD,15170.0996
"2,734",2018-01-09,BTC / USD,14595.4004
"2,735",2018-01-10,BTC / USD,14973.2998
"2,736",2018-01-11,BTC / USD,13405.7998
"2,737",2018-01-12,BTC / USD,13980.5996
"2,738",2018-01-13,BTC / USD,14360.2002
"2,739",2018-01-14,BTC / USD,13772.0000
"2,740",2018-01-15,BTC / USD,13819.7998
"2,741",2018-01-16,BTC / USD,11490.5000
"2,742",2018-01-17,BTC / USD,11188.5996
"2,743",2018-01-18,BTC / USD,11474.9004
"2,744",2018-01-19,BTC / USD,11607.4004
"2,745",2018-01-20,BTC / USD,12899.2002
"2,746",2018-01-21,BTC / USD,11600.0996
"2,747",2018-01-22,BTC / USD,10931.4004
"2,748",2018-01-23,BTC / USD,10868.4004
"2,749",2018-01-24,BTC / USD,11359.4004
"2,750",2018-01-25,BTC / USD,11259.4004
"2,751",2018-01-26,BTC / USD,11171.4004
"2,752",2018-01-27,BTC / USD,11440.7002
"2,753",2018-01-28,BTC / USD,11786.2998
"2,754",2018-01-29,BTC / USD,11296.4004
"2,755",2018-01-30,BTC / USD,10106.2998
"2,756",2018-01-31,BTC / USD,10221.0996
"2,757",2018-02-01,BTC / USD,9170.5400
"2,758",2018-02-02,BTC / USD,8830.7500
"2,759",2018-02-03,BTC / USD,9174.9102
"2,760",2018-02-04,BTC / USD,8277.0098
"2,761",2018-02-05,BTC / USD,6955.2700
"2,762",2018-02-06,BTC / USD,7754.0000
"2,763",2018-02-07,BTC / USD,7621.2998
"2,764",2018-02-08,BTC / USD,8265.5898
"2,765",2018-02-09,BTC / USD,8736.9805
"2,766",2018-02-10,BTC / USD,8621.9004
"2,767",2018-02-11,BTC / USD,8129.9702
"2,768",2018-02-12,BTC / USD,8926.5703
"2,769",2018-02-13,BTC / USD,8598.3096
"2,770",2018-02-14,BTC / USD,9494.6299
"2,771",2018-02-15,BTC / USD,10166.4004
"2,772",2018-02-16,BTC / USD,10233.9004
"2,773",2018-02-17,BTC / USD,11112.7002
"2,774",2018-02-18,BTC / USD,10551.7998
"2,775",2018-02-19,BTC / USD,11225.2998
"2,776",2018-02-20,BTC / USD,11403.7002
"2,777",2018-02-21,BTC / USD,10690.4004
"2,778",2018-02-22,BTC / USD,10005.0000
"2,779",2018-02-23,BTC / USD,10301.0996
"2,780",2018-02-24,BTC / USD,9813.0703
"2,781",2018-02-25,BTC / USD,9664.7305
"2,782",2018-02-26,BTC / USD,10366.7002
"2,783",2018-02-27,BTC / USD,10725.5996
"2,784",2018-02-28,BTC / USD,10397.9004
"2,785",2018-03-01,BTC / USD,10951.0000
"2,786",2018-03-02,BTC / USD,11086.4004
"2,787",2018-03-03,BTC / USD,11489.7002
"2,788",2018-03-04,BTC / USD,11512.5996
"2,789",2018-03-05,BTC / USD,11573.2998
"2,790",2018-03-06,BTC / USD,10779.9004
"2,791",2018-03-07,BTC / USD,9965.5703
"2,792",2018-03-08,BTC / USD,9395.0098
"2,793",2018-03-09,BTC / USD,9337.5498
"2,794",2018-03-10,BTC / USD,8866.0000
"2,795",2018-03-11,BTC / USD,9578.6299
"2,796",2018-03-12,BTC / USD,9205.1201
"2,797",2018-03-13,BTC / USD,9194.8496
"2,798",2018-03-14,BTC / USD,8269.8096
"2,799",2018-03-15,BTC / USD,8300.8604
"2,800",2018-03-16,BTC / USD,8338.3496
"2,801",2018-03-17,BTC / USD,7916.8799
"2,802",2018-03-18,BTC / USD,8223.6797
"2,803",2018-03-19,BTC / USD,8630.6504
"2,804",2018-03-20,BTC / USD,8913.4697
"2,805",2018-03-21,BTC / USD,8929.2803
"2,806",2018-03-22,BTC / USD,8728.4697
"2,807",2018-03-23,BTC / USD,8879.6201
"2,808",2018-03-24,BTC / USD,8668.1201
"2,809",2018-03-25,BTC / USD,8495.7803
"2,810",2018-03-26,BTC / USD,8209.4004
"2,811",2018-03-27,BTC / USD,7833.0400
"2,812",2018-03-28,BTC / USD,7954.4800
"2,813",2018-03-29,BTC / USD,7165.7002
"2,814",2018-03-30,BTC / USD,6890.5200
"2,815",2018-03-31,BTC / USD,6973.5298
"2,816",2018-04-01,BTC / USD,6844.2300
"2,817",2018-04-02,BTC / USD,7083.7998
"2,818",2018-04-03,BTC / USD,7456.1099
"2,819",2018-04-04,BTC / USD,6853.8398
"2,820",2018-04-05,BTC / USD,6811.4702
"2,821",2018-04-06,BTC / USD,6636.3198
"2,822",2018-04-07,BTC / USD,6911.0898
"2,823",2018-04-08,BTC / USD,7023.5200
"2,824",2018-04-09,BTC / USD,6770.7300
"2,825",2018-04-10,BTC / USD,6834.7598
"2,826",2018-04-11,BTC / USD,6968.3198
"2,827",2018-04-12,BTC / USD,7889.2500
"2,828",2018-04-13,BTC / USD,7895.9600
"2,829",2018-04-14,BTC / USD,7986.2402
"2,830",2018-04-15,BTC / USD,8329.1104
"2,831",2018-04-16,BTC / USD,8058.6699
"2,832",2018-04-17,BTC / USD,7902.0898
"2,833",2018-04-18,BTC / USD,8163.4199
"2,834",2018-04-19,BTC / USD,8294.3096
"2,835",2018-04-20,BTC / USD,8845.8301
"2,836",2018-04-21,BTC / USD,8895.5801
"2,837",2018-04-22,BTC / USD,8802.4600
"2,838",2018-04-23,BTC / USD,8930.8799
"2,839",2018-04-24,BTC / USD,9697.5000
"2,840",2018-04-25,BTC / USD,8845.7402
"2,841",2018-04-26,BTC / USD,9281.5098
"2,842",2018-04-27,BTC / USD,8987.0498
"2,843",2018-04-28,BTC / USD,9348.4805
"2,844",2018-04-29,BTC / USD,9419.0801
"2,845",2018-04-30,BTC / USD,9240.5498
"2,846",2018-05-01,BTC / USD,9119.0098
"2,847",2018-05-02,BTC / USD,9235.9199
"2,848",2018-05-03,BTC / USD,9743.8604
"2,849",2018-05-04,BTC / USD,9700.7598
"2,850",2018-05-05,BTC / USD,9858.1504
"2,851",2018-05-06,BTC / USD,9654.7998
"2,852",2018-05-07,BTC / USD,9373.0098
"2,853",2018-05-08,BTC / USD,9234.8203
"2,854",2018-05-09,BTC / USD,9325.1797
"2,855",2018-05-10,BTC / USD,9043.9404
"2,856",2018-05-11,BTC / USD,8441.4902
"2,857",2018-05-12,BTC / USD,8504.8896
"2,858",2018-05-13,BTC / USD,8723.9404
"2,859",2018-05-14,BTC / USD,8716.7900
"2,860",2018-05-15,BTC / USD,8510.3799
"2,861",2018-05-16,BTC / USD,8368.8301
"2,862",2018-05-17,BTC / USD,8094.3198
"2,863",2018-05-18,BTC / USD,8250.9697
"2,864",2018-05-19,BTC / USD,8247.1797
"2,865",2018-05-20,BTC / USD,8513.2500
"2,866",2018-05-21,BTC / USD,8418.9902
"2,867",2018-05-22,BTC / USD,8041.7798
"2,868",2018-05-23,BTC / USD,7557.8198
"2,869",2018-05-24,BTC / USD,7587.3398
"2,870",2018-05-25,BTC / USD,7480.1401
"2,871",2018-05-26,BTC / USD,7355.8799
"2,872",2018-05-27,BTC / USD,7368.2202
"2,873",2018-05-28,BTC / USD,7135.9902
"2,874",2018-05-29,BTC / USD,7472.5898
"2,875",2018-05-30,BTC / USD,7406.5200
"2,876",2018-05-31,BTC / USD,7494.1699
"2,877",2018-06-01,BTC / USD,7541.4502
"2,878",2018-06-02,BTC / USD,7643.4502
"2,879",2018-06-03,BTC / USD,7720.2500
"2,880",2018-06-04,BTC / USD,7514.4702
"2,881",2018-06-05,BTC / USD,7633.7598
"2,882",2018-06-06,BTC / USD,7653.9800
"2,883",2018-06-07,BTC / USD,7678.2402
"2,884",2018-06-08,BTC / USD,7624.9199
"2,885",2018-06-09,BTC / USD,7531.9800
"2,886",2018-06-10,BTC / USD,6786.0200
"2,887",2018-06-11,BTC / USD,6906.9199
"2,888",2018-06-12,BTC / USD,6582.3599
"2,889",2018-06-13,BTC / USD,6349.8999
"2,890",2018-06-14,BTC / USD,6675.3501
"2,891",2018-06-15,BTC / USD,6456.5801
"2,892",2018-06-16,BTC / USD,6550.1602
"2,893",2018-06-17,BTC / USD,6499.2700
"2,894",2018-06-18,BTC / USD,6734.8198
"2,895",2018-06-19,BTC / USD,6769.9399
"2,896",2018-06-20,BTC / USD,6776.5498
"2,897",2018-06-21,BTC / USD,6729.7402
"2,898",2018-06-22,BTC / USD,6083.6899
"2,899",2018-06-23,BTC / USD,6162.4800
"2,900",2018-06-24,BTC / USD,6173.2300
"2,901",2018-06-25,BTC / USD,6249.1802
"2,902",2018-06-26,BTC / USD,6093.6699
"2,903",2018-06-27,BTC / USD,6157.1299
"2,904",2018-06-28,BTC / USD,5903.4399
"2,905",2018-06-29,BTC / USD,6218.2998
"2,906",2018-06-30,BTC / USD,6404.0000
"2,907",2018-07-01,BTC / USD,6385.8198
"2,908",2018-07-02,BTC / USD,6614.1802
"2,909",2018-07-03,BTC / USD,6529.5898
"2,910",2018-07-04,BTC / USD,6597.5498
"2,911",2018-07-05,BTC / USD,6639.1401
"2,912",2018-07-06,BTC / USD,6673.5000
"2,913",2018-07-07,BTC / USD,6856.9302
"2,914",2018-07-08,BTC / USD,6773.8799
"2,915",2018-07-09,BTC / USD,6741.7500
"2,916",2018-07-10,BTC / USD,6329.9502
"2,917",2018-07-11,BTC / USD,6394.7100
"2,918",2018-07-12,BTC / USD,6228.8101
"2,919",2018-07-13,BTC / USD,6238.0498
"2,920",2018-07-14,BTC / USD,6276.1201
"2,921",2018-07-15,BTC / USD,6359.6401
"2,922",2018-07-16,BTC / USD,6741.7500
"2,923",2018-07-17,BTC / USD,7321.0400
"2,924",2018-07-18,BTC / USD,7370.7798
"2,925",2018-07-19,BTC / USD,7466.8599
"2,926",2018-07-20,BTC / USD,7354.1299
"2,927",2018-07-21,BTC / USD,7419.2900
"2,928",2018-07-22,BTC / USD,7418.4902
"2,929",2018-07-23,BTC / USD,7711.1099
"2,930",2018-07-24,BTC / USD,8424.2695
"2,931",2018-07-25,BTC / USD,8181.3901
"2,932",2018-07-26,BTC / USD,7951.5801
"2,933",2018-07-27,BTC / USD,8165.0098
"2,934",2018-07-28,BTC / USD,8192.1504
"2,935",2018-07-29,BTC / USD,8218.4600
"2,936",2018-07-30,BTC / USD,8180.4800
"2,937",2018-07-31,BTC / USD,7780.4400
"2,938",2018-08-01,BTC / USD,7624.9100
"2,939",2018-08-02,BTC / USD,7567.1500
"2,940",2018-08-03,BTC / USD,7434.3900
"2,941",2018-08-04,BTC / USD,7032.8500
"2,942",2018-08-05,BTC / USD,7068.4800
"2,943",2018-08-06,BTC / USD,6951.8000
"2,944",2018-08-07,BTC / USD,6753.1200
"2,945",2018-08-08,BTC / USD,6305.8000
"2,946",2018-08-09,BTC / USD,6568.2300
"2,947",2018-08-10,BTC / USD,6184.7100
"2,948",2018-08-11,BTC / USD,6295.7300
"2,949",2018-08-12,BTC / USD,6322.6900
"2,950",2018-08-13,BTC / USD,6297.5700
"2,951",2018-08-14,BTC / USD,6199.7100
"2,952",2018-08-15,BTC / USD,6308.5200
"2,953",2018-08-16,BTC / USD,6334.7300
"2,954",2018-08-17,BTC / USD,6580.6300
"2,955",2018-08-18,BTC / USD,6423.7600
"2,956",2018-08-19,BTC / USD,6506.0700
"2,957",2018-08-20,BTC / USD,6308.5300
"2,958",2018-08-21,BTC / USD,6488.7600
"2,959",2018-08-22,BTC / USD,6376.7100
"2,960",2018-08-23,BTC / USD,6534.8800
"2,961",2018-08-24,BTC / USD,6719.9600
"2,962",2018-08-25,BTC / USD,6763.1900
"2,963",2018-08-26,BTC / USD,6707.2600
"2,964",2018-08-27,BTC / USD,6884.6400
"2,965",2018-08-28,BTC / USD,7096.2800
"2,966",2018-08-29,BTC / USD,7047.1600
"2,967",2018-08-30,BTC / USD,6978.2300
"2,968",2018-08-31,BTC / USD,7037.5800
"2,969",2018-09-01,BTC / USD,7193.2500
"2,970",2018-09-02,BTC / USD,7272.7200
"2,971",2018-09-03,BTC / USD,7260.0600
"2,972",2018-09-04,BTC / USD,7361.6600
"2,973",2018-09-05,BTC / USD,6792.8300
"2,974",2018-09-06,BTC / USD,6529.1700
"2,975",2018-09-07,BTC / USD,6467.0700
"2,976",2018-09-08,BTC / USD,6225.9800
"2,977",2018-09-09,BTC / USD,6300.8600
"2,978",2018-09-10,BTC / USD,6329.7000
"2,979",2018-09-11,BTC / USD,6321.2000
"2,980",2018-09-12,BTC / USD,6351.8000
"2,981",2018-09-13,BTC / USD,6517.3100
"2,982",2018-09-14,BTC / USD,6512.7100
"2,983",2018-09-15,BTC / USD,6543.2000
"2,984",2018-09-16,BTC / USD,6517.1800
"2,985",2018-09-17,BTC / USD,6281.2000
"2,986",2018-09-18,BTC / USD,6371.3000
"2,987",2018-09-19,BTC / USD,6398.5400
"2,988",2018-09-20,BTC / USD,6519.6700
"2,989",2018-09-21,BTC / USD,6734.9500
"2,990",2018-09-22,BTC / USD,6721.9800
"2,991",2018-09-23,BTC / USD,6710.6300
"2,992",2018-09-24,BTC / USD,6595.4100
"2,993",2018-09-25,BTC / USD,6446.4700
"2,994",2018-09-26,BTC / USD,6495.0000
"2,995",2018-09-27,BTC / USD,6676.7500
"2,996",2018-09-28,BTC / USD,6644.1300
"2,997",2018-09-29,BTC / USD,6601.9600
"2,998",2018-09-30,BTC / USD,6625.5600
"2,999",2018-10-01,BTC / USD,6589.6200
"3,000",2018-10-02,BTC / USD,6556.1000
"3,001",2018-10-03,BTC / USD,6502.5900
"3,002",2018-10-04,BTC / USD,6576.6900
"3,003",2018-10-05,BTC / USD,6622.4800
"3,004",2018-10-06,BTC / USD,6588.3100
"3,005",2018-10-07,BTC / USD,6602.9500
"3,006",2018-10-08,BTC / USD,6652.2300
"3,007",2018-10-09,BTC / USD,6642.6400
"3,008",2018-10-10,BTC / USD,6585.5300
"3,009",2018-10-11,BTC / USD,6256.2400
"3,010",2018-10-12,BTC / USD,6274.5800
"3,011",2018-10-13,BTC / USD,6285.9900
"3,012",2018-10-14,BTC / USD,6290.9300
"3,013",2018-10-15,BTC / USD,6596.5400
"3,014",2018-10-16,BTC / USD,6596.1100
"3,015",2018-10-17,BTC / USD,6544.4300
"3,016",2018-10-18,BTC / USD,6476.7100
"3,017",2018-10-19,BTC / USD,6465.4100
"3,018",2018-10-20,BTC / USD,6489.1900
"3,019",2018-10-21,BTC / USD,6482.3500
"3,020",2018-10-22,BTC / USD,6487.1600
"3,021",2018-10-23,BTC / USD,6475.7400
"3,022",2018-10-24,BTC / USD,6495.8400
"3,023",2018-10-25,BTC / USD,6476.2900
"3,024",2018-10-26,BTC / USD,6474.7500
"3,025",2018-10-27,BTC / USD,6480.3800
"3,026",2018-10-28,BTC / USD,6486.3900
"3,027",2018-10-29,BTC / USD,6332.6300
"3,028",2018-10-30,BTC / USD,6334.2700
"3,029",2018-10-31,BTC / USD,6317.6100
"3,030",2018-11-01,BTC / USD,6377.7800
"3,031",2018-11-02,BTC / USD,6388.4400
"3,032",2018-11-03,BTC / USD,6361.2600
"3,033",2018-11-04,BTC / USD,6376.1300
"3,034",2018-11-05,BTC / USD,6419.6600
"3,035",2018-11-06,BTC / USD,6461.0100
"3,036",2018-11-07,BTC / USD,6530.1400
"3,037",2018-11-08,BTC / USD,6453.7200
"3,038",2018-11-09,BTC / USD,6385.6200
"3,039",2018-11-10,BTC / USD,6409.2200
"3,040",2018-11-11,BTC / USD,6411.2700
"3,041",2018-11-12,BTC / USD,6371.2700
"3,042",2018-11-13,BTC / USD,6359.4900
"3,043",2018-11-14,BTC / USD,5738.3500
"3,044",2018-11-15,BTC / USD,5648.0300
"3,045",2018-11-16,BTC / USD,5575.5500
"3,046",2018-11-17,BTC / USD,5554.3300
"3,047",2018-11-18,BTC / USD,5623.5400
"3,048",2018-11-19,BTC / USD,4871.4900
"3,049",2018-11-20,BTC / USD,4451.8700
"3,050",2018-11-21,BTC / USD,4602.1700
"3,051",2018-11-22,BTC / USD,4365.9400
"3,052",2018-11-23,BTC / USD,4347.1100
"3,053",2018-11-24,BTC / USD,3880.7600
"3,054",2018-11-25,BTC / USD,4009.9700
"3,055",2018-11-26,BTC / USD,3779.1300
"3,056",2018-11-27,BTC / USD,3820.7200
"3,057",2018-11-28,BTC / USD,4257.4200
"3,058",2018-11-29,BTC / USD,4278.8465
"3,059",2018-11-30,BTC / USD,4017.2685
"3,060",2018-12-01,BTC / USD,4214.6719
"3,061",2018-12-02,BTC / USD,4139.8781
"3,062",2018-12-03,BTC / USD,3894.1309
"3,063",2018-12-04,BTC / USD,3956.8939
"3,064",2018-12-05,BTC / USD,3753.9948
"3,065",2018-12-06,BTC / USD,3521.1017
"3,066",2018-12-07,BTC / USD,3419.9372
"3,067",2018-12-08,BTC / USD,3476.1147
"3,068",2018-12-09,BTC / USD,3614.2343
"3,069",2018-12-10,BTC / USD,3502.6560
"3,070",2018-12-11,BTC / USD,3424.5881
"3,071",2018-12-12,BTC / USD,3486.9501
"3,072",2018-12-13,BTC / USD,3313.6773
"3,073",2018-12-14,BTC / USD,3242.4848
"3,074",2018-12-15,BTC / USD,3236.7616
"3,075",2018-12-16,BTC / USD,3252.8390
"3,076",2018-12-17,BTC / USD,3545.8648
"3,077",2018-12-18,BTC / USD,3696.0591
"3,078",2018-12-19,BTC / USD,3745.9508
"3,079",2018-12-20,BTC / USD,4134.4412
"3,080",2018-12-21,BTC / USD,3896.5437
"3,081",2018-12-22,BTC / USD,4014.1825
"3,082",2018-12-23,BTC / USD,3998.9803
"3,083",2018-12-24,BTC / USD,4078.5992
"3,084",2018-12-25,BTC / USD,3815.4906
"3,085",2018-12-26,BTC / USD,3857.2975
"3,086",2018-12-27,BTC / USD,3654.8335
"3,087",2018-12-28,BTC / USD,3923.9186
"3,088",2018-12-29,BTC / USD,3820.4087
"3,089",2018-12-30,BTC / USD,3865.9526
"3,090",2018-12-31,BTC / USD,3742.7003
"3,091",2019-01-01,BTC / USD,3843.5200
"3,092",2019-01-02,BTC / USD,3943.4093
"3,093",2019-01-03,BTC / USD,3836.7413
"3,094",2019-01-04,BTC / USD,3857.7176
"3,095",2019-01-05,BTC / USD,3845.1945
"3,096",2019-01-06,BTC / USD,4076.6327
"3,097",2019-01-07,BTC / USD,4025.2483
"3,098",2019-01-08,BTC / USD,4030.8480
"3,099",2019-01-09,BTC / USD,4035.2964
"3,100",2019-01-10,BTC / USD,3678.9247
"3,101",2019-01-11,BTC / USD,3687.3655
"3,102",2019-01-12,BTC / USD,3661.3010
"3,103",2019-01-13,BTC / USD,3552.9531
"3,104",2019-01-14,BTC / USD,3706.0522
"3,105",2019-01-15,BTC / USD,3630.6752
"3,106",2019-01-16,BTC / USD,3655.0069
"3,107",2019-01-17,BTC / USD,3678.5640
"3,108",2019-01-18,BTC / USD,3657.8394
"3,109",2019-01-19,BTC / USD,3728.5684
"3,110",2019-01-20,BTC / USD,3601.0136
"3,111",2019-01-21,BTC / USD,3576.0324
"3,112",2019-01-22,BTC / USD,3604.5771
"3,113",2019-01-23,BTC / USD,3585.1231
"3,114",2019-01-24,BTC / USD,3600.8655
"3,115",2019-01-25,BTC / USD,3599.7659
"3,116",2019-01-26,BTC / USD,3602.4604
"3,117",2019-01-27,BTC / USD,3583.9658
"3,118",2019-01-28,BTC / USD,3470.4505
"3,119",2019-01-29,BTC / USD,3448.1170
"3,120",2019-01-30,BTC / USD,3486.1818
"3,121",2019-01-31,BTC / USD,3457.7927
"3,122",2019-02-01,BTC / USD,3487.9454
"3,123",2019-02-02,BTC / USD,3521.0608
"3,124",2019-02-03,BTC / USD,3464.0133
"3,125",2019-02-04,BTC / USD,3459.1541
"3,126",2019-02-05,BTC / USD,3466.3574
"3,127",2019-02-06,BTC / USD,3413.7677
"3,128",2019-02-07,BTC / USD,3399.4716
"3,129",2019-02-08,BTC / USD,3666.7804
"3,130",2019-02-09,BTC / USD,3671.2037
"3,131",2019-02-10,BTC / USD,3690.1882
"3,132",2019-02-11,BTC / USD,3648.4306
"3,133",2019-02-12,BTC / USD,3653.5286
"3,134",2019-02-13,BTC / USD,3632.0706
"3,135",2019-02-14,BTC / USD,3616.8810
"3,136",2019-02-15,BTC / USD,3620.8108
"3,137",2019-02-16,BTC / USD,3629.7875
"3,138",2019-02-17,BTC / USD,3673.8363
"3,139",2019-02-18,BTC / USD,3915.7145
"3,140",2019-02-19,BTC / USD,3947.0944
"3,141",2019-02-20,BTC / USD,3999.8205
"3,142",2019-02-21,BTC / USD,3954.1182
"3,143",2019-02-22,BTC / USD,4005.5266
"3,144",2019-02-23,BTC / USD,4142.5269
"3,145",2019-02-24,BTC / USD,3810.4274
"3,146",2019-02-25,BTC / USD,3882.6963
"3,147",2019-02-26,BTC / USD,3854.3579
"3,148",2019-02-27,BTC / USD,3851.0475
"3,149",2019-02-28,BTC / USD,3854.7853
"3,150",2019-03-01,BTC / USD,3859.5838
"3,151",2019-03-02,BTC / USD,3864.4151
"3,152",2019-03-03,BTC / USD,3847.1757
"3,153",2019-03-04,BTC / USD,3761.5570
"3,154",2019-03-05,BTC / USD,3896.3750
"3,155",2019-03-06,BTC / USD,3903.9426
"3,156",2019-03-07,BTC / USD,3911.4843
"3,157",2019-03-08,BTC / USD,3901.1316
"3,158",2019-03-09,BTC / USD,3963.3137
"3,159",2019-03-10,BTC / USD,3951.5998
"3,160",2019-03-11,BTC / USD,3905.2273
"3,161",2019-03-12,BTC / USD,3909.1562
"3,162",2019-03-13,BTC / USD,3906.7172
"3,163",2019-03-14,BTC / USD,3924.3691
"3,164",2019-03-15,BTC / USD,3960.9112
"3,165",2019-03-16,BTC / USD,4048.7259
"3,166",2019-03-17,BTC / USD,4025.2290
"3,167",2019-03-18,BTC / USD,4032.5074
"3,168",2019-03-19,BTC / USD,4071.1902
"3,169",2019-03-20,BTC / USD,4087.4763
"3,170",2019-03-21,BTC / USD,4029.3269
"3,171",2019-03-22,BTC / USD,4023.9682
"3,172",2019-03-23,BTC / USD,4035.8264
"3,173",2019-03-24,BTC / USD,4022.1683
"3,174",2019-03-25,BTC / USD,3963.0707
"3,175",2019-03-26,BTC / USD,3985.0808
"3,176",2019-03-27,BTC / USD,4087.0662
"3,177",2019-03-28,BTC / USD,4069.1071
"3,178",2019-03-29,BTC / USD,4098.3745
"3,179",2019-03-30,BTC / USD,4106.6601
"3,180",2019-03-31,BTC / USD,4105.4043
"3,181",2019-04-01,BTC / USD,4158.1831
"3,182",2019-04-02,BTC / USD,4879.8778
"3,183",2019-04-03,BTC / USD,4973.0218
"3,184",2019-04-04,BTC / USD,4922.7988
"3,185",2019-04-05,BTC / USD,5036.6811
"3,186",2019-04-06,BTC / USD,5059.8172
"3,187",2019-04-07,BTC / USD,5198.8970
"3,188",2019-04-08,BTC / USD,5289.7710
"3,189",2019-04-09,BTC / USD,5204.9584
"3,190",2019-04-10,BTC / USD,5324.5519
"3,191",2019-04-11,BTC / USD,5064.4877
"3,192",2019-04-12,BTC / USD,5089.5389
"3,193",2019-04-13,BTC / USD,5096.5866
"3,194",2019-04-14,BTC / USD,5167.7224
"3,195",2019-04-15,BTC / USD,5067.1085
"3,196",2019-04-16,BTC / USD,5235.5594
"3,197",2019-04-17,BTC / USD,5251.9382
"3,198",2019-04-18,BTC / USD,5298.3857
"3,199",2019-04-19,BTC / USD,5303.8126
"3,200",2019-04-20,BTC / USD,5337.8861
"3,201",2019-04-21,BTC / USD,5314.5315
"3,202",2019-04-22,BTC / USD,5399.3654
"3,203",2019-04-23,BTC / USD,5572.3621
"3,204",2019-04-24,BTC / USD,5464.8666
"3,205",2019-04-25,BTC / USD,5210.5156
"3,206",2019-04-26,BTC / USD,5279.3482
"3,207",2019-04-27,BTC / USD,5268.2911
"3,208",2019-04-28,BTC / USD,5285.1390
"3,209",2019-04-29,BTC / USD,5247.3525
"3,210",2019-04-30,BTC / USD,5350.7267
"3,211",2019-05-01,BTC / USD,5402.6971
"3,212",2019-05-02,BTC / USD,5505.2837
"3,213",2019-05-03,BTC / USD,5768.2894
"3,214",2019-05-04,BTC / USD,5831.1675
"3,215",2019-05-05,BTC / USD,5795.7084
"3,216",2019-05-06,BTC / USD,5746.8070
"3,217",2019-05-07,BTC / USD,5829.5015
"3,218",2019-05-08,BTC / USD,5982.4573
"3,219",2019-05-09,BTC / USD,6174.5287
"3,220",2019-05-10,BTC / USD,6378.8490
"3,221",2019-05-11,BTC / USD,7204.7717
"3,222",2019-05-12,BTC / USD,6972.3715
"3,223",2019-05-13,BTC / USD,7814.9151
"3,224",2019-05-14,BTC / USD,7994.4162
"3,225",2019-05-15,BTC / USD,8205.1675
"3,226",2019-05-16,BTC / USD,7884.9093
"3,227",2019-05-17,BTC / USD,7343.8957
"3,228",2019-05-18,BTC / USD,7271.2079
"3,229",2019-05-19,BTC / USD,8197.6897
"3,230",2019-05-20,BTC / USD,7978.3091
"3,231",2019-05-21,BTC / USD,7963.3278
"3,232",2019-05-22,BTC / USD,7680.0665
"3,233",2019-05-23,BTC / USD,7881.8467
"3,234",2019-05-24,BTC / USD,7987.3716
"3,235",2019-05-25,BTC / USD,8052.5439
"3,236",2019-05-26,BTC / USD,8673.2160
"3,237",2019-05-27,BTC / USD,8805.7784
"3,238",2019-05-28,BTC / USD,8719.9617
"3,239",2019-05-29,BTC / USD,8659.4878
"3,240",2019-05-30,BTC / USD,8319.4722
"3,241",2019-05-31,BTC / USD,8574.5016
"3,242",2019-06-01,BTC / USD,8564.0165
"3,243",2019-06-02,BTC / USD,8742.9581
"3,244",2019-06-03,BTC / USD,8208.9948
"3,245",2019-06-04,BTC / USD,7707.7708
"3,246",2019-06-05,BTC / USD,7824.2315
"3,247",2019-06-06,BTC / USD,7822.0234
"3,248",2019-06-07,BTC / USD,8043.9514
"3,249",2019-06-08,BTC / USD,7954.1277
"3,250",2019-06-09,BTC / USD,7688.0771
"3,251",2019-06-10,BTC / USD,8000.3298
"3,252",2019-06-11,BTC / USD,7927.7144
"3,253",2019-06-12,BTC / USD,8145.8575
"3,254",2019-06-13,BTC / USD,8230.9238
"3,255",2019-06-14,BTC / USD,8693.8328
"3,256",2019-06-15,BTC / USD,8838.3752
"3,257",2019-06-16,BTC / USD,8994.4880
"3,258",2019-06-17,BTC / USD,9320.3522
"3,259",2019-06-18,BTC / USD,9081.7629
"3,260",2019-06-19,BTC / USD,9273.5218
"3,261",2019-06-20,BTC / USD,9527.1604
"3,262",2019-06-21,BTC / USD,10144.5567
"3,263",2019-06-22,BTC / USD,10701.6910
"3,264",2019-06-23,BTC / USD,10855.3710
"3,265",2019-06-24,BTC / USD,11011.1024
"3,266",2019-06-25,BTC / USD,11790.9165
"3,267",2019-06-26,BTC / USD,13016.2317
"3,268",2019-06-27,BTC / USD,11182.8063
"3,269",2019-06-28,BTC / USD,12407.3320
"3,270",2019-06-29,BTC / USD,11959.3710
"3,271",2019-06-30,BTC / USD,10817.1556
"3,272",2019-07-01,BTC / USD,10583.1345
"3,273",2019-07-02,BTC / USD,10801.6779
"3,274",2019-07-03,BTC / USD,11961.2693
"3,275",2019-07-04,BTC / USD,11215.4375
"3,276",2019-07-05,BTC / USD,10978.4600
"3,277",2019-07-06,BTC / USD,11208.5508
"3,278",2019-07-07,BTC / USD,11450.8468
"3,279",2019-07-08,BTC / USD,12285.9582
"3,280",2019-07-09,BTC / USD,12573.8129
"3,281",2019-07-10,BTC / USD,12156.5126
"3,282",2019-07-11,BTC / USD,11358.6618
"3,283",2019-07-12,BTC / USD,11815.9867
"3,284",2019-07-13,BTC / USD,11392.3793
"3,285",2019-07-14,BTC / USD,10256.0583
"3,286",2019-07-15,BTC / USD,10895.0894
"3,287",2019-07-16,BTC / USD,9477.6420
"3,288",2019-07-17,BTC / USD,9693.8027
"3,289",2019-07-18,BTC / USD,10666.4828
"3,290",2019-07-19,BTC / USD,10530.7326
"3,291",2019-07-20,BTC / USD,10767.1395
"3,292",2019-07-21,BTC / USD,10599.1054
"3,293",2019-07-22,BTC / USD,10343.1062
"3,294",2019-07-23,BTC / USD,9900.7680
"3,295",2019-07-24,BTC / USD,9811.9262
"3,296",2019-07-25,BTC / USD,9911.8423
"3,297",2019-07-26,BTC / USD,9870.3035
"3,298",2019-07-27,BTC / USD,9477.6777
"3,299",2019-07-28,BTC / USD,9552.8604
"3,300",2019-07-29,BTC / USD,9519.1459
"3,301",2019-07-30,BTC / USD,9607.4237
"3,302",2019-07-31,BTC / USD,10085.6277
"3,303",2019-08-01,BTC / USD,10399.6694
"3,304",2019-08-02,BTC / USD,10518.1747
"3,305",2019-08-03,BTC / USD,10821.7265
"3,306",2019-08-04,BTC / USD,10970.1842
"3,307",2019-08-05,BTC / USD,11805.6537
"3,308",2019-08-06,BTC / USD,11478.1693
"3,309",2019-08-07,BTC / USD,11941.9683
"3,310",2019-08-08,BTC / USD,11966.4074
"3,311",2019-08-09,BTC / USD,11862.9368
"3,312",2019-08-10,BTC / USD,11354.0242
"3,313",2019-08-11,BTC / USD,11523.5794
"3,314",2019-08-12,BTC / USD,11382.6160
"3,315",2019-08-13,BTC / USD,10895.8304
"3,316",2019-08-14,BTC / USD,10051.7039
"3,317",2019-08-15,BTC / USD,10311.5454
"3,318",2019-08-16,BTC / USD,10374.3393
"3,319",2019-08-17,BTC / USD,10231.7438
"3,320",2019-08-18,BTC / USD,10345.8104
"3,321",2019-08-19,BTC / USD,10916.0539
"3,322",2019-08-20,BTC / USD,10763.2326
"3,323",2019-08-21,BTC / USD,10138.0494
"3,324",2019-08-22,BTC / USD,10131.0561
"3,325",2019-08-23,BTC / USD,10407.9653
"3,326",2019-08-24,BTC / USD,10159.9605
"3,327",2019-08-25,BTC / USD,10138.5177
"3,328",2019-08-26,BTC / USD,10370.8202
"3,329",2019-08-27,BTC / USD,10185.4999
"3,330",2019-08-28,BTC / USD,9754.4233
"3,331",2019-08-29,BTC / USD,9510.2005
"3,332",2019-08-30,BTC / USD,9598.1736
"3,333",2019-08-31,BTC / USD,9630.6638
"3,334",2019-09-01,BTC / USD,9757.9703
"3,335",2019-09-02,BTC / USD,10346.7608
"3,336",2019-09-03,BTC / USD,10623.5401
"3,337",2019-09-04,BTC / USD,10594.4934
"3,338",2019-09-05,BTC / USD,10575.5333
"3,339",2019-09-06,BTC / USD,10353.3026
"3,340",2019-09-07,BTC / USD,10517.2548
"3,341",2019-09-08,BTC / USD,10441.2760
"3,342",2019-09-09,BTC / USD,10334.9742
"3,343",2019-09-10,BTC / USD,10115.9758
"3,344",2019-09-11,BTC / USD,10178.3719
"3,345",2019-09-12,BTC / USD,10410.1268
"3,346",2019-09-13,BTC / USD,10360.5473
"3,347",2019-09-14,BTC / USD,10358.0492
"3,348",2019-09-15,BTC / USD,10347.7129
"3,349",2019-09-16,BTC / USD,10276.7936
"3,350",2019-09-17,BTC / USD,10241.2722
"3,351",2019-09-18,BTC / USD,10198.2484
"3,352",2019-09-19,BTC / USD,10266.4150
"3,353",2019-09-20,BTC / USD,10181.6413
"3,354",2019-09-21,BTC / USD,10019.7169
"3,355",2019-09-22,BTC / USD,10070.3921
"3,356",2019-09-23,BTC / USD,9729.3238
"3,357",2019-09-24,BTC / USD,8620.5664
"3,358",2019-09-25,BTC / USD,8486.9930
"3,359",2019-09-26,BTC / USD,8118.9676
"3,360",2019-09-27,BTC / USD,8251.8456
"3,361",2019-09-28,BTC / USD,8245.9152
"3,362",2019-09-29,BTC / USD,8104.1857
"3,363",2019-09-30,BTC / USD,8293.8677
"3,364",2019-10-01,BTC / USD,8343.2767
"3,365",2019-10-02,BTC / USD,8393.0416
"3,366",2019-10-03,BTC / USD,8259.9920
"3,367",2019-10-04,BTC / USD,8205.9392
"3,368",2019-10-05,BTC / USD,8151.5005
"3,369",2019-10-06,BTC / USD,7988.1560
"3,370",2019-10-07,BTC / USD,8245.6229
"3,371",2019-10-08,BTC / USD,8228.7832
"3,372",2019-10-09,BTC / USD,8595.7398
"3,373",2019-10-10,BTC / USD,8586.4734
"3,374",2019-10-11,BTC / USD,8321.7567
"3,375",2019-10-12,BTC / USD,8336.5553
"3,376",2019-10-13,BTC / USD,8321.0057
"3,377",2019-10-14,BTC / USD,8374.6864
"3,378",2019-10-15,BTC / USD,8205.3693
"3,379",2019-10-16,BTC / USD,8047.5269
"3,380",2019-10-17,BTC / USD,8103.9114
"3,381",2019-10-18,BTC / USD,7973.2074
"3,382",2019-10-19,BTC / USD,7988.5604
"3,383",2019-10-20,BTC / USD,8222.0783
"3,384",2019-10-21,BTC / USD,8243.7211
"3,385",2019-10-22,BTC / USD,8078.2033
"3,386",2019-10-23,BTC / USD,7514.6720
"3,387",2019-10-24,BTC / USD,7493.4887
"3,388",2019-10-25,BTC / USD,8660.7006
"3,389",2019-10-26,BTC / USD,9244.9722
"3,390",2019-10-27,BTC / USD,9551.7150
"3,391",2019-10-28,BTC / USD,9256.1484
"3,392",2019-10-29,BTC / USD,9427.6876
"3,393",2019-10-30,BTC / USD,9205.7266
"3,394",2019-10-31,BTC / USD,9199.5848
"3,395",2019-11-01,BTC / USD,9261.1044
"3,396",2019-11-02,BTC / USD,9324.7178
"3,397",2019-11-03,BTC / USD,9235.3549
"3,398",2019-11-04,BTC / USD,9412.6119
"3,399",2019-11-05,BTC / USD,9342.5272
"3,400",2019-11-06,BTC / USD,9360.8799
"3,401",2019-11-07,BTC / USD,9267.5611
"3,402",2019-11-08,BTC / USD,8804.8807
"3,403",2019-11-09,BTC / USD,8813.5825
"3,404",2019-11-10,BTC / USD,9055.5261
"3,405",2019-11-11,BTC / USD,8757.7885
"3,406",2019-11-12,BTC / USD,8815.6625
"3,407",2019-11-13,BTC / USD,8808.2626
"3,408",2019-11-14,BTC / USD,8708.0951
"3,409",2019-11-15,BTC / USD,8491.9920
"3,410",2019-11-16,BTC / USD,8550.7606
"3,411",2019-11-17,BTC / USD,8577.9758
"3,412",2019-11-18,BTC / USD,8309.2860
"3,413",2019-11-19,BTC / USD,8206.1459
"3,414",2019-11-20,BTC / USD,8027.2682
"3,415",2019-11-21,BTC / USD,7642.7499
"3,416",2019-11-22,BTC / USD,7296.5776
"3,417",2019-11-23,BTC / USD,7397.7968
"3,418",2019-11-24,BTC / USD,7047.9169
"3,419",2019-11-25,BTC / USD,7146.1339
"3,420",2019-11-26,BTC / USD,7218.3713
"3,421",2019-11-27,BTC / USD,7531.6636
"3,422",2019-11-28,BTC / USD,7463.1061
"3,423",2019-11-29,BTC / USD,7761.2436
"3,424",2019-11-30,BTC / USD,7569.6301
"3,425",2019-12-01,BTC / USD,7424.2923
"3,426",2019-12-02,BTC / USD,7321.9881
"3,427",2019-12-03,BTC / USD,7320.1455
"3,428",2019-12-04,BTC / USD,7252.0346
"3,429",2019-12-05,BTC / USD,7448.3075
"3,430",2019-12-06,BTC / USD,7546.9967
"3,431",2019-12-07,BTC / USD,7556.2380
"3,432",2019-12-08,BTC / USD,7564.3454
"3,433",2019-12-09,BTC / USD,7400.8994
"3,434",2019-12-10,BTC / USD,7278.1198
"3,435",2019-12-11,BTC / USD,7217.4271
"3,436",2019-12-12,BTC / USD,7243.1344
"3,437",2019-12-13,BTC / USD,7269.6846
"3,438",2019-12-14,BTC / USD,7124.6740
"3,439",2019-12-15,BTC / USD,7152.3018
"3,440",2019-12-16,BTC / USD,6932.4804
"3,441",2019-12-17,BTC / USD,6640.5152
"3,442",2019-12-18,BTC / USD,7276.8028
"3,443",2019-12-19,BTC / USD,7202.8444
"3,444",2019-12-20,BTC / USD,7218.8164
"3,445",2019-12-21,BTC / USD,7191.1585
"3,446",2019-12-22,BTC / USD,7511.5890
"3,447",2019-12-23,BTC / USD,7355.6283
"3,448",2019-12-24,BTC / USD,7322.5325
"3,449",2019-12-25,BTC / USD,7275.1557
"3,450",2019-12-26,BTC / USD,7238.9670
"3,451",2019-12-27,BTC / USD,7290.0885
"3,452",2019-12-28,BTC / USD,7317.9900
"3,453",2019-12-29,BTC / USD,7422.6526
"3,454",2019-12-30,BTC / USD,7292.9951
"3,455",2019-12-31,BTC / USD,7193.5990
"3,456",2020-01-01,BTC / USD,7200.1744
"3,457",2020-01-02,BTC / USD,6985.4700
"3,458",2020-01-03,BTC / USD,7344.8842
"3,459",2020-01-04,BTC / USD,7410.6566
"3,460",2020-01-05,BTC / USD,7411.3173
"3,461",2020-01-06,BTC / USD,7769.2190
"3,462",2020-01-07,BTC / USD,8163.6922
"3,463",2020-01-08,BTC / USD,8079.8628
"3,464",2020-01-09,BTC / USD,7879.0715
"3,465",2020-01-10,BTC / USD,8166.5541
"3,466",2020-01-11,BTC / USD,8037.5374
"3,467",2020-01-12,BTC / USD,8192.4940
"3,468",2020-01-13,BTC / USD,8144.1945
"3,469",2020-01-14,BTC / USD,8827.7644
"3,470",2020-01-15,BTC / USD,8807.0103
"3,471",2020-01-16,BTC / USD,8723.7858
"3,472",2020-01-17,BTC / USD,8929.0377
"3,473",2020-01-18,BTC / USD,8942.8089
"3,474",2020-01-19,BTC / USD,8706.2451
"3,475",2020-01-20,BTC / USD,8657.6429
"3,476",2020-01-21,BTC / USD,8745.8948
"3,477",2020-01-22,BTC / USD,8680.8760
"3,478",2020-01-23,BTC / USD,8406.5161
"3,479",2020-01-24,BTC / USD,8445.4343
"3,480",2020-01-25,BTC / USD,8367.8478
"3,481",2020-01-26,BTC / USD,8596.8298
"3,482",2020-01-27,BTC / USD,8909.8192
"3,483",2020-01-28,BTC / USD,9358.5903
"3,484",2020-01-29,BTC / USD,9316.6295
"3,485",2020-01-30,BTC / USD,9508.9936
"3,486",2020-01-31,BTC / USD,9350.5294
"3,487",2020-02-01,BTC / USD,9392.8754
"3,488",2020-02-02,BTC / USD,9344.3653
"3,489",2020-02-03,BTC / USD,9293.5211
"3,490",2020-02-04,BTC / USD,9180.9630
"3,491",2020-02-05,BTC / USD,9613.4243
"3,492",2020-02-06,BTC / USD,9729.8022
"3,493",2020-02-07,BTC / USD,9795.9438
"3,494",2020-02-08,BTC / USD,9865.1195
"3,495",2020-02-09,BTC / USD,10116.6738
"3,496",2020-02-10,BTC / USD,9856.6115
"3,497",2020-02-11,BTC / USD,10208.2363
"3,498",2020-02-12,BTC / USD,10326.0545
"3,499",2020-02-13,BTC / USD,10214.3795
"3,500",2020-02-14,BTC / USD,10312.1161
"3,501",2020-02-15,BTC / USD,9889.4246
"3,502",2020-02-16,BTC / USD,9934.4334
"3,503",2020-02-17,BTC / USD,9690.1426
"3,504",2020-02-18,BTC / USD,10141.9964
"3,505",2020-02-19,BTC / USD,9633.3869
"3,506",2020-02-20,BTC / USD,9608.4759
"3,507",2020-02-21,BTC / USD,9686.4412
"3,508",2020-02-22,BTC / USD,9663.1818
"3,509",2020-02-23,BTC / USD,9924.5152
"3,510",2020-02-24,BTC / USD,9650.1748
"3,511",2020-02-25,BTC / USD,9341.7052
"3,512",2020-02-26,BTC / USD,8820.5222
"3,513",2020-02-27,BTC / USD,8784.4938
"3,514",2020-02-28,BTC / USD,8672.4553
"3,515",2020-02-29,BTC / USD,8599.5086
"3,516",2020-03-01,BTC / USD,8562.4541
"3,517",2020-03-02,BTC / USD,8869.6703
"3,518",2020-03-03,BTC / USD,8787.7865
"3,519",2020-03-04,BTC / USD,8755.2459
"3,520",2020-03-05,BTC / USD,9078.7628
"3,521",2020-03-06,BTC / USD,9122.5456
"3,522",2020-03-07,BTC / USD,8909.9537
"3,523",2020-03-08,BTC / USD,8108.1163
"3,524",2020-03-09,BTC / USD,7923.6447
"3,525",2020-03-10,BTC / USD,7909.7294
"3,526",2020-03-11,BTC / USD,7911.4301
"3,527",2020-03-12,BTC / USD,4970.7879
"3,528",2020-03-13,BTC / USD,5563.7069
"3,529",2020-03-14,BTC / USD,5200.3663
"3,530",2020-03-15,BTC / USD,5392.3149
"3,531",2020-03-16,BTC / USD,5014.4800
"3,532",2020-03-17,BTC / USD,5225.6292
"3,533",2020-03-18,BTC / USD,5238.4386
"3,534",2020-03-19,BTC / USD,6191.1930
"3,535",2020-03-20,BTC / USD,6198.7782
"3,536",2020-03-21,BTC / USD,6185.0665
"3,537",2020-03-22,BTC / USD,5830.2548
"3,538",2020-03-23,BTC / USD,6416.3148
"3,539",2020-03-24,BTC / USD,6734.8038
"3,540",2020-03-25,BTC / USD,6681.0631
"3,541",2020-03-26,BTC / USD,6716.4405
"3,542",2020-03-27,BTC / USD,6469.7981
"3,543",2020-03-28,BTC / USD,6242.1939
"3,544",2020-03-29,BTC / USD,5922.0431
"3,545",2020-03-30,BTC / USD,6429.8419
"3,546",2020-03-31,BTC / USD,6438.6448
"3,547",2020-04-01,BTC / USD,6606.7763
"3,548",2020-04-02,BTC / USD,6793.6246
"3,549",2020-04-03,BTC / USD,6733.3874
"3,550",2020-04-04,BTC / USD,6867.5273
"3,551",2020-04-05,BTC / USD,6791.1294
"3,552",2020-04-06,BTC / USD,7271.7812
"3,553",2020-04-07,BTC / USD,7176.4145
"3,554",2020-04-08,BTC / USD,7334.0985
"3,555",2020-04-09,BTC / USD,7302.0895
"3,556",2020-04-10,BTC / USD,6865.4934
"3,557",2020-04-11,BTC / USD,6859.0830
"3,558",2020-04-12,BTC / USD,6971.0916
"3,559",2020-04-13,BTC / USD,6845.0377
"3,560",2020-04-14,BTC / USD,6842.4279
"3,561",2020-04-15,BTC / USD,6642.1099
"3,562",2020-04-16,BTC / USD,7116.8042
"3,563",2020-04-17,BTC / USD,7096.1847
"3,564",2020-04-18,BTC / USD,7257.6649
"3,565",2020-04-19,BTC / USD,7189.4248
"3,566",2020-04-20,BTC / USD,6881.9587
"3,567",2020-04-21,BTC / USD,6880.3235
"3,568",2020-04-22,BTC / USD,7117.2075
"3,569",2020-04-23,BTC / USD,7429.7246
"3,570",2020-04-24,BTC / USD,7550.9010
"3,571",2020-04-25,BTC / USD,7569.9360
"3,572",2020-04-26,BTC / USD,7679.8672
"3,573",2020-04-27,BTC / USD,7795.6008
"3,574",2020-04-28,BTC / USD,7807.0585
"3,575",2020-04-29,BTC / USD,8801.0378
"3,576",2020-04-30,BTC / USD,8658.5542
"3,577",2020-05-01,BTC / USD,8864.7668
"3,578",2020-05-02,BTC / USD,8988.5962
"3,579",2020-05-03,BTC / USD,8897.4685
"3,580",2020-05-04,BTC / USD,8912.6546
"3,581",2020-05-05,BTC / USD,9003.0702
"3,582",2020-05-06,BTC / USD,9268.7621
"3,583",2020-05-07,BTC / USD,9951.5187
"3,584",2020-05-08,BTC / USD,9842.6664
"3,585",2020-05-09,BTC / USD,9593.8967
"3,586",2020-05-10,BTC / USD,8756.4311
"3,587",2020-05-11,BTC / USD,8601.7962
"3,588",2020-05-12,BTC / USD,8804.4778
"3,589",2020-05-13,BTC / USD,9269.9877
"3,590",2020-05-14,BTC / USD,9733.7215
"3,591",2020-05-15,BTC / USD,9328.1972
"3,592",2020-05-16,BTC / USD,9377.0140
"3,593",2020-05-17,BTC / USD,9670.7394
"3,594",2020-05-18,BTC / USD,9726.5748
"3,595",2020-05-19,BTC / USD,9729.0379
"3,596",2020-05-20,BTC / USD,9522.9812
"3,597",2020-05-21,BTC / USD,9081.7620
"3,598",2020-05-22,BTC / USD,9182.5775
"3,599",2020-05-23,BTC / USD,9209.2874
"3,600",2020-05-24,BTC / USD,8790.3680
"3,601",2020-05-25,BTC / USD,8906.9348
"3,602",2020-05-26,BTC / USD,8835.0531
"3,603",2020-05-27,BTC / USD,9181.0179
"3,604",2020-05-28,BTC / USD,9525.7511
"3,605",2020-05-29,BTC / USD,9439.1244
"3,606",2020-05-30,BTC / USD,9700.4141
"3,607",2020-05-31,BTC / USD,9461.0589
"3,608",2020-06-01,BTC / USD,10167.2681
"3,609",2020-06-02,BTC / USD,9529.8041
"3,610",2020-06-03,BTC / USD,9656.7178
"3,611",2020-06-04,BTC / USD,9800.6366
"3,612",2020-06-05,BTC / USD,9665.5328
"3,613",2020-06-06,BTC / USD,9653.6793
"3,614",2020-06-07,BTC / USD,9758.8524
"3,615",2020-06-08,BTC / USD,9771.4895
"3,616",2020-06-09,BTC / USD,9795.7002
"3,617",2020-06-10,BTC / USD,9870.0945
"3,618",2020-06-11,BTC / USD,9321.7813
"3,619",2020-06-12,BTC / USD,9480.8438
"3,620",2020-06-13,BTC / USD,9475.2773
"3,621",2020-06-14,BTC / USD,9386.7879
"3,622",2020-06-15,BTC / USD,9450.7020
"3,623",2020-06-16,BTC / USD,9538.0244
"3,624",2020-06-17,BTC / USD,9480.2554
"3,625",2020-06-18,BTC / USD,9411.8405
"3,626",2020-06-19,BTC / USD,9288.0187
"3,627",2020-06-20,BTC / USD,9332.3408
"3,628",2020-06-21,BTC / USD,9303.6297
"3,629",2020-06-22,BTC / USD,9648.7176
"3,630",2020-06-23,BTC / USD,9629.6584
"3,631",2020-06-24,BTC / USD,9313.6103
"3,632",2020-06-25,BTC / USD,9264.8130
"3,633",2020-06-26,BTC / USD,9162.9176
"3,634",2020-06-27,BTC / USD,9045.3910
"3,635",2020-06-28,BTC / USD,9143.5822
"3,636",2020-06-29,BTC / USD,9190.8545
"3,637",2020-06-30,BTC / USD,9137.9934
"3,638",2020-07-01,BTC / USD,9228.3256
"3,639",2020-07-02,BTC / USD,9123.4102
"3,640",2020-07-03,BTC / USD,9087.3039
"3,641",2020-07-04,BTC / USD,9132.4880
"3,642",2020-07-05,BTC / USD,9073.9429
"3,643",2020-07-06,BTC / USD,9375.4748
"3,644",2020-07-07,BTC / USD,9252.2775
"3,645",2020-07-08,BTC / USD,9428.3331
"3,646",2020-07-09,BTC / USD,9277.9679
"3,647",2020-07-10,BTC / USD,9278.8079
"3,648",2020-07-11,BTC / USD,9240.3463
"3,649",2020-07-12,BTC / USD,9276.4999
"3,650",2020-07-13,BTC / USD,9243.6139
"3,651",2020-07-14,BTC / USD,9243.2134
"3,652",2020-07-15,BTC / USD,9192.8374
"3,653",2020-07-16,BTC / USD,9132.2279
"3,654",2020-07-17,BTC / USD,9151.3922
"3,655",2020-07-18,BTC / USD,9159.0399
"3,656",2020-07-19,BTC / USD,9185.8169
"3,657",2020-07-20,BTC / USD,9164.2314
"3,658",2020-07-21,BTC / USD,9374.8875
"3,659",2020-07-22,BTC / USD,9525.3634
"3,660",2020-07-23,BTC / USD,9581.0720
"3,661",2020-07-24,BTC / USD,9536.8927
"3,662",2020-07-25,BTC / USD,9677.1135
"3,663",2020-07-26,BTC / USD,9905.1672
"3,664",2020-07-27,BTC / USD,10990.8734
"3,665",2020-07-28,BTC / USD,10912.8231
"3,666",2020-07-29,BTC / USD,11100.4681
"3,667",2020-07-30,BTC / USD,11111.2143
"3,668",2020-07-31,BTC / USD,11323.4664
"3,669",2020-08-01,BTC / USD,11759.5928
"3,670",2020-08-02,BTC / USD,11053.6139
"3,671",2020-08-03,BTC / USD,11246.3488
"3,672",2020-08-04,BTC / USD,11205.8929
"3,673",2020-08-05,BTC / USD,11747.0228
"3,674",2020-08-06,BTC / USD,11779.7733
"3,675",2020-08-07,BTC / USD,11601.4727
"3,676",2020-08-08,BTC / USD,11754.0458
"3,677",2020-08-09,BTC / USD,11675.7393
"3,678",2020-08-10,BTC / USD,11878.1113
"3,679",2020-08-11,BTC / USD,11410.5257
"3,680",2020-08-12,BTC / USD,11584.9346
"3,681",2020-08-13,BTC / USD,11784.1374
"3,682",2020-08-14,BTC / USD,11768.8706
"3,683",2020-08-15,BTC / USD,11865.6986
"3,684",2020-08-16,BTC / USD,11892.8041
"3,685",2020-08-17,BTC / USD,12254.4019
"3,686",2020-08-18,BTC / USD,11991.2332
"3,687",2020-08-19,BTC / USD,11758.2836
"3,688",2020-08-20,BTC / USD,11878.3716
"3,689",2020-08-21,BTC / USD,11592.4890
"3,690",2020-08-22,BTC / USD,11681.8256
"3,691",2020-08-23,BTC / USD,11664.8480
"3,692",2020-08-24,BTC / USD,11774.5958
"3,693",2020-08-25,BTC / USD,11366.1351
"3,694",2020-08-26,BTC / USD,11488.3635
"3,695",2020-08-27,BTC / USD,11323.3970
"3,696",2020-08-28,BTC / USD,11542.4997
"3,697",2020-08-29,BTC / USD,11506.8653
"3,698",2020-08-30,BTC / USD,11711.5062
"3,699",2020-08-31,BTC / USD,11680.8205
"3,700",2020-09-01,BTC / USD,11970.4787
"3,701",2020-09-02,BTC / USD,11414.0337
"3,702",2020-09-03,BTC / USD,10245.2967
"3,703",2020-09-04,BTC / USD,10511.8139
"3,704",2020-09-05,BTC / USD,10169.5672
"3,705",2020-09-06,BTC / USD,10280.3517
"3,706",2020-09-07,BTC / USD,10369.5637
"3,707",2020-09-08,BTC / USD,10131.5166
"3,708",2020-09-09,BTC / USD,10242.3478
"3,709",2020-09-10,BTC / USD,10363.1390
"3,710",2020-09-11,BTC / USD,10400.9147
"3,711",2020-09-12,BTC / USD,10442.1706
"3,712",2020-09-13,BTC / USD,10323.7558
"3,713",2020-09-14,BTC / USD,10680.8374
"3,714",2020-09-15,BTC / USD,10796.9510
"3,715",2020-09-16,BTC / USD,10974.9049
"3,716",2020-09-17,BTC / USD,10948.9899
"3,717",2020-09-18,BTC / USD,10944.5858
"3,718",2020-09-19,BTC / USD,11094.3463
"3,719",2020-09-20,BTC / USD,10938.2713
"3,720",2020-09-21,BTC / USD,10462.2596
"3,721",2020-09-22,BTC / USD,10538.4603
"3,722",2020-09-23,BTC / USD,10246.1865
"3,723",2020-09-24,BTC / USD,10760.0663
"3,724",2020-09-25,BTC / USD,10692.7172
"3,725",2020-09-26,BTC / USD,10750.7236
"3,726",2020-09-27,BTC / USD,10775.2694
"3,727",2020-09-28,BTC / USD,10709.6522
"3,728",2020-09-29,BTC / USD,10844.6410
"3,729",2020-09-30,BTC / USD,10784.4916
"3,730",2020-10-01,BTC / USD,10619.4519
"3,731",2020-10-02,BTC / USD,10575.9750
"3,732",2020-10-03,BTC / USD,10549.3289
"3,733",2020-10-04,BTC / USD,10669.5825
"3,734",2020-10-05,BTC / USD,10793.3394
"3,735",2020-10-06,BTC / USD,10604.4059
"3,736",2020-10-07,BTC / USD,10668.9690
"3,737",2020-10-08,BTC / USD,10915.6857
"3,738",2020-10-09,BTC / USD,11064.4576
"3,739",2020-10-10,BTC / USD,11296.3614
"3,740",2020-10-11,BTC / USD,11384.1820
"3,741",2020-10-12,BTC / USD,11555.3629
"3,742",2020-10-13,BTC / USD,11425.8994
"3,743",2020-10-14,BTC / USD,11429.5069
"3,744",2020-10-15,BTC / USD,11495.3497
"3,745",2020-10-16,BTC / USD,11322.1227
"3,746",2020-10-17,BTC / USD,11358.1016
"3,747",2020-10-18,BTC / USD,11483.3597
"3,748",2020-10-19,BTC / USD,11742.0372
"3,749",2020-10-20,BTC / USD,11916.3351
"3,750",2020-10-21,BTC / USD,12823.6892
"3,751",2020-10-22,BTC / USD,12965.8913
"3,752",2020-10-23,BTC / USD,12931.5390
"3,753",2020-10-24,BTC / USD,13108.0626
"3,754",2020-10-25,BTC / USD,13031.1743
"3,755",2020-10-26,BTC / USD,13075.2477
"3,756",2020-10-27,BTC / USD,13654.2184
"3,757",2020-10-28,BTC / USD,13271.2854
"3,758",2020-10-29,BTC / USD,13437.8832
"3,759",2020-10-30,BTC / USD,13546.5223
"3,760",2020-10-31,BTC / USD,13780.9947
"3,761",2020-11-01,BTC / USD,13737.1098
"3,762",2020-11-02,BTC / USD,13550.4894
"3,763",2020-11-03,BTC / USD,13950.3008
"3,764",2020-11-04,BTC / USD,14133.7072
"3,765",2020-11-05,BTC / USD,15579.8485
"3,766",2020-11-06,BTC / USD,15565.8806
"3,767",2020-11-07,BTC / USD,14833.7541
"3,768",2020-11-08,BTC / USD,15479.5670
"3,769",2020-11-09,BTC / USD,15332.3156
"3,770",2020-11-10,BTC / USD,15290.9027
"3,771",2020-11-11,BTC / USD,15701.3397
"3,772",2020-11-12,BTC / USD,16276.3439
"3,773",2020-11-13,BTC / USD,16317.8082
"3,774",2020-11-14,BTC / USD,16068.1387
"3,775",2020-11-15,BTC / USD,15955.5874
"3,776",2020-11-16,BTC / USD,16716.1113
"3,777",2020-11-17,BTC / USD,17645.4058
"3,778",2020-11-18,BTC / USD,17804.0056
"3,779",2020-11-19,BTC / USD,17817.0902
"3,780",2020-11-20,BTC / USD,18621.3144
"3,781",2020-11-21,BTC / USD,18642.2328
"3,782",2020-11-22,BTC / USD,18370.0025
"3,783",2020-11-23,BTC / USD,18364.1216
"3,784",2020-11-24,BTC / USD,19107.4644
"3,785",2020-11-25,BTC / USD,18732.1208
"3,786",2020-11-26,BTC / USD,17150.6236
"3,787",2020-11-27,BTC / USD,17108.4017
"3,788",2020-11-28,BTC / USD,17717.4150
"3,789",2020-11-29,BTC / USD,18177.4834
"3,790",2020-11-30,BTC / USD,19625.8350
"3,791",2020-12-01,BTC / USD,18802.9983
"3,792",2020-12-02,BTC / USD,19201.0912
"3,793",2020-12-03,BTC / USD,19445.3985
"3,794",2020-12-04,BTC / USD,18699.7656
"3,795",2020-12-05,BTC / USD,19154.2311
"3,796",2020-12-06,BTC / USD,19345.1210
"3,797",2020-12-07,BTC / USD,19191.6313
"3,798",2020-12-08,BTC / USD,18321.1449
"3,799",2020-12-09,BTC / USD,18553.9154
"3,800",2020-12-10,BTC / USD,18264.9921
"3,801",2020-12-11,BTC / USD,18058.9033
"3,802",2020-12-12,BTC / USD,18803.6569
"3,803",2020-12-13,BTC / USD,19142.3825
"3,804",2020-12-14,BTC / USD,19246.6443
"3,805",2020-12-15,BTC / USD,19417.0760
"3,806",2020-12-16,BTC / USD,21310.5981
"3,807",2020-12-17,BTC / USD,22805.1615
"3,808",2020-12-18,BTC / USD,23137.9606
"3,809",2020-12-19,BTC / USD,23869.8320
"3,810",2020-12-20,BTC / USD,23477.2952
"3,811",2020-12-21,BTC / USD,22803.0814
"3,812",2020-12-22,BTC / USD,23783.0285
"3,813",2020-12-23,BTC / USD,23241.3449
"3,814",2020-12-24,BTC / USD,23735.9497
"3,815",2020-12-25,BTC / USD,24664.7903
"3,816",2020-12-26,BTC / USD,26437.0375
"3,817",2020-12-27,BTC / USD,26272.2946
"3,818",2020-12-28,BTC / USD,27084.8079
"3,819",2020-12-29,BTC / USD,27362.4366
"3,820",2020-12-30,BTC / USD,28840.9534
"3,821",2020-12-31,BTC / USD,29001.7198
"3,822",2021-01-01,BTC / USD,29374.1519
"3,823",2021-01-02,BTC / USD,32127.2679
"3,824",2021-01-03,BTC / USD,32782.0245
"3,825",2021-01-04,BTC / USD,31971.9135
"3,826",2021-01-05,BTC / USD,33992.4293
"3,827",2021-01-06,BTC / USD,36824.3644
"3,828",2021-01-07,BTC / USD,39371.0424
"3,829",2021-01-08,BTC / USD,40797.6107
"3,830",2021-01-09,BTC / USD,40254.5465
"3,831",2021-01-10,BTC / USD,38356.4395
"3,832",2021-01-11,BTC / USD,35566.6559
"3,833",2021-01-12,BTC / USD,33922.9606
"3,834",2021-01-13,BTC / USD,37316.3594
"3,835",2021-01-14,BTC / USD,39187.3281
"3,836",2021-01-15,BTC / USD,36825.3659
"3,837",2021-01-16,BTC / USD,36178.1389
"3,838",2021-01-17,BTC / USD,35791.2779
"3,839",2021-01-18,BTC / USD,36630.0757
"3,840",2021-01-19,BTC / USD,36069.8064
"3,841",2021-01-20,BTC / USD,35547.7509
"3,842",2021-01-21,BTC / USD,30825.6985
"3,843",2021-01-22,BTC / USD,33005.7636
"3,844",2021-01-23,BTC / USD,32067.6429
"3,845",2021-01-24,BTC / USD,32289.3781
"3,846",2021-01-25,BTC / USD,32366.3930
"3,847",2021-01-26,BTC / USD,32569.8496
"3,848",2021-01-27,BTC / USD,30432.5471
"3,849",2021-01-28,BTC / USD,33466.0964
"3,850",2021-01-29,BTC / USD,34316.3877
"3,851",2021-01-30,BTC / USD,34269.5215
"3,852",2021-01-31,BTC / USD,33114.3577
"3,853",2021-02-01,BTC / USD,33537.1768
"3,854",2021-02-02,BTC / USD,35510.2890
"3,855",2021-02-03,BTC / USD,37472.0901
"3,856",2021-02-04,BTC / USD,36926.0645
"3,857",2021-02-05,BTC / USD,38144.3069
"3,858",2021-02-06,BTC / USD,39266.0107
"3,859",2021-02-07,BTC / USD,38903.4415
"3,860",2021-02-08,BTC / USD,46196.4637
"3,861",2021-02-09,BTC / USD,46481.1042
"3,862",2021-02-10,BTC / USD,44918.1845
"3,863",2021-02-11,BTC / USD,47909.3312
"3,864",2021-02-12,BTC / USD,47504.8512
"3,865",2021-02-13,BTC / USD,47105.5175
"3,866",2021-02-14,BTC / USD,48717.2902
"3,867",2021-02-15,BTC / USD,47945.0568
"3,868",2021-02-16,BTC / USD,49199.8713
"3,869",2021-02-17,BTC / USD,52149.0075
"3,870",2021-02-18,BTC / USD,51679.7967
"3,871",2021-02-19,BTC / USD,55888.1337
"3,872",2021-02-20,BTC / USD,56099.5205
"3,873",2021-02-21,BTC / USD,57539.9437
"3,874",2021-02-22,BTC / USD,54207.3191
"3,875",2021-02-23,BTC / USD,48824.4269
"3,876",2021-02-24,BTC / USD,49705.3333
"3,877",2021-02-25,BTC / USD,47093.8530
"3,878",2021-02-26,BTC / USD,46339.7601
"3,879",2021-02-27,BTC / USD,46188.4513
"3,880",2021-02-28,BTC / USD,45137.7705
"3,881",2021-03-01,BTC / USD,49631.2414
"3,882",2021-03-02,BTC / USD,48378.9881
"3,883",2021-03-03,BTC / USD,50538.2434
"3,884",2021-03-04,BTC / USD,48561.1662
"3,885",2021-03-05,BTC / USD,48927.3046
"3,886",2021-03-06,BTC / USD,48912.3817
"3,887",2021-03-07,BTC / USD,51206.6930
"3,888",2021-03-08,BTC / USD,52246.5223
"3,889",2021-03-09,BTC / USD,54824.1178
"3,890",2021-03-10,BTC / USD,56008.5494
"3,891",2021-03-11,BTC / USD,57805.1230
"3,892",2021-03-12,BTC / USD,57332.0890
"3,893",2021-03-13,BTC / USD,61243.0848
"3,894",2021-03-14,BTC / USD,59302.3170
"3,895",2021-03-15,BTC / USD,55907.2002
"3,896",2021-03-16,BTC / USD,56804.9012
"3,897",2021-03-17,BTC / USD,58870.8933
"3,898",2021-03-18,BTC / USD,57858.9207
"3,899",2021-03-19,BTC / USD,58346.6530
"3,900",2021-03-20,BTC / USD,58313.6426
"3,901",2021-03-21,BTC / USD,57523.4210
"3,902",2021-03-22,BTC / USD,54529.1456
"3,903",2021-03-23,BTC / USD,54738.9449
"3,904",2021-03-24,BTC / USD,52774.2637
"3,905",2021-03-25,BTC / USD,51704.1619
"3,906",2021-03-26,BTC / USD,55137.3137
"3,907",2021-03-27,BTC / USD,55973.5108
"3,908",2021-03-28,BTC / USD,55950.7458
"3,909",2021-03-29,BTC / USD,57750.1999
"3,910",2021-03-30,BTC / USD,58917.6930
"3,911",2021-03-31,BTC / USD,58918.8327
"3,912",2021-04-01,BTC / USD,59095.8080
"3,913",2021-04-02,BTC / USD,59384.3134
"3,914",2021-04-03,BTC / USD,57603.8892
"3,915",2021-04-04,BTC / USD,58758.5563
"3,916",2021-04-05,BTC / USD,59057.8790
"3,917",2021-04-06,BTC / USD,58192.3587
"3,918",2021-04-07,BTC / USD,56048.9378
"3,919",2021-04-08,BTC / USD,58323.9536
"3,920",2021-04-09,BTC / USD,58245.0030
"3,921",2021-04-10,BTC / USD,59793.2354
"3,922",2021-04-11,BTC / USD,60204.9649
"3,923",2021-04-12,BTC / USD,59893.4519
"3,924",2021-04-13,BTC / USD,63503.4579
"3,925",2021-04-14,BTC / USD,63109.6959
"3,926",2021-04-15,BTC / USD,63314.0108
"3,927",2021-04-16,BTC / USD,61572.7896
"3,928",2021-04-17,BTC / USD,60683.8212
"3,929",2021-04-18,BTC / USD,56216.1850
"3,930",2021-04-19,BTC / USD,55724.2671
"3,931",2021-04-20,BTC / USD,56473.0323
"3,932",2021-04-21,BTC / USD,53906.0880
"3,933",2021-04-22,BTC / USD,51762.2721
"3,934",2021-04-23,BTC / USD,51093.6507
"3,935",2021-04-24,BTC / USD,50050.8682
"3,936",2021-04-25,BTC / USD,49004.2533
"3,937",2021-04-26,BTC / USD,54021.7548
"3,938",2021-04-27,BTC / USD,55033.1180
"3,939",2021-04-28,BTC / USD,54824.7049
"3,940",2021-04-29,BTC / USD,53555.1085
"3,941",2021-04-30,BTC / USD,57750.1773
"3,942",2021-05-01,BTC / USD,57828.0506
"3,943",2021-05-02,BTC / USD,56631.0774
"3,944",2021-05-03,BTC / USD,57200.2912
"3,945",2021-05-04,BTC / USD,53333.5378
"3,946",2021-05-05,BTC / USD,57424.0059
"3,947",2021-05-06,BTC / USD,56396.5142
"3,948",2021-05-07,BTC / USD,57356.4019
"3,949",2021-05-08,BTC / USD,58803.7758
"3,950",2021-05-09,BTC / USD,58232.3161
"3,951",2021-05-10,BTC / USD,55859.7975
"3,952",2021-05-11,BTC / USD,56704.5731
"3,953",2021-05-12,BTC / USD,49150.5339
"3,954",2021-05-13,BTC / USD,49716.1916
"3,955",2021-05-14,BTC / USD,49880.5334
"3,956",2021-05-15,BTC / USD,46760.1866
"3,957",2021-05-16,BTC / USD,46456.0585
"3,958",2021-05-17,BTC / USD,43537.5114
"3,959",2021-05-18,BTC / USD,42909.4009
"3,960",2021-05-19,BTC / USD,37002.4405
"3,961",2021-05-20,BTC / USD,40782.7383
"3,962",2021-05-21,BTC / USD,37304.6907
"3,963",2021-05-22,BTC / USD,37536.6311
"3,964",2021-05-23,BTC / USD,34770.5836
"3,965",2021-05-24,BTC / USD,38705.9786
"3,966",2021-05-25,BTC / USD,38402.2239
"3,967",2021-05-26,BTC / USD,39294.1974
"3,968",2021-05-27,BTC / USD,38436.9685
"3,969",2021-05-28,BTC / USD,35697.6064
"3,970",2021-05-29,BTC / USD,34616.0680
"3,971",2021-05-30,BTC / USD,35678.1292
"3,972",2021-05-31,BTC / USD,37332.8537
"3,973",2021-06-01,BTC / USD,36684.9245
"3,974",2021-06-02,BTC / USD,37575.1796
"3,975",2021-06-03,BTC / USD,39208.7660
"3,976",2021-06-04,BTC / USD,36894.4053
"3,977",2021-06-05,BTC / USD,35551.9587
"3,978",2021-06-06,BTC / USD,35862.3777
"3,979",2021-06-07,BTC / USD,33560.7078
"3,980",2021-06-08,BTC / USD,33472.6317
"3,981",2021-06-09,BTC / USD,37345.1215
"3,982",2021-06-10,BTC / USD,36702.5994
"3,983",2021-06-11,BTC / USD,37334.3995
"3,984",2021-06-12,BTC / USD,35552.5171
"3,985",2021-06-13,BTC / USD,39097.8609
"3,986",2021-06-14,BTC / USD,40218.4779
"3,987",2021-06-15,BTC / USD,40406.2690
"3,988",2021-06-16,BTC / USD,38347.0632
"3,989",2021-06-17,BTC / USD,38053.5042
"3,990",2021-06-18,BTC / USD,35787.2448
"3,991",2021-06-19,BTC / USD,35615.8693
"3,992",2021-06-20,BTC / USD,35698.2964
"3,993",2021-06-21,BTC / USD,31676.6937
"3,994",2021-06-22,BTC / USD,32505.6598
"3,995",2021-06-23,BTC / USD,33723.0290
"3,996",2021-06-24,BTC / USD,34662.4359
"3,997",2021-06-25,BTC / USD,31637.7801
"3,998",2021-06-26,BTC / USD,32186.2777
"3,999",2021-06-27,BTC / USD,34649.6446
"4,000",2021-06-28,BTC / USD,34434.3353
"4,001",2021-06-29,BTC / USD,35867.7777
"4,002",2021-06-30,BTC / USD,35040.8372
"4,003",2021-07-01,BTC / USD,33572.1177
"4,004",2021-07-02,BTC / USD,33897.0486
"4,005",2021-07-03,BTC / USD,34668.5484
"4,006",2021-07-04,BTC / USD,35287.7798
"4,007",2021-07-05,BTC / USD,33746.0025
"4,008",2021-07-06,BTC / USD,34235.1935
"4,009",2021-07-07,BTC / USD,33855.3269
"4,010",2021-07-08,BTC / USD,32877.3726
"4,011",2021-07-09,BTC / USD,33798.0102
"4,012",2021-07-10,BTC / USD,33520.5200
"4,013",2021-07-11,BTC / USD,34240.1870
"4,014",2021-07-12,BTC / USD,33155.8481
"4,015",2021-07-13,BTC / USD,32702.0259
"4,016",2021-07-14,BTC / USD,32822.3487
"4,017",2021-07-15,BTC / USD,31780.7314
"4,018",2021-07-16,BTC / USD,31421.5385
"4,019",2021-07-17,BTC / USD,31533.0675
"4,020",2021-07-18,BTC / USD,31796.8101
"4,021",2021-07-19,BTC / USD,30817.8317
"4,022",2021-07-20,BTC / USD,29807.3477
"4,023",2021-07-21,BTC / USD,32110.6933
"4,024",2021-07-22,BTC / USD,32313.1063
"4,025",2021-07-23,BTC / USD,33581.5506
"4,026",2021-07-24,BTC / USD,34292.4459
"4,027",2021-07-25,BTC / USD,35350.1870
"4,028",2021-07-26,BTC / USD,37337.5333
"4,029",2021-07-27,BTC / USD,39406.9410
"4,030",2021-07-28,BTC / USD,39995.9065
"4,031",2021-07-29,BTC / USD,40008.4208
"4,032",2021-07-30,BTC / USD,42235.5477
"4,033",2021-07-31,BTC / USD,41626.1957
"4,034",2021-08-01,BTC / USD,39974.8960
"4,035",2021-08-02,BTC / USD,39201.9452
"4,036",2021-08-03,BTC / USD,38152.9821
"4,037",2021-08-04,BTC / USD,39747.5050
"4,038",2021-08-05,BTC / USD,40869.5543
"4,039",2021-08-06,BTC / USD,42816.4990
"4,040",2021-08-07,BTC / USD,44555.8007
"4,041",2021-08-08,BTC / USD,43798.1177
"4,042",2021-08-09,BTC / USD,46365.4007
"4,043",2021-08-10,BTC / USD,45585.0308
"4,044",2021-08-11,BTC / USD,45593.6359
"4,045",2021-08-12,BTC / USD,44428.2885
"4,046",2021-08-13,BTC / USD,47793.3212
"4,047",2021-08-14,BTC / USD,47096.9457
"4,048",2021-08-15,BTC / USD,47047.0045
"4,049",2021-08-16,BTC / USD,46004.4841
"4,050",2021-08-17,BTC / USD,44695.3576
"4,051",2021-08-18,BTC / USD,44801.1887
"4,052",2021-08-19,BTC / USD,46717.5787
"4,053",2021-08-20,BTC / USD,49339.1760
"4,054",2021-08-21,BTC / USD,48905.4906
"4,055",2021-08-22,BTC / USD,49321.6540
"4,056",2021-08-23,BTC / USD,49546.1477
"4,057",2021-08-24,BTC / USD,47706.1186
"4,058",2021-08-25,BTC / USD,48960.7873
"4,059",2021-08-26,BTC / USD,46942.2179
"4,060",2021-08-27,BTC / USD,49058.6697
"4,061",2021-08-28,BTC / USD,48902.4022
"4,062",2021-08-29,BTC / USD,48829.8326
"4,063",2021-08-30,BTC / USD,47054.9848
"4,064",2021-08-31,BTC / USD,47166.6879
"4,065",2021-09-01,BTC / USD,48847.0291
"4,066",2021-09-02,BTC / USD,49327.7232
"4,067",2021-09-03,BTC / USD,50025.3746
"4,068",2021-09-04,BTC / USD,49944.6269
"4,069",2021-09-05,BTC / USD,51753.4119
"4,070",2021-09-06,BTC / USD,52633.5362
"4,071",2021-09-07,BTC / USD,46811.1295
"4,072",2021-09-08,BTC / USD,46091.3893
"4,073",2021-09-09,BTC / USD,46391.4230
"4,074",2021-09-10,BTC / USD,44883.9101
"4,075",2021-09-11,BTC / USD,45201.4590
"4,076",2021-09-12,BTC / USD,46063.2704
"4,077",2021-09-13,BTC / USD,44963.0726
"4,078",2021-09-14,BTC / USD,47092.4938
"4,079",2021-09-15,BTC / USD,48176.3464
"4,080",2021-09-16,BTC / USD,47783.3578
"4,081",2021-09-17,BTC / USD,47267.5200
"4,082",2021-09-18,BTC / USD,48278.3635
"4,083",2021-09-19,BTC / USD,47260.2173
"4,084",2021-09-20,BTC / USD,42843.8024
"4,085",2021-09-21,BTC / USD,40693.6772
"4,086",2021-09-22,BTC / USD,43574.5094
"4,087",2021-09-23,BTC / USD,44895.0966
"4,088",2021-09-24,BTC / USD,42839.7517
"4,089",2021-09-25,BTC / USD,42716.5931
"4,090",2021-09-26,BTC / USD,43208.5391
"4,091",2021-09-27,BTC / USD,42235.7318
"4,092",2021-09-28,BTC / USD,41034.5447
"4,093",2021-09-29,BTC / USD,41564.3635
"4,094",2021-09-30,BTC / USD,43790.8956
"4,095",2021-10-01,BTC / USD,48116.9412
"4,096",2021-10-02,BTC / USD,47711.4865
"4,097",2021-10-03,BTC / USD,48199.9516
"4,098",2021-10-04,BTC / USD,49112.9013
"4,099",2021-10-05,BTC / USD,51514.8141
"4,100",2021-10-06,BTC / USD,55361.4494
"4,101",2021-10-07,BTC / USD,53805.9852
"4,102",2021-10-08,BTC / USD,53967.8468
"4,103",2021-10-09,BTC / USD,54968.2245
"4,104",2021-10-10,BTC / USD,54771.5792
"4,105",2021-10-11,BTC / USD,57484.7895
"4,106",2021-10-12,BTC / USD,56041.0568
"4,107",2021-10-13,BTC / USD,57401.0975
"4,108",2021-10-14,BTC / USD,57321.5253
"4,109",2021-10-15,BTC / USD,61593.9501
"4,110",2021-10-16,BTC / USD,60892.1807
"4,111",2021-10-17,BTC / USD,61553.6174
"4,112",2021-10-18,BTC / USD,62026.0778
"4,113",2021-10-19,BTC / USD,64261.9912
"4,114",2021-10-20,BTC / USD,65992.8370
"4,115",2021-10-21,BTC / USD,62210.1731
"4,116",2021-10-22,BTC / USD,60692.2644
"4,117",2021-10-23,BTC / USD,61393.6172
"4,118",2021-10-24,BTC / USD,60930.8364
"4,119",2021-10-25,BTC / USD,63039.8255
"4,120",2021-10-26,BTC / USD,60363.7921
"4,121",2021-10-27,BTC / USD,58482.3879
"4,122",2021-10-28,BTC / USD,60622.1367
"4,123",2021-10-29,BTC / USD,62227.9646
"4,124",2021-10-30,BTC / USD,61888.8312
"4,125",2021-10-31,BTC / USD,61318.9578
"4,126",2021-11-01,BTC / USD,61004.4080
"4,127",2021-11-02,BTC / USD,63226.4011
"4,128",2021-11-03,BTC / USD,62970.0474
"4,129",2021-11-04,BTC / USD,61452.2306
"4,130",2021-11-05,BTC / USD,61125.6743
"4,131",2021-11-06,BTC / USD,61527.4818
"4,132",2021-11-07,BTC / USD,63326.9890
"4,133",2021-11-08,BTC / USD,67566.8301
"4,134",2021-11-09,BTC / USD,66971.8281
"4,135",2021-11-10,BTC / USD,64995.2294
"4,136",2021-11-11,BTC / USD,64949.9619
"4,137",2021-11-12,BTC / USD,64155.9418
"4,138",2021-11-13,BTC / USD,64469.5290
"4,139",2021-11-14,BTC / USD,65466.8410
"4,140",2021-11-15,BTC / USD,63557.8715
"4,141",2021-11-16,BTC / USD,60161.2470
"4,142",2021-11-17,BTC / USD,60368.0118
"4,143",2021-11-18,BTC / USD,56942.1362
"4,144",2021-11-19,BTC / USD,58119.5762
"4,145",2021-11-20,BTC / USD,59697.1971
"4,146",2021-11-21,BTC / USD,58730.4766
"4,147",2021-11-22,BTC / USD,56289.2873
"4,148",2021-11-23,BTC / USD,57569.0749
"4,149",2021-11-24,BTC / USD,56280.4271
"4,150",2021-11-25,BTC / USD,57274.6794
"4,151",2021-11-26,BTC / USD,53569.7640
"4,152",2021-11-27,BTC / USD,54815.0793
"4,153",2021-11-28,BTC / USD,57248.4584
"4,154",2021-11-29,BTC / USD,57806.5662
"4,155",2021-11-30,BTC / USD,57005.4255
"4,156",2021-12-01,BTC / USD,57229.8299
"4,157",2021-12-02,BTC / USD,56477.8175
"4,158",2021-12-03,BTC / USD,53598.2465
"4,159",2021-12-04,BTC / USD,49200.7046
"4,160",2021-12-05,BTC / USD,49368.8471
"4,161",2021-12-06,BTC / USD,50582.6254
"4,162",2021-12-07,BTC / USD,50700.0843
"4,163",2021-12-08,BTC / USD,50504.7955
"4,164",2021-12-09,BTC / USD,47672.1224
"4,165",2021-12-10,BTC / USD,47243.3057
"4,166",2021-12-11,BTC / USD,49362.5083
"4,167",2021-12-12,BTC / USD,50098.3351
"4,168",2021-12-13,BTC / USD,46737.4822
"4,169",2021-12-14,BTC / USD,46612.6335
"4,170",2021-12-15,BTC / USD,48896.7208
"4,171",2021-12-16,BTC / USD,47665.4261
"4,172",2021-12-17,BTC / USD,46202.1434
"4,173",2021-12-18,BTC / USD,46848.7768
"4,174",2021-12-19,BTC / USD,46707.0149
"4,175",2021-12-20,BTC / USD,46880.2790
"4,176",2021-12-21,BTC / USD,48936.6142
"4,177",2021-12-22,BTC / USD,48628.5099
"4,178",2021-12-23,BTC / USD,50784.5382
"4,179",2021-12-24,BTC / USD,50822.1965
"4,180",2021-12-25,BTC / USD,50429.8578
"4,181",2021-12-26,BTC / USD,50809.5150
"4,182",2021-12-27,BTC / USD,50640.4188
"4,183",2021-12-28,BTC / USD,47588.8548
"4,184",2021-12-29,BTC / USD,46444.7105
"4,185",2021-12-30,BTC / USD,47178.1258
"4,186",2021-12-31,BTC / USD,46306.4461
"4,187",2022-01-01,BTC / USD,47686.8115
"4,188",2022-01-02,BTC / USD,47345.2206
"4,189",2022-01-03,BTC / USD,46458.1170
"4,190",2022-01-04,BTC / USD,45897.5758
"4,191",2022-01-05,BTC / USD,43569.0033
"4,192",2022-01-06,BTC / USD,43160.9284
"4,193",2022-01-07,BTC / USD,41557.9012
"4,194",2022-01-08,BTC / USD,41733.9431
"4,195",2022-01-09,BTC / USD,41911.6015
"4,196",2022-01-10,BTC / USD,41821.2631
"4,197",2022-01-11,BTC / USD,42735.8541
"4,198",2022-01-12,BTC / USD,43949.1007
"4,199",2022-01-13,BTC / USD,42591.5723
"4,200",2022-01-14,BTC / USD,43099.6998
"4,201",2022-01-15,BTC / USD,43177.3968
"4,202",2022-01-16,BTC / USD,43113.8801
"4,203",2022-01-17,BTC / USD,42250.5494
"4,204",2022-01-18,BTC / USD,42375.6328
"4,205",2022-01-19,BTC / USD,41744.3298
"4,206",2022-01-20,BTC / USD,40680.4199
"4,207",2022-01-21,BTC / USD,36457.3181
"4,208",2022-01-22,BTC / USD,35030.2518
"4,209",2022-01-23,BTC / USD,36276.8047
"4,210",2022-01-24,BTC / USD,36654.3292
"4,211",2022-01-25,BTC / USD,36954.0020
"4,212",2022-01-26,BTC / USD,36852.1226
"4,213",2022-01-27,BTC / USD,37138.2343
"4,214",2022-01-28,BTC / USD,37784.3333
"4,215",2022-01-29,BTC / USD,38138.1786
"4,216",2022-01-30,BTC / USD,37917.6027
"4,217",2022-01-31,BTC / USD,38483.1263
"4,218",2022-02-01,BTC / USD,38743.2726
"4,219",2022-02-02,BTC / USD,36952.9849
"4,220",2022-02-03,BTC / USD,37154.6002
"4,221",2022-02-04,BTC / USD,41500.8754
"4,222",2022-02-05,BTC / USD,41441.1648
"4,223",2022-02-06,BTC / USD,42412.4342
"4,224",2022-02-07,BTC / USD,43840.2866
"4,225",2022-02-08,BTC / USD,44118.4463
"4,226",2022-02-09,BTC / USD,44338.7978
"4,227",2022-02-10,BTC / USD,43565.1122
"4,228",2022-02-11,BTC / USD,42407.9379
"4,229",2022-02-12,BTC / USD,42244.4700
"4,230",2022-02-13,BTC / USD,42197.5153
"4,231",2022-02-14,BTC / USD,42586.9197
"4,232",2022-02-15,BTC / USD,44575.2033
"4,233",2022-02-16,BTC / USD,43961.8594
"4,234",2022-02-17,BTC / USD,40538.0128
"4,235",2022-02-18,BTC / USD,40030.9756
"4,236",2022-02-19,BTC / USD,40122.1548
"4,237",2022-02-20,BTC / USD,38431.3781
"4,238",2022-02-21,BTC / USD,37075.2794
"4,239",2022-02-22,BTC / USD,38286.0271
"4,240",2022-02-23,BTC / USD,37296.5720
"4,241",2022-02-24,BTC / USD,38332.6098
"4,242",2022-02-25,BTC / USD,39214.2206
"4,243",2022-02-26,BTC / USD,39105.1478
"4,244",2022-02-27,BTC / USD,37709.7838
"4,245",2022-02-28,BTC / USD,43193.2340
"4,246",2022-03-01,BTC / USD,44354.6375
"4,247",2022-03-02,BTC / USD,43924.1164
"4,248",2022-03-03,BTC / USD,42451.7896
"4,249",2022-03-04,BTC / USD,39137.6036
"4,250",2022-03-05,BTC / USD,39400.5841
"4,251",2022-03-06,BTC / USD,38419.9834
"4,252",2022-03-07,BTC / USD,38062.0402
"4,253",2022-03-08,BTC / USD,38737.2685
"4,254",2022-03-09,BTC / USD,41982.9264
"4,255",2022-03-10,BTC / USD,39437.4598
"4,256",2022-03-11,BTC / USD,38794.9731
"4,257",2022-03-12,BTC / USD,38904.0134
"4,258",2022-03-13,BTC / USD,37849.6628
"4,259",2022-03-14,BTC / USD,39666.7558
"4,260",2022-03-15,BTC / USD,39338.7855
"4,261",2022-03-16,BTC / USD,41143.9280
"4,262",2022-03-17,BTC / USD,40951.3799
"4,263",2022-03-18,BTC / USD,41801.1545
"4,264",2022-03-19,BTC / USD,42190.6535
"4,265",2022-03-20,BTC / USD,41247.8234
"4,266",2022-03-21,BTC / USD,41077.9980
"4,267",2022-03-22,BTC / USD,42358.8084
"4,268",2022-03-23,BTC / USD,42892.9575
"4,269",2022-03-24,BTC / USD,43960.9331
"4,270",2022-03-25,BTC / USD,44348.7309
"4,271",2022-03-26,BTC / USD,44500.8284
"4,272",2022-03-27,BTC / USD,46820.4935
"4,273",2022-03-28,BTC / USD,47128.0052
"4,274",2022-03-29,BTC / USD,47465.7299
"4,275",2022-03-30,BTC / USD,47062.6642
"4,276",2022-03-31,BTC / USD,45538.6769
"4,277",2022-04-01,BTC / USD,46281.6440
"4,278",2022-04-02,BTC / USD,45868.9492
"4,279",2022-04-03,BTC / USD,46453.5671
"4,280",2022-04-04,BTC / USD,46622.6744
"4,281",2022-04-05,BTC / USD,45555.9934
"4,282",2022-04-06,BTC / USD,43206.7377
"4,283",2022-04-07,BTC / USD,43503.8492
"4,284",2022-04-08,BTC / USD,42287.6635
"4,285",2022-04-09,BTC / USD,42782.1353
"4,286",2022-04-10,BTC / USD,42207.6710
"4,287",2022-04-11,BTC / USD,39521.9013
"4,288",2022-04-12,BTC / USD,40127.1821
"4,289",2022-04-13,BTC / USD,41166.7318
"4,290",2022-04-14,BTC / USD,39935.5170
"4,291",2022-04-15,BTC / USD,40553.4633
"4,292",2022-04-16,BTC / USD,40424.4833
"4,293",2022-04-17,BTC / USD,39716.9542
"4,294",2022-04-18,BTC / USD,40826.2144
"4,295",2022-04-19,BTC / USD,41502.7504
"4,296",2022-04-20,BTC / USD,41374.3782
"4,297",2022-04-21,BTC / USD,40527.3641
"4,298",2022-04-22,BTC / USD,39740.3199
"4,299",2022-04-23,BTC / USD,39486.7287
"4,300",2022-04-24,BTC / USD,39469.2936
"4,301",2022-04-25,BTC / USD,40458.3090
"4,302",2022-04-26,BTC / USD,38117.4625
"4,303",2022-04-27,BTC / USD,39241.1228
"4,304",2022-04-28,BTC / USD,39773.8284
"4,305",2022-04-29,BTC / USD,38609.8232
"4,306",2022-04-30,BTC / USD,37714.8755
"4,307",2022-05-01,BTC / USD,38469.0939
"4,308",2022-05-02,BTC / USD,38529.3278
"4,309",2022-05-03,BTC / USD,37750.4539
"4,310",2022-05-04,BTC / USD,39698.3706
"4,311",2022-05-05,BTC / USD,36575.1421
"4,312",2022-05-06,BTC / USD,36040.9224
"4,313",2022-05-07,BTC / USD,35501.9541
"4,314",2022-05-08,BTC / USD,34059.2643
"4,315",2022-05-09,BTC / USD,30296.9534
"4,316",2022-05-10,BTC / USD,31022.9054
"4,317",2022-05-11,BTC / USD,28936.3550
"4,318",2022-05-12,BTC / USD,29047.7510
"4,319",2022-05-13,BTC / USD,29283.1038
"4,320",2022-05-14,BTC / USD,30101.2664
"4,321",2022-05-15,BTC / USD,31305.1126
"4,322",2022-05-16,BTC / USD,29862.9182
"4,323",2022-05-17,BTC / USD,30425.8573
"4,324",2022-05-18,BTC / USD,28720.2714
"4,325",2022-05-19,BTC / USD,30314.3350
"4,326",2022-05-20,BTC / USD,29200.7401
"4,327",2022-05-21,BTC / USD,29432.2260
"4,328",2022-05-22,BTC / USD,30323.7219
"4,329",2022-05-23,BTC / USD,29098.9097
"4,330",2022-05-24,BTC / USD,29655.5861
"4,331",2022-05-25,BTC / USD,29562.3613
"4,332",2022-05-26,BTC / USD,29267.2247
"4,333",2022-05-27,BTC / USD,28627.5749
"4,334",2022-05-28,BTC / USD,29023.4880
"4,335",2022-05-29,BTC / USD,29445.9576
"4,336",2022-05-30,BTC / USD,31726.3907
"4,337",2022-05-31,BTC / USD,31792.3099
"4,338",2022-06-01,BTC / USD,29799.0797
"4,339",2022-06-02,BTC / USD,30467.4877
"4,340",2022-06-03,BTC / USD,29704.3914
"4,341",2022-06-04,BTC / USD,29832.9142
"4,342",2022-06-05,BTC / USD,29906.6617
"4,343",2022-06-06,BTC / USD,31370.6719
"4,344",2022-06-07,BTC / USD,31155.4787
"4,345",2022-06-08,BTC / USD,30214.3562
"4,346",2022-06-09,BTC / USD,30111.9979
"4,347",2022-06-10,BTC / USD,29083.8047
"4,348",2022-06-11,BTC / USD,28360.8114
"4,349",2022-06-12,BTC / USD,26762.6490
"4,350",2022-06-13,BTC / USD,22487.3879
"4,351",2022-06-14,BTC / USD,22206.7928
"4,352",2022-06-15,BTC / USD,22572.8398
"4,353",2022-06-16,BTC / USD,20381.6512
"4,354",2022-06-17,BTC / USD,20471.4819
"4,355",2022-06-18,BTC / USD,19017.6424
"4,356",2022-06-19,BTC / USD,20553.2718
"4,357",2022-06-20,BTC / USD,20599.5380
"4,358",2022-06-21,BTC / USD,20710.5971
"4,359",2022-06-22,BTC / USD,19987.0290
"4,360",2022-06-23,BTC / USD,21085.8772
"4,361",2022-06-24,BTC / USD,21231.6558
"4,362",2022-06-25,BTC / USD,21502.3387
"4,363",2022-06-26,BTC / USD,21027.2953
"4,364",2022-06-27,BTC / USD,20735.4779
"4,365",2022-06-28,BTC / USD,20280.6357
"4,366",2022-06-29,BTC / USD,20104.0232
"4,367",2022-06-30,BTC / USD,19784.7265
"4,368",2022-07-01,BTC / USD,19269.3667
"4,369",2022-07-02,BTC / USD,19242.2556
"4,370",2022-07-03,BTC / USD,19297.0761
"4,371",2022-07-04,BTC / USD,20231.2615
"4,372",2022-07-05,BTC / USD,20190.1147
"4,373",2022-07-06,BTC / USD,20548.2459
"4,374",2022-07-07,BTC / USD,21637.5878
"4,375",2022-07-08,BTC / USD,21731.1166
"4,376",2022-07-09,BTC / USD,21592.2061
"4,377",2022-07-10,BTC / USD,20860.4494
"4,378",2022-07-11,BTC / USD,19970.5566
"4,379",2022-07-12,BTC / USD,19323.9149
"4,380",2022-07-13,BTC / USD,20212.0735
"4,381",2022-07-14,BTC / USD,20569.9201
"4,382",2022-07-15,BTC / USD,20836.3286
"4,383",2022-07-16,BTC / USD,21190.3157
"4,384",2022-07-17,BTC / USD,20779.3445
"4,385",2022-07-18,BTC / USD,22485.6893
"4,386",2022-07-19,BTC / USD,23389.4328
"4,387",2022-07-20,BTC / USD,23231.7320
"4,388",2022-07-21,BTC / USD,23164.6288
"4,389",2022-07-22,BTC / USD,22714.9791
"4,390",2022-07-23,BTC / USD,22465.4776
"4,391",2022-07-24,BTC / USD,22609.1648
"4,392",2022-07-25,BTC / USD,21361.7005
"4,393",2022-07-26,BTC / USD,21239.7544
"4,394",2022-07-27,BTC / USD,22930.5484
"4,395",2022-07-28,BTC / USD,23843.8862
"4,396",2022-07-29,BTC / USD,23804.6332
"4,397",2022-07-30,BTC / USD,23656.2070
"4,398",2022-07-31,BTC / USD,23336.8956
"4,399",2022-08-01,BTC / USD,23314.1994
"4,400",2022-08-02,BTC / USD,22978.1166
"4,401",2022-08-03,BTC / USD,22846.5071
"4,402",2022-08-04,BTC / USD,22630.9567
"4,403",2022-08-05,BTC / USD,23289.3143
"4,404",2022-08-06,BTC / USD,22961.2790
"4,405",2022-08-07,BTC / USD,23175.8908
"4,406",2022-08-08,BTC / USD,23809.4871
"4,407",2022-08-09,BTC / USD,23164.3180
"4,408",2022-08-10,BTC / USD,23947.6434
"4,409",2022-08-11,BTC / USD,23957.5302
"4,410",2022-08-12,BTC / USD,24402.8185
"4,411",2022-08-13,BTC / USD,24424.0678
"4,412",2022-08-14,BTC / USD,24319.3339
"4,413",2022-08-15,BTC / USD,24136.9724
"4,414",2022-08-16,BTC / USD,23883.2905
"4,415",2022-08-17,BTC / USD,23335.9982
"4,416",2022-08-18,BTC / USD,23212.7391
"4,417",2022-08-19,BTC / USD,20877.5537
"4,418",2022-08-20,BTC / USD,21166.0604
"4,419",2022-08-21,BTC / USD,21534.1212
"4,420",2022-08-22,BTC / USD,21398.9084
"4,421",2022-08-23,BTC / USD,21528.0874
"4,422",2022-08-24,BTC / USD,21395.0201
"4,423",2022-08-25,BTC / USD,21600.9051
"4,424",2022-08-26,BTC / USD,20260.0186
"4,425",2022-08-27,BTC / USD,20041.7385
"4,426",2022-08-28,BTC / USD,19616.8150
"4,427",2022-08-29,BTC / USD,20297.9946
"4,428",2022-08-30,BTC / USD,19796.8094
"4,429",2022-08-31,BTC / USD,20049.7632
"4,430",2022-09-01,BTC / USD,20127.1403
"4,431",2022-09-02,BTC / USD,19969.7712
"4,432",2022-09-03,BTC / USD,19832.0877
"4,433",2022-09-04,BTC / USD,19986.7138
"4,434",2022-09-05,BTC / USD,19812.3715
"4,435",2022-09-06,BTC / USD,18837.6677
"4,436",2022-09-07,BTC / USD,19290.3239
"4,437",2022-09-08,BTC / USD,19329.8349
"4,438",2022-09-09,BTC / USD,21381.1529
"4,439",2022-09-10,BTC / USD,21680.5394
"4,440",2022-09-11,BTC / USD,21769.2563
"4,441",2022-09-12,BTC / USD,22370.4486
"4,442",2022-09-13,BTC / USD,20296.7078
"4,443",2022-09-14,BTC / USD,20241.0898
"4,444",2022-09-15,BTC / USD,19701.2100
"4,445",2022-09-16,BTC / USD,19772.5842
"4,446",2022-09-17,BTC / USD,20127.5767
"4,447",2022-09-18,BTC / USD,19419.5062
"4,448",2022-09-19,BTC / USD,19544.1292
"4,449",2022-09-20,BTC / USD,18890.7891
"4,450",2022-09-21,BTC / USD,18547.3998
"4,451",2022-09-22,BTC / USD,19413.5516
"4,452",2022-09-23,BTC / USD,19297.6378
"4,453",2022-09-24,BTC / USD,18937.0112
"4,454",2022-09-25,BTC / USD,18802.0980
"4,455",2022-09-26,BTC / USD,19222.6722
"4,456",2022-09-27,BTC / USD,19110.5466
"4,457",2022-09-28,BTC / USD,19426.7213
"4,458",2022-09-29,BTC / USD,19573.0503
"4,459",2022-09-30,BTC / USD,19431.7894
"4,460",2022-10-01,BTC / USD,19312.0947
"4,461",2022-10-02,BTC / USD,19044.1073
"4,462",2022-10-03,BTC / USD,19623.5803
"4,463",2022-10-04,BTC / USD,20336.8429
"4,464",2022-10-05,BTC / USD,20160.7162
"4,465",2022-10-06,BTC / USD,19955.4437
"4,466",2022-10-07,BTC / USD,19546.8497
"4,467",2022-10-08,BTC / USD,19416.5678
"4,468",2022-10-09,BTC / USD,19446.4262
"4,469",2022-10-10,BTC / USD,19141.4835
"4,470",2022-10-11,BTC / USD,19051.4183
"4,471",2022-10-12,BTC / USD,19157.4463
"4,472",2022-10-13,BTC / USD,19382.9040
"4,473",2022-10-14,BTC / USD,19185.6567
"4,474",2022-10-15,BTC / USD,19067.6351
"4,475",2022-10-16,BTC / USD,19268.0928
"4,476",2022-10-17,BTC / USD,19550.7573
"4,477",2022-10-18,BTC / USD,19334.4151
"4,478",2022-10-19,BTC / USD,19139.5344
"4,479",2022-10-20,BTC / USD,19053.7402
"4,480",2022-10-21,BTC / USD,19172.4692
"4,481",2022-10-22,BTC / USD,19208.1902
"4,482",2022-10-23,BTC / USD,19567.0074
"4,483",2022-10-24,BTC / USD,19345.5723
"4,484",2022-10-25,BTC / USD,20095.8565
"4,485",2022-10-26,BTC / USD,20770.4413
"4,486",2022-10-27,BTC / USD,20285.8368
"4,487",2022-10-28,BTC / USD,20595.3519
"4,488",2022-10-29,BTC / USD,20818.4762
"4,489",2022-10-30,BTC / USD,20635.6037
"4,490",2022-10-31,BTC / USD,20495.7742
"4,491",2022-11-01,BTC / USD,20485.2732
"4,492",2022-11-02,BTC / USD,20159.5031
"4,493",2022-11-03,BTC / USD,20209.9874
"4,494",2022-11-04,BTC / USD,21147.2297
"4,495",2022-11-05,BTC / USD,21282.6913
"4,496",2022-11-06,BTC / USD,20926.4860
"4,497",2022-11-07,BTC / USD,20602.8167
"4,498",2022-11-08,BTC / USD,18541.2719
"4,499",2022-11-09,BTC / USD,15880.7798
"4,500",2022-11-10,BTC / USD,17586.7714
"4,501",2022-11-11,BTC / USD,17034.2931
"4,502",2022-11-12,BTC / USD,16799.1847
"4,503",2022-11-13,BTC / USD,16353.3657
"4,504",2022-11-14,BTC / USD,16618.1992
"4,505",2022-11-15,BTC / USD,16884.6139
"4,506",2022-11-16,BTC / USD,16669.4401
"4,507",2022-11-17,BTC / USD,16687.5180
"4,508",2022-11-18,BTC / USD,16697.7777
"4,509",2022-11-19,BTC / USD,16711.5478
"4,510",2022-11-20,BTC / USD,16291.8325
"4,511",2022-11-21,BTC / USD,15787.2841
"4,512",2022-11-22,BTC / USD,16189.7695
"4,513",2022-11-23,BTC / USD,16610.7064
"4,514",2022-11-24,BTC / USD,16604.4650
"4,515",2022-11-25,BTC / USD,16521.8410
"4,516",2022-11-26,BTC / USD,16464.2811
"4,517",2022-11-27,BTC / USD,16444.6268
"4,518",2022-11-28,BTC / USD,16217.3225
"4,519",2022-11-29,BTC / USD,16444.9833
"4,520",2022-11-30,BTC / USD,17168.5655
"4,521",2022-12-01,BTC / USD,16967.1337
"4,522",2022-12-02,BTC / USD,17088.6604
"4,523",2022-12-03,BTC / USD,16908.2368
"4,524",2022-12-04,BTC / USD,17130.4859
"4,525",2022-12-05,BTC / USD,16974.8257
"4,526",2022-12-06,BTC / USD,17089.5037
"4,527",2022-12-07,BTC / USD,16848.1276
"4,528",2022-12-08,BTC / USD,17233.4740
"4,529",2022-12-09,BTC / USD,17133.1520
"4,530",2022-12-10,BTC / USD,17128.7237
"4,531",2022-12-11,BTC / USD,17104.1928
"4,532",2022-12-12,BTC / USD,17206.4383
"4,533",2022-12-13,BTC / USD,17781.3188
"4,534",2022-12-14,BTC / USD,17815.6499
"4,535",2022-12-15,BTC / USD,17364.8649
"4,536",2022-12-16,BTC / USD,16647.4835
"4,537",2022-12-17,BTC / USD,16795.0910
"4,538",2022-12-18,BTC / USD,16757.9774
"4,539",2022-12-19,BTC / USD,16439.6796
"4,540",2022-12-20,BTC / USD,16906.3052
"4,541",2022-12-21,BTC / USD,16817.5344
"4,542",2022-12-22,BTC / USD,16830.3414
"4,543",2022-12-23,BTC / USD,16796.9522
"4,544",2022-12-24,BTC / USD,16847.7553
"4,545",2022-12-25,BTC / USD,16841.9871
"4,546",2022-12-26,BTC / USD,16919.8052
"4,547",2022-12-27,BTC / USD,16717.1740
"4,548",2022-12-28,BTC / USD,16552.5717
"4,549",2022-12-29,BTC / USD,16642.3427
"4,550",2022-12-30,BTC / USD,16602.5852
"4,551",2022-12-31,BTC / USD,16547.4954
"4,552",2023-01-01,BTC / USD,16625.0806
"4,553",2023-01-02,BTC / USD,16688.4714
"4,554",2023-01-03,BTC / USD,16679.8571
"4,555",2023-01-04,BTC / USD,16863.2383
"4,556",2023-01-05,BTC / USD,16836.7366
"4,557",2023-01-06,BTC / USD,16951.9695
"4,558",2023-01-07,BTC / USD,16955.0774
"4,559",2023-01-08,BTC / USD,17091.1445
"4,560",2023-01-09,BTC / USD,17196.5541
"4,561",2023-01-10,BTC / USD,17446.2925
"4,562",2023-01-11,BTC / USD,17934.8966
"4,563",2023-01-12,BTC / USD,18869.5881
"4,564",2023-01-13,BTC / USD,19909.5746
"4,565",2023-01-14,BTC / USD,20976.2998
"4,566",2023-01-15,BTC / USD,20880.7992
"4,567",2023-01-16,BTC / USD,21169.6328
"4,568",2023-01-17,BTC / USD,21161.5192
"4,569",2023-01-18,BTC / USD,20688.7807
"4,570",2023-01-19,BTC / USD,21086.7933
"4,571",2023-01-20,BTC / USD,22676.5518
"4,572",2023-01-21,BTC / USD,22777.6258
"4,573",2023-01-22,BTC / USD,22720.4156
"4,574",2023-01-23,BTC / USD,22934.4315
"4,575",2023-01-24,BTC / USD,22636.4693
"4,576",2023-01-25,BTC / USD,23117.8597
"4,577",2023-01-26,BTC / USD,23032.7776
"4,578",2023-01-27,BTC / USD,23078.7279
"4,579",2023-01-28,BTC / USD,23031.0898
"4,580",2023-01-29,BTC / USD,23774.5659
"4,581",2023-01-30,BTC / USD,22840.1389
"4,582",2023-01-31,BTC / USD,23139.2839
"4,583",2023-02-01,BTC / USD,23723.7697
"4,584",2023-02-02,BTC / USD,23471.8704
"4,585",2023-02-03,BTC / USD,23449.3216
"4,586",2023-02-04,BTC / USD,23331.8471
"4,587",2023-02-05,BTC / USD,22955.6660
"4,588",2023-02-06,BTC / USD,22760.1093
"4,589",2023-02-07,BTC / USD,23264.2912
"4,590",2023-02-08,BTC / USD,22939.3987
"4,591",2023-02-09,BTC / USD,21819.0399
"4,592",2023-02-10,BTC / USD,21651.1838
"4,593",2023-02-11,BTC / USD,21870.8741
"4,594",2023-02-12,BTC / USD,21788.2040
"4,595",2023-02-13,BTC / USD,21808.1018
"4,596",2023-02-14,BTC / USD,22220.8041
"4,597",2023-02-15,BTC / USD,24307.8413
"4,598",2023-02-16,BTC / USD,23623.4745
"4,599",2023-02-17,BTC / USD,24565.6020
"4,600",2023-02-18,BTC / USD,24641.2769
"4,601",2023-02-19,BTC / USD,24327.6417
"4,602",2023-02-20,BTC / USD,24829.1476
"4,603",2023-02-21,BTC / USD,24436.3545
"4,604",2023-02-22,BTC / USD,24188.8430
"4,605",2023-02-23,BTC / USD,23947.4925
"4,606",2023-02-24,BTC / USD,23198.1275
"4,607",2023-02-25,BTC / USD,23175.3756
"4,608",2023-02-26,BTC / USD,23561.2129
"4,609",2023-02-27,BTC / USD,23522.8719
"4,610",2023-02-28,BTC / USD,23147.3534
"4,611",2023-03-01,BTC / USD,23646.5499
"4,612",2023-03-02,BTC / USD,23475.4667
"4,613",2023-03-03,BTC / USD,22362.6793
"4,614",2023-03-04,BTC / USD,22353.3501
"4,615",2023-03-05,BTC / USD,22435.5142
"4,616",2023-03-06,BTC / USD,22429.7575
"4,617",2023-03-07,BTC / USD,22219.7691
"4,618",2023-03-08,BTC / USD,21718.0798
"4,619",2023-03-09,BTC / USD,20363.0211
"4,620",2023-03-10,BTC / USD,20187.2436
"4,621",2023-03-11,BTC / USD,20632.4096
"4,622",2023-03-12,BTC / USD,22163.9500
"4,623",2023-03-13,BTC / USD,24197.5330
"4,624",2023-03-14,BTC / USD,24746.0747
"4,625",2023-03-15,BTC / USD,24375.9614
"4,626",2023-03-16,BTC / USD,25052.7897
"4,627",2023-03-17,BTC / USD,27423.9306
"4,628",2023-03-18,BTC / USD,26965.8798
"4,629",2023-03-19,BTC / USD,28038.6749
"4,630",2023-03-20,BTC / USD,27767.2363
"4,631",2023-03-21,BTC / USD,28175.8168
"4,632",2023-03-22,BTC / USD,27307.4368
"4,633",2023-03-23,BTC / USD,28333.9727
"4,634",2023-03-24,BTC / USD,27493.2851
"4,635",2023-03-25,BTC / USD,27494.7069
"4,636",2023-03-26,BTC / USD,27994.3295
"4,637",2023-03-27,BTC / USD,27139.8885
"4,638",2023-03-28,BTC / USD,27268.1315
"4,639",2023-03-29,BTC / USD,28348.4423
"4,640",2023-03-30,BTC / USD,28033.5632
"4,641",2023-03-31,BTC / USD,28478.4846
"4,642",2023-04-01,BTC / USD,28462.9439
"4,643",2023-04-02,BTC / USD,28199.3084
"4,644",2023-04-03,BTC / USD,27790.2209
"4,645",2023-04-04,BTC / USD,28168.0898
"4,646",2023-04-05,BTC / USD,28177.9836
"4,647",2023-04-06,BTC / USD,28044.1398
"4,648",2023-04-07,BTC / USD,27925.8594
"4,649",2023-04-08,BTC / USD,27947.7945
"4,650",2023-04-09,BTC / USD,28333.0500
"4,651",2023-04-10,BTC / USD,29652.9801
"4,652",2023-04-11,BTC / USD,30235.0589
"4,653",2023-04-12,BTC / USD,29892.9887
"4,654",2023-04-13,BTC / USD,30399.0664
"4,655",2023-04-14,BTC / USD,30485.7000
"4,656",2023-04-15,BTC / USD,30318.4970
"4,657",2023-04-16,BTC / USD,30315.3555
"4,658",2023-04-17,BTC / USD,29445.0449
"4,659",2023-04-18,BTC / USD,30397.5527
"4,660",2023-04-19,BTC / USD,28822.6805
"4,661",2023-04-20,BTC / USD,28245.9873
"4,662",2023-04-21,BTC / USD,27276.9097
"4,663",2023-04-22,BTC / USD,27817.5009
"4,664",2023-04-23,BTC / USD,27591.3846
"4,665",2023-04-24,BTC / USD,27525.3395
"4,666",2023-04-25,BTC / USD,28307.5981
"4,667",2023-04-26,BTC / USD,28422.7009
"4,668",2023-04-27,BTC / USD,29473.7862
"4,669",2023-04-28,BTC / USD,29340.2625
"4,670",2023-04-29,BTC / USD,29248.4884
"4,671",2023-04-30,BTC / USD,29268.8070
"4,672",2023-05-01,BTC / USD,28091.5688
"4,673",2023-05-02,BTC / USD,28680.5370
"4,674",2023-05-03,BTC / USD,29006.3077
"4,675",2023-05-04,BTC / USD,28847.7116
"4,676",2023-05-05,BTC / USD,29534.3840
"4,677",2023-05-06,BTC / USD,28904.6239
"4,678",2023-05-07,BTC / USD,28454.9783
"4,679",2023-05-08,BTC / USD,27694.2729
"4,680",2023-05-09,BTC / USD,27658.7747
"4,681",2023-05-10,BTC / USD,27621.7562
"4,682",2023-05-11,BTC / USD,27000.7883
"4,683",2023-05-12,BTC / USD,26804.9907
"4,684",2023-05-13,BTC / USD,26918.9600
"4,685",2023-05-14,BTC / USD,26952.6500
"4,686",2023-05-15,BTC / USD,27354.8500
"4,687",2023-05-16,BTC / USD,26956.5700
"4,688",2023-05-17,BTC / USD,27337.7800
"4,689",2023-05-18,BTC / USD,26726.0500
"4,690",2023-05-19,BTC / USD,26839.5400
"4,691",2023-05-20,BTC / USD,27024.2400
"4,692",2023-05-21,BTC / USD,26851.0700
"4,693",2023-05-22,BTC / USD,26899.2800
"4,694",2023-05-23,BTC / USD,27223.3000
"4,695",2023-05-24,BTC / USD,26401.8100
"4,696",2023-05-25,BTC / USD,26490.2000
"4,697",2023-05-26,BTC / USD,26759.2800
"4,698",2023-05-27,BTC / USD,26760.8300
"4,699",2023-05-28,BTC / USD,27564.0400
"4,700",2023-05-29,BTC / USD,27693.1300
"4,701",2023-05-30,BTC / USD,27772.5100
"4,702",2023-05-31,BTC / USD,27117.1000
"4,703",2023-06-01,BTC / USD,26868.3200
"4,704",2023-06-02,BTC / USD,27183.6200
"4,705",2023-06-03,BTC / USD,27071.2700
"4,706",2023-06-04,BTC / USD,27249.7500
"4,707",2023-06-05,BTC / USD,25641.7000
"4,708",2023-06-06,BTC / USD,26945.1600
"4,709",2023-06-07,BTC / USD,26363.4700
"4,710",2023-06-08,BTC / USD,26645.5000
"4,711",2023-06-09,BTC / USD,26444.4300
"4,712",2023-06-10,BTC / USD,25767.8500
"4,713",2023-06-11,BTC / USD,26135.8800
"4,714",2023-06-12,BTC / USD,25895.0000
"4,715",2023-06-13,BTC / USD,25849.1300
"4,716",2023-06-14,BTC / USD,24928.5700
"4,717",2023-06-15,BTC / USD,25547.9900
"4,718",2023-06-16,BTC / USD,26394.7100
"4,719",2023-06-17,BTC / USD,26534.6600
"4,720",2023-06-18,BTC / USD,26472.0000
"4,721",2023-06-19,BTC / USD,26718.3900
"4,722",2023-06-20,BTC / USD,28169.6400
"4,723",2023-06-21,BTC / USD,29985.4000
"4,724",2023-06-22,BTC / USD,30157.3100
"4,725",2023-06-23,BTC / USD,30928.7400
"4,726",2023-06-24,BTC / USD,30523.3400
"4,727",2023-06-25,BTC / USD,30383.3600
"4,728",2023-06-26,BTC / USD,30163.1300
"4,729",2023-06-27,BTC / USD,30655.2300
"4,730",2023-06-28,BTC / USD,30104.0800
"4,731",2023-06-29,BTC / USD,30400.4600
"4,732",2023-06-30,BTC / USD,30390.9100
"4,733",2023-07-01,BTC / USD,30592.8100
"4,734",2023-07-02,BTC / USD,30592.2600
"4,735",2023-07-03,BTC / USD,31128.7600
"4,736",2023-07-04,BTC / USD,30807.4800
"4,737",2023-07-05,BTC / USD,30470.5400
"4,738",2023-07-06,BTC / USD,30315.9100
"4,739",2023-07-07,BTC / USD,30272.4100
"4,740",2023-07-08,BTC / USD,30163.1900
"4,741",2023-07-09,BTC / USD,30201.1600
"4,742",2023-07-10,BTC / USD,30785.9600
"4,743",2023-07-11,BTC / USD,30578.7500
"4,744",2023-07-12,BTC / USD,30351.8400
"4,745",2023-07-13,BTC / USD,31386.0000
"4,746",2023-07-14,BTC / USD,30206.0000
"4,747",2023-07-15,BTC / USD,30314.3600
"4,748",2023-07-16,BTC / USD,30287.4100
"4,749",2023-07-17,BTC / USD,29931.9300
"4,750",2023-07-18,BTC / USD,29784.0800
"4,751",2023-07-19,BTC / USD,29966.8900
"4,752",2023-07-20,BTC / USD,29737.0200
"4,753",2023-07-21,BTC / USD,29883.6600
"4,754",2023-07-22,BTC / USD,29833.3500
"4,755",2023-07-23,BTC / USD,30144.8800
"4,756",2023-07-24,BTC / USD,29145.1300
"4,757",2023-07-25,BTC / USD,29229.7400
"4,758",2023-07-26,BTC / USD,29589.4300
"4,759",2023-07-27,BTC / USD,29143.9300
"4,760",2023-07-28,BTC / USD,29342.4400
"4,761",2023-07-29,BTC / USD,29356.5000
"4,762",2023-07-30,BTC / USD,29271.1900
"4,763",2023-07-31,BTC / USD,29206.8000
"4,764",2023-08-01,BTC / USD,29212.8800
"4,765",2023-08-02,BTC / USD,29119.7900
"4,766",2023-08-03,BTC / USD,29284.9900
"4,767",2023-08-04,BTC / USD,28937.6700
"4,768",2023-08-05,BTC / USD,29032.7700
"4,769",2023-08-06,BTC / USD,29095.6300
"4,770",2023-08-07,BTC / USD,29159.1700
"4,771",2023-08-08,BTC / USD,29984.2400
"4,772",2023-08-09,BTC / USD,29483.3800
"4,773",2023-08-10,BTC / USD,29421.0500
"4,774",2023-08-11,BTC / USD,29387.0100
"4,775",2023-08-12,BTC / USD,29410.4700
"4,776",2023-08-13,BTC / USD,29403.9900
"4,777",2023-08-14,BTC / USD,29366.8000
"4,778",2023-08-15,BTC / USD,29171.5800
"4,779",2023-08-16,BTC / USD,28940.3900
"4,780",2023-08-17,BTC / USD,27642.0000
"4,781",2023-08-18,BTC / USD,26071.7800
"4,782",2023-08-19,BTC / USD,26059.8700
"4,783",2023-08-20,BTC / USD,26233.0500
"4,784",2023-08-21,BTC / USD,26109.7100
"4,785",2023-08-22,BTC / USD,25856.9900
"4,786",2023-08-23,BTC / USD,26591.7600
"4,787",2023-08-24,BTC / USD,26016.6200
"4,788",2023-08-25,BTC / USD,26048.8700
"4,789",2023-08-26,BTC / USD,26024.2500
"4,790",2023-08-27,BTC / USD,26083.8400
"4,791",2023-08-28,BTC / USD,25981.8100
"4,792",2023-08-29,BTC / USD,27579.7400
"4,793",2023-08-30,BTC / USD,27253.3800
"4,794",2023-08-31,BTC / USD,26013.1200
"4,795",2023-09-01,BTC / USD,25759.5400
"4,796",2023-09-02,BTC / USD,25849.6000
"4,797",2023-09-03,BTC / USD,26045.8500
"4,798",2023-09-04,BTC / USD,25828.2800
"4,799",2023-09-05,BTC / USD,25705.8500
"4,800",2023-09-06,BTC / USD,25669.7900
"4,801",2023-09-07,BTC / USD,26002.0000
"4,802",2023-09-08,BTC / USD,25902.0000
"4,803",2023-09-09,BTC / USD,25864.0300
"4,804",2023-09-10,BTC / USD,25818.2000
"4,805",2023-09-11,BTC / USD,25087.3600
"4,806",2023-09-12,BTC / USD,26074.3800
"4,807",2023-09-13,BTC / USD,26225.8000
"4,808",2023-09-14,BTC / USD,26578.7500
"4,809",2023-09-15,BTC / USD,26418.3500
"4,810",2023-09-16,BTC / USD,26540.3800
"4,811",2023-09-17,BTC / USD,26446.9000
"4,812",2023-09-18,BTC / USD,26774.6900
"4,813",2023-09-19,BTC / USD,27192.0000
"4,814",2023-09-20,BTC / USD,27094.6800
"4,815",2023-09-21,BTC / USD,26601.6600
"4,816",2023-09-22,BTC / USD,26537.6800
"4,817",2023-09-23,BTC / USD,26596.2400
"4,818",2023-09-24,BTC / USD,26505.4600
"4,819",2023-09-25,BTC / USD,26289.2500
"4,820",2023-09-26,BTC / USD,26148.1300
"4,821",2023-09-27,BTC / USD,26238.7200
"4,822",2023-09-28,BTC / USD,27089.3200
"4,823",2023-09-29,BTC / USD,26903.1800
"4,824",2023-09-30,BTC / USD,27072.5400
"4,825",2023-10-01,BTC / USD,27114.6900
"4,826",2023-10-02,BTC / USD,27842.1600
"4,827",2023-10-03,BTC / USD,27396.6000
"4,828",2023-10-04,BTC / USD,27659.6800
"4,829",2023-10-05,BTC / USD,27479.0000
"4,830",2023-10-06,BTC / USD,27995.2500
"4,831",2023-10-07,BTC / USD,27937.4500
"4,832",2023-10-08,BTC / USD,27923.4100
"4,833",2023-10-09,BTC / USD,27576.4600
"4,834",2023-10-10,BTC / USD,27405.4800
"4,835",2023-10-11,BTC / USD,26717.1100
"4,836",2023-10-12,BTC / USD,26737.6900
"4,837",2023-10-13,BTC / USD,26976.5100
"4,838",2023-10-14,BTC / USD,26850.0600
"4,839",2023-10-15,BTC / USD,27206.0400
"4,840",2023-10-16,BTC / USD,28405.3800
"4,841",2023-10-17,BTC / USD,28459.4200
"4,842",2023-10-18,BTC / USD,28260.0000
"4,843",2023-10-19,BTC / USD,28728.0400
"4,844",2023-10-20,BTC / USD,29601.0000
"4,845",2023-10-21,BTC / USD,30028.0300
"4,846",2023-10-22,BTC / USD,29860.7500
"4,847",2023-10-23,BTC / USD,31537.5800
"4,848",2023-10-24,BTC / USD,33651.3800
"4,849",2023-10-25,BTC / USD,34680.5700
"4,850",2023-10-26,BTC / USD,34191.5500
"4,851",2023-10-27,BTC / USD,33836.5400
"4,852",2023-10-28,BTC / USD,34135.4300
"4,853",2023-10-29,BTC / USD,34590.8600
"4,854",2023-10-30,BTC / USD,34439.9100
"4,855",2023-10-31,BTC / USD,34650.5600
"4,856",2023-11-01,BTC / USD,35455.7300
"4,857",2023-11-02,BTC / USD,34917.4500
"4,858",2023-11-03,BTC / USD,34621.0600
"4,859",2023-11-04,BTC / USD,34780.7200
"4,860",2023-11-05,BTC / USD,34682.1300
"4,861",2023-11-06,BTC / USD,35030.0400
"4,862",2023-11-07,BTC / USD,35501.5200
"4,863",2023-11-08,BTC / USD,35593.5600
"4,864",2023-11-09,BTC / USD,36541.5600
"4,865",2023-11-10,BTC / USD,37292.8100
"4,866",2023-11-11,BTC / USD,36988.0000
"4,867",2023-11-12,BTC / USD,37182.6100
"4,868",2023-11-13,BTC / USD,36493.4500
"4,869",2023-11-14,BTC / USD,35585.8100
"4,870",2023-11-15,BTC / USD,37647.8400
"4,871",2023-11-16,BTC / USD,35965.5000
"4,872",2023-11-17,BTC / USD,36418.6100
"4,873",2023-11-18,BTC / USD,36566.5900
"4,874",2023-11-19,BTC / USD,37007.9900
"4,875",2023-11-20,BTC / USD,37426.4500
"4,876",2023-11-21,BTC / USD,36841.0400
"4,877",2023-11-22,BTC / USD,37625.0000
"4,878",2023-11-23,BTC / USD,37253.9000
"4,879",2023-11-24,BTC / USD,37858.2500
"4,880",2023-11-25,BTC / USD,37813.6800
"4,881",2023-11-26,BTC / USD,37627.2500
"4,882",2023-11-27,BTC / USD,37032.5600
"4,883",2023-11-28,BTC / USD,37967.5000
"4,884",2023-11-29,BTC / USD,37737.0000
"4,885",2023-11-30,BTC / USD,37750.7700
"4,886",2023-12-01,BTC / USD,38796.6100
"4,887",2023-12-02,BTC / USD,39581.5900
"4,888",2023-12-03,BTC / USD,39727.6500
"4,889",2023-12-04,BTC / USD,42036.5100
"4,890",2023-12-05,BTC / USD,43900.5100
"4,891",2023-12-06,BTC / USD,43822.3300
"4,892",2023-12-07,BTC / USD,43390.9500
"4,893",2023-12-08,BTC / USD,44554.7600
"4,894",2023-12-09,BTC / USD,43986.0100
"4,895",2023-12-10,BTC / USD,43803.2400
"4,896",2023-12-11,BTC / USD,41182.0000
"4,897",2023-12-12,BTC / USD,41088.7500
"4,898",2023-12-13,BTC / USD,42993.2900
"4,899",2023-12-14,BTC / USD,42994.8300
"4,900",2023-12-15,BTC / USD,42240.9500
"4,901",2023-12-16,BTC / USD,42270.5600
"4,902",2023-12-17,BTC / USD,41881.9000
"4,903",2023-12-18,BTC / USD,42614.9900
"4,904",2023-12-19,BTC / USD,42495.8100
"4,905",2023-12-20,BTC / USD,43449.7600
"4,906",2023-12-21,BTC / USD,44004.4700
"4,907",2023-12-22,BTC / USD,43747.1000
"4,908",2023-12-23,BTC / USD,43803.7400
"4,909",2023-12-24,BTC / USD,43529.1300
"4,910",2023-12-25,BTC / USD,43531.1100
"4,911",2023-12-26,BTC / USD,42340.7400
"4,912",2023-12-27,BTC / USD,43395.7400
"4,913",2023-12-28,BTC / USD,42472.5100
"4,914",2023-12-29,BTC / USD,41935.3400
"4,915",2023-12-30,BTC / USD,42303.2400
"4,916",2023-12-31,BTC / USD,42507.9000
"4,917",2024-01-01,BTC / USD,43628.4000
"4,918",2024-01-02,BTC / USD,45127.0100
"4,919",2024-01-03,BTC / USD,42938.0600
"4,920",2024-01-04,BTC / USD,44488.3300
"4,921",2024-01-05,BTC / USD,43970.5200
"4,922",2024-01-06,BTC / USD,43921.4500
"4,923",2024-01-07,BTC / USD,44258.5100
"4,924",2024-01-08,BTC / USD,47114.6800
"4,925",2024-01-09,BTC / USD,45427.0100
"4,926",2024-01-10,BTC / USD,45945.6100
"4,927",2024-01-11,BTC / USD,46163.1300
"4,928",2024-01-12,BTC / USD,42853.1667
"4,929",2024-01-13,BTC / USD,42842.3822
"4,930",2024-01-14,BTC / USD,41796.2696
"4,931",2024-01-15,BTC / USD,42511.9677
"4,932",2024-01-16,BTC / USD,43154.9442
"4,933",2024-01-17,BTC / USD,42742.6528
"4,934",2024-01-18,BTC / USD,41262.0584
"4,935",2024-01-19,BTC / USD,41618.4074
"4,936",2024-01-20,BTC / USD,41665.5848
"4,937",2024-01-21,BTC / USD,41545.7835
"4,938",2024-01-22,BTC / USD,39507.3688
"4,939",2024-01-23,BTC / USD,39845.5511
"4,940",2024-01-24,BTC / USD,40077.0733
"4,941",2024-01-25,BTC / USD,39933.8078
"4,942",2024-01-26,BTC / USD,41816.8728
"4,943",2024-01-27,BTC / USD,42120.0564
"4,944",2024-01-28,BTC / USD,42035.5944
"4,945",2024-01-29,BTC / USD,43288.2453
"4,946",2024-01-30,BTC / USD,42952.6082
"4,947",2024-01-31,BTC / USD,42582.6064
"4,948",2024-02-01,BTC / USD,43075.7746
"4,949",2024-02-02,BTC / USD,43185.8594
"4,950",2024-02-03,BTC / USD,42992.2496
"4,951",2024-02-04,BTC / USD,42583.5829
"4,952",2024-02-05,BTC / USD,42658.6660
"4,953",2024-02-06,BTC / USD,43084.6719
"4,954",2024-02-07,BTC / USD,44318.2245
"4,955",2024-02-08,BTC / USD,45301.5666
"4,956",2024-02-09,BTC / USD,47147.2003
"4,957",2024-02-10,BTC / USD,47771.2774
"4,958",2024-02-11,BTC / USD,48293.9168
"4,959",2024-02-12,BTC / USD,49958.2242
"4,960",2024-02-13,BTC / USD,49742.4410
"4,961",2024-02-14,BTC / USD,51826.6960
"4,962",2024-02-15,BTC / USD,51938.5563
"4,963",2024-02-16,BTC / USD,52160.2028
"4,964",2024-02-17,BTC / USD,51662.9954
"4,965",2024-02-18,BTC / USD,52122.5455
"4,966",2024-02-19,BTC / USD,51779.1441
"4,967",2024-02-20,BTC / USD,52284.8736
"4,968",2024-02-21,BTC / USD,51839.1805
"4,969",2024-02-22,BTC / USD,51304.9744
"4,970",2024-02-23,BTC / USD,50731.9492
"4,971",2024-02-24,BTC / USD,51571.1031
"4,972",2024-02-25,BTC / USD,51733.2366
"4,973",2024-02-26,BTC / USD,54522.4015
"4,974",2024-02-27,BTC / USD,57085.3723
"4,975",2024-02-28,BTC / USD,62504.7893
"4,976",2024-02-29,BTC / USD,61198.3829
"4,977",2024-03-01,BTC / USD,62440.6325
"4,978",2024-03-02,BTC / USD,62029.8461
"4,979",2024-03-03,BTC / USD,63167.3704
"4,980",2024-03-04,BTC / USD,68330.4156
"4,981",2024-03-05,BTC / USD,63801.1976
"4,982",2024-03-06,BTC / USD,66106.8028
"4,983",2024-03-07,BTC / USD,66925.4832
"4,984",2024-03-08,BTC / USD,68300.0957
"4,985",2024-03-09,BTC / USD,68498.8813
"4,986",2024-03-10,BTC / USD,69019.7864
"4,987",2024-03-11,BTC / USD,72123.9035
"4,988",2024-03-12,BTC / USD,71481.2916
"4,989",2024-03-13,BTC / USD,73083.5013
"4,990",2024-03-14,BTC / USD,71396.5899
"4,991",2024-03-15,BTC / USD,69403.7718
"4,992",2024-03-16,BTC / USD,65315.1175
"4,993",2024-03-17,BTC / USD,68390.6228
"4,994",2024-03-18,BTC / USD,67548.5916
"4,995",2024-03-19,BTC / USD,61912.7732
"4,996",2024-03-20,BTC / USD,67913.6730
"4,997",2024-03-21,BTC / USD,65491.3899
"4,998",2024-03-22,BTC / USD,63778.7626
"4,999",2024-03-23,BTC / USD,64062.2023
"5,000",2024-03-24,BTC / USD,67234.1724
"5,001",2024-03-25,BTC / USD,69958.8136
"5,002",2024-03-26,BTC / USD,69987.8389
"5,003",2024-03-27,BTC / USD,69455.3410
"5,004",2024-03-28,BTC / USD,70744.9521
"5,005",2024-03-29,BTC / USD,69892.8291
"5,006",2024-03-30,BTC / USD,69645.3058
"5,007",2024-03-31,BTC / USD,71333.6479
"5,008",2024-04-01,BTC / USD,69702.1461
"5,009",2024-04-02,BTC / USD,65446.9742
"5,010",2024-04-03,BTC / USD,65980.8087
"5,011",2024-04-04,BTC / USD,68508.8418
"5,012",2024-04-05,BTC / USD,67837.6425
"5,013",2024-04-06,BTC / USD,68896.1100
"5,014",2024-04-07,BTC / USD,69362.5513
"5,015",2024-04-08,BTC / USD,71631.3569
"5,016",2024-04-09,BTC / USD,69139.0158
"5,017",2024-04-10,BTC / USD,70587.8794
"5,018",2024-04-11,BTC / USD,70060.6071
"5,019",2024-04-12,BTC / USD,67195.8642
"5,020",2024-04-13,BTC / USD,63821.4739
"5,021",2024-04-14,BTC / USD,65738.7239
"5,022",2024-04-15,BTC / USD,63426.2100
"5,023",2024-04-16,BTC / USD,63811.8639
"5,024",2024-04-17,BTC / USD,62883.7300
"5,025",2024-04-18,BTC / USD,63512.7535
"5,026",2024-04-19,BTC / USD,63843.5685
"5,027",2024-04-20,BTC / USD,64994.4401
"5,028",2024-04-21,BTC / USD,64542.2100
"5,029",2024-04-22,BTC / USD,66503.1500
"5,030",2024-04-23,BTC / USD,66444.3200
"5,031",2024-04-24,BTC / USD,64165.4800
"5,032",2024-04-25,BTC / USD,64815.9500
"5,033",2024-04-26,BTC / USD,63875.1300
"5,034",2024-04-27,BTC / USD,63419.1412
"5,035",2024-04-28,BTC / USD,63699.5500
"5,036",2024-04-29,BTC / USD,62908.6800
"5,037",2024-04-30,BTC / USD,59542.3700
"5,038",2024-05-01,BTC / USD,58254.0099
"5,039",2024-05-02,BTC / USD,59123.4322
"5,040",2024-05-03,BTC / USD,61596.1000
"5,041",2024-05-04,BTC / USD,64024.7800
"5,042",2024-05-05,BTC / USD,63855.8100
"5,043",2024-05-06,BTC / USD,63156.9900
"5,044",2024-05-07,BTC / USD,63088.7700
"5,045",2024-05-08,BTC / USD,62154.3200
"5,046",2024-05-09,BTC / USD,62426.7400
"5,047",2024-05-10,BTC / USD,60725.4300
"5,048",2024-05-11,BTC / USD,61096.4900
"5,049",2024-05-12,BTC / USD,61368.4400
"5,050",2024-05-13,BTC / USD,63113.7000
"5,051",2024-05-14,BTC / USD,61548.9500
"5,052",2024-05-15,BTC / USD,65954.0900
"5,053",2024-05-16,BTC / USD,65192.0700
"5,054",2024-05-17,BTC / USD,66979.4200
"5,055",2024-05-18,BTC / USD,66938.1500
"5,056",2024-05-19,BTC / USD,66139.5200
"5,057",2024-05-20,BTC / USD,70200.3100
"5,058",2024-05-21,BTC / USD,69317.9400
"5,059",2024-05-22,BTC / USD,69697.9800
"5,060",2024-05-23,BTC / USD,67929.5630
"5,061",2024-05-24,BTC / USD,68526.0978
"5,062",2024-05-25,BTC / USD,69265.9427
"5,063",2024-05-26,BTC / USD,68518.0900
"5,064",2024-05-27,BTC / USD,69394.5534
"5,065",2024-05-28,BTC / USD,68296.2220
"5,066",2024-05-29,BTC / USD,67578.0929
"5,067",2024-05-30,BTC / USD,68684.3400
"5,068",2024-05-31,BTC / USD,67491.4170
"5,069",2024-06-01,BTC / USD,67706.9373
"5,070",2024-06-02,BTC / USD,67751.6026
"5,071",2024-06-03,BTC / USD,68804.7801
"5,072",2024-06-04,BTC / USD,70567.7689
"5,073",2024-06-05,BTC / USD,71320.6200
"5,074",2024-06-06,BTC / USD,70458.3500
"5,075",2024-06-07,BTC / USD,70677.2900
"5,076",2024-06-08,BTC / USD,69447.4900
"5,077",2024-06-09,BTC / USD,69697.8100
"5,078",2024-06-10,BTC / USD,69399.7800
"5,079",2024-06-11,BTC / USD,67383.2000
"5,080",2024-06-12,BTC / USD,67566.7500
"5,081",2024-06-13,BTC / USD,66756.3971
"5,082",2024-06-14,BTC / USD,66011.0937
"5,083",2024-06-15,BTC / USD,66191.0005
"5,084",2024-06-16,BTC / USD,66639.0465
"5,085",2024-06-17,BTC / USD,66490.2942
"5,086",2024-06-18,BTC / USD,65140.7446
"5,087",2024-06-19,BTC / USD,64960.2953
"5,088",2024-06-20,BTC / USD,64828.6558
"5,089",2024-06-21,BTC / USD,64096.1982
"5,090",2024-06-22,BTC / USD,64252.5787
"5,091",2024-06-23,BTC / USD,63180.7982
"5,092",2024-06-24,BTC / USD,60277.4147
"5,093",2024-06-25,BTC / USD,61804.6412
"5,094",2024-06-26,BTC / USD,60811.2785
"5,095",2024-06-27,BTC / USD,61604.8018
"5,096",2024-06-28,BTC / USD,60320.1355
"5,097",2024-06-29,BTC / USD,60887.3808
"5,098",2024-06-30,BTC / USD,62678.2921
"5,099",2024-07-01,BTC / USD,62851.9801
"5,100",2024-07-02,BTC / USD,62029.0168
"5,101",2024-07-03,BTC / USD,60173.9236
"5,102",2024-07-04,BTC / USD,56977.7015
"5,103",2024-07-05,BTC / USD,56508.5900
"5,104",2024-07-06,BTC / USD,57871.9900
"5,105",2024-07-07,BTC / USD,57112.6800
"5,106",2024-07-08,BTC / USD,56497.8200
"5,107",2024-07-09,BTC / USD,57889.6300
"5,108",2024-07-10,BTC / USD,57421.5700
"5,109",2024-07-11,BTC / USD,57410.5200
"5,110",2024-07-12,BTC / USD,57899.4655
"5,111",2024-07-13,BTC / USD,58650.6700
"5,112",2024-07-14,BTC / USD,59967.1700
"5,113",2024-07-15,BTC / USD,64870.1528
"5,114",2024-07-16,BTC / USD,65097.1468
"5,115",2024-07-17,BTC / USD,64118.7927
"5,116",2024-07-18,BTC / USD,63974.0667
"5,117",2024-07-19,BTC / USD,66710.1543
"5,118",2024-07-20,BTC / USD,67163.6449
"5,119",2024-07-21,BTC / USD,68154.5229
"5,120",2024-07-22,BTC / USD,67585.2500
"5,121",2024-07-23,BTC / USD,65927.6724
"5,122",2024-07-24,BTC / USD,65759.9600
"5,123",2024-07-25,BTC / USD,64722.2900
"5,124",2024-07-26,BTC / USD,67857.2100
"5,125",2024-07-27,BTC / USD,68195.9700
"5,126",2024-07-28,BTC / USD,68255.8658
"5,127",2024-07-29,BTC / USD,67272.5300
"5,128",2024-07-30,BTC / USD,65769.3300
"5,129",2024-07-31,BTC / USD,65073.7400
"5,130",2024-08-01,BTC / USD,63387.3100
"5,131",2024-08-02,BTC / USD,63002.2600
"5,132",2024-08-03,BTC / USD,60305.1300
"5,133",2024-08-04,BTC / USD,59237.5900
"5,134",2024-08-05,BTC / USD,53483.4400
"5,135",2024-08-06,BTC / USD,56583.5300
"5,136",2024-08-07,BTC / USD,54859.4400
"5,137",2024-08-08,BTC / USD,59427.9900
"5,138",2024-08-09,BTC / USD,60681.6600
"5,139",2024-08-10,BTC / USD,61044.3800
"5,140",2024-08-11,BTC / USD,59647.1100
"5,141",2024-08-12,BTC / USD,59047.3200
"5,142",2024-08-13,BTC / USD,60856.4100
"5,143",2024-08-14,BTC / USD,59017.7500
"5,144",2024-08-15,BTC / USD,57027.1200
"5,145",2024-08-16,BTC / USD,59707.2800
"5,146",2024-08-17,BTC / USD,59489.5200
"5,147",2024-08-18,BTC / USD,59728.6100
"5,148",2024-08-19,BTC / USD,59004.1000
"5,149",2024-08-20,BTC / USD,59498.4900
"5,150",2024-08-21,BTC / USD,61175.1920
"5,151",2024-08-22,BTC / USD,60381.9125
"5,152",2024-08-23,BTC / USD,64094.3572
"5,153",2024-08-24,BTC / USD,64178.9907
"5,154",2024-08-25,BTC / USD,64333.5442
"5,155",2024-08-26,BTC / USD,62880.6587
"5,156",2024-08-27,BTC / USD,59504.1327
"5,157",2024-08-28,BTC / USD,59027.6266
"5,158",2024-08-29,BTC / USD,59388.1809
"5,159",2024-08-30,BTC / USD,59119.4748
"5,160",2024-08-31,BTC / USD,59189.2800
"5,161",2024-09-01,BTC / USD,58474.8500
"5,162",2024-09-02,BTC / USD,58441.9700
"5,163",2024-09-03,BTC / USD,57431.0230
"5,164",2024-09-04,BTC / USD,58036.8700
"5,165",2024-09-05,BTC / USD,56160.4873
"5,166",2024-09-06,BTC / USD,53948.7522
"5,167",2024-09-07,BTC / USD,54139.6894
"5,168",2024-09-08,BTC / USD,54379.5100
"5,169",2024-09-09,BTC / USD,57142.5700
"5,170",2024-09-10,BTC / USD,57648.7124
"5,171",2024-09-11,BTC / USD,57343.1705
"5,172",2024-09-12,BTC / USD,58329.7900
"5,173",2024-09-13,BTC / USD,59701.8700
"5,174",2024-09-14,BTC / USD,60005.1192
"5,175",2024-09-15,BTC / USD,59890.8700
"5,176",2024-09-16,BTC / USD,58192.5069
"5,177",2024-09-17,BTC / USD,59982.4300
"5,178",2024-09-18,BTC / USD,59721.8900
"5,179",2024-09-19,BTC / USD,62940.4568
"5,180",2024-09-20,BTC / USD,63192.9751
"5,181",2024-09-21,BTC / USD,63245.0700
"5,182",2024-09-22,BTC / USD,63648.7099
"5,183",2024-09-23,BTC / USD,63285.1500
"5,184",2024-09-24,BTC / USD,64301.9673
"5,185",2024-09-25,BTC / USD,63486.0000
"5,186",2024-09-26,BTC / USD,65181.0207
"5,187",2024-09-27,BTC / USD,65790.6616
"5,188",2024-09-28,BTC / USD,65887.6488
"5,189",2024-09-29,BTC / USD,65762.7100
"5,190",2024-09-30,BTC / USD,63512.1000
"5,191",2024-10-01,BTC / USD,60837.0097
"5,192",2024-10-02,BTC / USD,60632.7863
"5,193",2024-10-03,BTC / USD,60759.4013
"5,194",2024-10-04,BTC / USD,62067.4774
"5,195",2024-10-05,BTC / USD,62089.9485
"5,196",2024-10-06,BTC / USD,61933.0700
"5,197",2024-10-07,BTC / USD,62236.6594
"5,198",2024-10-08,BTC / USD,62131.9679
"5,199",2024-10-09,BTC / USD,60582.1010
"5,200",2024-10-10,BTC / USD,60274.4981
"5,201",2024-10-11,BTC / USD,63053.6800
"5,202",2024-10-12,BTC / USD,63193.0231
"5,203",2024-10-13,BTC / USD,62851.3749
"5,204",2024-10-14,BTC / USD,66046.1281
"5,205",2024-10-15,BTC / USD,65675.0800
"5,206",2024-10-16,BTC / USD,67612.7208
"5,207",2024-10-17,BTC / USD,67399.8335
"5,208",2024-10-18,BTC / USD,68603.7700
"5,209",2024-10-19,BTC / USD,68362.7331
"5,210",2024-10-20,BTC / USD,69001.7066
"5,211",2024-10-21,BTC / USD,67718.3200
"5,212",2024-10-22,BTC / USD,67481.9100
"5,213",2024-10-23,BTC / USD,66432.1982
"5,214",2024-10-24,BTC / USD,68161.0533
"5,215",2024-10-25,BTC / USD,66642.4107
"5,216",2024-10-26,BTC / USD,67085.6900
"5,217",2024-10-27,BTC / USD,67929.2988
"5,218",2024-10-28,BTC / USD,69907.7547
"5,219",2024-10-29,BTC / USD,72597.9200
"5,220",2024-10-30,BTC / USD,72339.5422
"5,221",2024-10-31,BTC / USD,70215.1856
"5,222",2024-11-01,BTC / USD,69482.4699
"5,223",2024-11-02,BTC / USD,69289.2767
"5,224",2024-11-03,BTC / USD,68741.1155
"5,225",2024-11-04,BTC / USD,68306.5400
"5,226",2024-11-05,BTC / USD,69359.5662
"5,227",2024-11-06,BTC / USD,75639.0779
"5,228",2024-11-07,BTC / USD,75904.8585
"5,229",2024-11-08,BTC / USD,76479.7300
"5,230",2024-11-09,BTC / USD,76778.8678
"5,231",2024-11-10,BTC / USD,80474.1856
"5,232",2024-11-11,BTC / USD,88701.4881
"5,233",2024-11-12,BTC / USD,87955.8098
"5,234",2024-11-13,BTC / USD,90584.1667
"5,235",2024-11-14,BTC / USD,87250.4313
"5,236",2024-11-15,BTC / USD,91066.0070
"5,237",2024-11-16,BTC / USD,90558.4752
"5,238",2024-11-17,BTC / USD,90663.2100
"5,239",2024-11-18,BTC / USD,90542.6440
"5,240",2024-11-19,BTC / USD,92343.7921
"5,241",2024-11-20,BTC / USD,94339.4950
"5,242",2024-11-21,BTC / USD,98504.7276
"5,243",2024-11-22,BTC / USD,98997.6621
"5,244",2024-11-23,BTC / USD,97777.2798
"5,245",2024-11-24,BTC / USD,98013.8209
"5,246",2024-11-25,BTC / USD,93102.2952
"5,247",2024-11-26,BTC / USD,91985.3168
"5,248",2024-11-27,BTC / USD,95962.5284
"5,249",2024-11-28,BTC / USD,95237.8800
"5,250",2024-11-29,BTC / USD,97461.5237
"5,251",2024-11-30,BTC / USD,96449.0558
"5,252",2024-12-01,BTC / USD,97279.7929
"5,253",2024-12-02,BTC / USD,95865.3016
"5,254",2024-12-03,BTC / USD,96002.1621
"5,255",2024-12-04,BTC / USD,96193.1800
"5,256",2024-12-05,BTC / USD,96593.5723
"5,257",2024-12-06,BTC / USD,99920.7147
"5,258",2024-12-07,BTC / USD,99923.3366
"5,259",2024-12-08,BTC / USD,101236.0131
"5,260",2024-12-09,BTC / USD,97432.7213
"5,261",2024-12-10,BTC / USD,96675.4335
"5,262",2024-12-11,BTC / USD,100575.6000
"5,263",2024-12-12,BTC / USD,100042.9979
"5,264",2024-12-13,BTC / USD,101459.2544
"5,265",2024-12-14,BTC / USD,101372.9661
"5,266",2024-12-15,BTC / USD,104298.6958
"5,267",2024-12-16,BTC / USD,106029.7206
"5,268",2024-12-17,BTC / USD,107980.2900
"5,269",2024-12-18,BTC / USD,102733.0200
"5,270",2024-12-19,BTC / USD,97490.9500
"5,271",2024-12-20,BTC / USD,97755.9302
"5,272",2024-12-21,BTC / USD,97224.7263
"5,273",2024-12-22,BTC / USD,95104.9344
"5,274",2024-12-23,BTC / USD,94686.2394
"5,275",2024-12-24,BTC / USD,98676.0974
"5,276",2024-12-25,BTC / USD,99299.1927
"5,277",2024-12-26,BTC / USD,95795.5166
"5,278",2024-12-27,BTC / USD,94164.8603
"5,279",2024-12-28,BTC / USD,95163.9319
"5,280",2024-12-29,BTC / USD,93530.2284
"5,281",2024-12-30,BTC / USD,92643.2146
"5,282",2024-12-31,BTC / USD,93429.2028
"5,283",2025-01-01,BTC / USD,94419.7575
"5,284",2025-01-02,BTC / USD,96556.8300
"5,285",2025-01-03,BTC / USD,98107.4288
"5,286",2025-01-04,BTC / USD,98236.2291
"5,287",2025-01-05,BTC / USD,98314.9594
"5,288",2025-01-06,BTC / USD,102078.0856
"5,289",2025-01-07,BTC / USD,96922.7053
"5,290",2025-01-08,BTC / USD,95043.5235
"5,291",2025-01-09,BTC / USD,92484.0370
"5,292",2025-01-10,BTC / USD,94701.4565
"5,293",2025-01-11,BTC / USD,94566.5937
"5,294",2025-01-12,BTC / USD,94488.4411
"5,295",2025-01-13,BTC / USD,91025.2400
"5,296",2025-01-14,BTC / USD,96534.0442
"5,297",2025-01-15,BTC / USD,100504.4934
"5,298",2025-01-16,BTC / USD,99756.9091
"5,299",2025-01-17,BTC / USD,104462.0426
"5,300",2025-01-18,BTC / USD,104408.0673
"5,301",2025-01-19,BTC / USD,101089.6065
"5,302",2025-01-20,BTC / USD,102016.6623
"5,303",2025-01-21,BTC / USD,106146.2630
"5,304",2025-01-22,BTC / USD,103653.0692
"5,305",2025-01-23,BTC / USD,103960.1716
"5,306",2025-01-24,BTC / USD,104819.4845
"5,307",2025-01-25,BTC / USD,104714.6454
"5,308",2025-01-26,BTC / USD,102682.4970
"5,309",2025-01-27,BTC / USD,101797.6100
"5,310",2025-01-28,BTC / USD,101332.4762
"5,311",2025-01-29,BTC / USD,103703.2112
"5,312",2025-01-30,BTC / USD,105759.2800
"5,313",2025-01-31,BTC / USD,102185.9900
"5,314",2025-02-01,BTC / USD,101654.2300
"5,315",2025-02-02,BTC / USD,98272.2200
"5,316",2025-02-03,BTC / USD,102005.0300
"5,317",2025-02-04,BTC / USD,99040.7100
"5,318",2025-02-05,BTC / USD,97580.5100
"5,319",2025-02-06,BTC / USD,96024.1400
"5,320",2025-02-07,BTC / USD,96722.1400
"5,321",2025-02-08,BTC / USD,96587.8500
"5,322",2025-02-09,BTC / USD,96109.4400
"5,323",2025-02-10,BTC / USD,97357.3700
"5,324",2025-02-11,BTC / USD,95103.0100
"5,325",2025-02-12,BTC / USD,97061.0800
"5,326",2025-02-13,BTC / USD,95677.3800
"5,327",2025-02-14,BTC / USD,97508.9699
"5,328",2025-02-15,BTC / USD,97569.3600
"5,329",2025-02-16,BTC / USD,97060.5100
"5,330",2025-02-17,BTC / USD,95566.5900
"5,331",2025-02-18,BTC / USD,93985.1400
"5,332",2025-02-19,BTC / USD,96635.6132
"5,333",2025-02-20,BTC / USD,98333.9378
"5,334",2025-02-21,BTC / USD,96125.5441
"5,335",2025-02-22,BTC / USD,96577.7615
"5,336",2025-02-23,BTC / USD,96273.9197
"5,337",2025-02-24,BTC / USD,91418.1737
"5,338",2025-02-25,BTC / USD,88736.1734
"5,339",2025-02-26,BTC / USD,84347.0197
"5,340",2025-02-27,BTC / USD,84704.2246
"5,341",2025-02-28,BTC / USD,84373.0103
"5,342",2025-03-01,BTC / USD,86031.9124
"5,343",2025-03-02,BTC / USD,94248.3505
"5,344",2025-03-03,BTC / USD,86065.6683
"5,345",2025-03-04,BTC / USD,87222.1922
"5,346",2025-03-05,BTC / USD,89023.0900
"5,347",2025-03-06,BTC / USD,89961.7272
"5,348",2025-03-07,BTC / USD,86742.6756
"5,349",2025-03-08,BTC / USD,86154.5932
"5,350",2025-03-09,BTC / USD,80601.0413
"5,351",2025-03-10,BTC / USD,78532.0018
"5,352",2025-03-11,BTC / USD,82862.2082
"5,353",2025-03-12,BTC / USD,83722.3620
"5,354",2025-03-13,BTC / USD,81066.7014
"5,355",2025-03-14,BTC / USD,83969.0997
"5,356",2025-03-15,BTC / USD,84343.1085
"5,357",2025-03-16,BTC / USD,82579.6909
"5,358",2025-03-17,BTC / USD,84075.6887
"5,359",2025-03-18,BTC / USD,82718.5023
"5,360",2025-03-19,BTC / USD,86854.2260
"5,361",2025-03-20,BTC / USD,84167.1934
"5,362",2025-03-21,BTC / USD,84043.2452
"5,363",2025-03-22,BTC / USD,83832.4876
"5,364",2025-03-23,BTC / USD,86054.3719
"5,365",2025-03-24,BTC / USD,87498.9124
"5,366",2025-03-25,BTC / USD,87471.7030
"5,367",2025-03-26,BTC / USD,86900.8855
"5,368",2025-03-27,BTC / USD,87177.1021
"5,369",2025-03-28,BTC / USD,84353.1510
"5,370",2025-03-29,BTC / USD,82597.5843
"5,371",2025-03-30,BTC / USD,82334.5227
"5,372",2025-03-31,BTC / USD,82548.9110
"5,373",2025-04-01,BTC / USD,85169.1696
"5,374",2025-04-02,BTC / USD,84975.7200
"5,375",2025-04-03,BTC / USD,83102.8282
"5,376",2025-04-04,BTC / USD,83843.8049
"5,377",2025-04-05,BTC / USD,83504.8002
"5,378",2025-04-06,BTC / USD,78214.4808
"5,379",2025-04-07,BTC / USD,79235.3331
"5,380",2025-04-08,BTC / USD,76271.9502
"5,381",2025-04-09,BTC / USD,82573.9511
"5,382",2025-04-10,BTC / USD,79626.1414
"5,383",2025-04-11,BTC / USD,83404.8398
"5,384",2025-04-12,BTC / USD,85287.1133
"5,385",2025-04-13,BTC / USD,83684.9790
"5,386",2025-04-14,BTC / USD,84542.3913
"5,387",2025-04-15,BTC / USD,85846.4300
"5,388",2025-04-16,BTC / USD,84367.0600
"5,389",2025-04-17,BTC / USD,84960.3300
"5,390",2025-04-18,BTC / USD,84450.8071
"5,391",2025-04-19,BTC / USD,85071.7800
"5,392",2025-04-20,BTC / USD,84675.2100
"5,393",2025-04-21,BTC / USD,87288.3700
"5,394",2025-04-22,BTC / USD,91504.2300
"5,395",2025-04-23,BTC / USD,93597.8600
"5,396",2025-04-24,BTC / USD,93586.9000
"5,397",2025-04-25,BTC / USD,95386.6800
"5,398",2025-04-26,BTC / USD,94354.6700
"5,399",2025-04-27,BTC / USD,94449.5900
"5,400",2025-04-28,BTC / USD,94732.1300
"5,401",2025-04-29,BTC / USD,95339.4100
"5,402",2025-04-30,BTC / USD,94295.7600
"5,403",2025-05-01,BTC / USD,96453.0500
"5,404",2025-05-02,BTC / USD,96953.3100
"5,405",2025-05-03,BTC / USD,96415.3100
"5,406",2025-05-04,BTC / USD,95614.8000
"5,407",2025-05-05,BTC / USD,94312.2500
"5,408",2025-05-06,BTC / USD,94961.4400
"5,409",2025-05-07,BTC / USD,96177.2700
"5,410",2025-05-08,BTC / USD,101549.3000
"5,411",2025-05-09,BTC / USD,103210.6400
"5,412",2025-05-10,BTC / USD,103178.3700
"5,413",2025-05-11,BTC / USD,104434.2800
"5,414",2025-05-12,BTC / USD,101939.5300
"5,415",2025-05-13,BTC / USD,104846.1500
"5,416",2025-05-14,BTC / USD,103465.4800
"5,417",2025-05-15,BTC / USD,103288.2600
"5,418",2025-05-16,BTC / USD,103956.1200
"5,419",2025-05-17,BTC / USD,103195.8200
"5,420",2025-05-18,BTC / USD,106446.0106
"5,421",2025-05-19,BTC / USD,102530.2900
"5,422",2025-05-20,BTC / USD,106642.5700
"5,423",2025-05-21,BTC / USD,108614.3800
"5,424",2025-05-22,BTC / USD,111350.6100
"5,425",2025-05-23,BTC / USD,108599.0100
"5,426",2025-05-24,BTC / USD,108970.3900
"5,427",2025-05-25,BTC / USD,108095.7700
"5,428",2025-05-26,BTC / USD,109045.7400
"5,429",2025-05-27,BTC / USD,109887.5900
"5,430",2025-05-28,BTC / USD,106815.7900
"5,431",2025-05-29,BTC / USD,106092.7700
"5,432",2025-05-30,BTC / USD,104579.6300
"5,433",2025-05-31,BTC / USD,104750.4000
"5,434",2025-06-01,BTC / USD,104307.9000
"5,435",2025-06-02,BTC / USD,104931.4300
"5,436",2025-06-03,BTC / USD,106272.3300
"5,437",2025-06-04,BTC / USD,105413.9600
"5,438",2025-06-05,BTC / USD,101936.6700
"5,439",2025-06-06,BTC / USD,104344.0500
"5,440",2025-06-07,BTC / USD,105615.6263
"5,441",2025-06-08,BTC / USD,105793.6502
"5,442",2025-06-09,BTC / USD,106725.6900
"5,443",2025-06-10,BTC / USD,109943.2700
"5,444",2025-06-11,BTC / USD,108617.0900
"5,445",2025-06-12,BTC / USD,106887.0200
"5,446",2025-06-13,BTC / USD,105202.6300
"5,447",2025-06-14,BTC / USD,104719.5000
"5,448",2025-06-15,BTC / USD,105427.6600
"5,449",2025-06-16,BTC / USD,108629.1600
"5,450",2025-06-17,BTC / USD,104786.1600
"5,451",2025-06-18,BTC / USD,104001.3700
"5,452",2025-06-19,BTC / USD,104684.2860
"5,453",2025-06-20,BTC / USD,103309.6041
"5,454",2025-06-21,BTC / USD,102302.0200
"5,455",2025-06-22,BTC / USD,98939.1200
"5,456",2025-06-23,BTC / USD,103118.4100
"5,457",2025-06-24,BTC / USD,105617.6400
"5,458",2025-06-25,BTC / USD,107654.4000
"5,459",2025-06-26,BTC / USD,107498.9100
"5,460",2025-06-27,BTC / USD,107088.4302
"5,461",2025-06-28,BTC / USD,107327.7032
"5,462",2025-06-29,BTC / USD,107423.8800
"5,463",2025-06-30,BTC / USD,107715.0400
"5,464",2025-07-01,BTC / USD,105897.7800
"5,465",2025-07-02,BTC / USD,109597.5700
"5,466",2025-07-03,BTC / USD,110031.0200
"5,467",2025-07-04,BTC / USD,108034.3390
"5,468",2025-07-05,BTC / USD,108172.7600
"5,469",2025-07-06,BTC / USD,108566.0600
"5,470",2025-07-07,BTC / USD,108044.4300
"5,471",2025-07-08,BTC / USD,108771.1900
"5,472",2025-07-09,BTC / USD,111844.0300
"5,473",2025-07-10,BTC / USD,113597.4200
"5,474",2025-07-11,BTC / USD,117516.9937
"5,475",2025-07-12,BTC / USD,117566.1400
"5,476",2025-07-13,BTC / USD,118520.0500
"5,477",2025-07-14,BTC / USD,120142.9500
"5,478",2025-07-15,BTC / USD,116521.6400
"5,479",2025-07-16,BTC / USD,118738.5060
"5,480",2025-07-17,BTC / USD,119029.7300
"5,481",2025-07-18,BTC / USD,117443.2700
"5,482",2025-07-19,BTC / USD,118034.6500
"5,483",2025-07-20,BTC / USD,118075.3400
"5,484",2025-07-21,BTC / USD,116758.1600
"5,485",2025-07-22,BTC / USD,119309.4700
"5,486",2025-07-23,BTC / USD,118450.2700
"5,487",2025-07-24,BTC / USD,118936.0100
"5,488",2025-07-25,BTC / USD,117635.8811
"5,489",2025-07-26,BTC / USD,118221.4200
"5,490",2025-07-27,BTC / USD,119092.3200
"5,491",2025-07-28,BTC / USD,117988.0100
"5,492",2025-07-29,BTC / USD,117512.1800
"5,493",2025-07-30,BTC / USD,117080.7100
"5,494",2025-07-31,BTC / USD,116850.1100
"5,495",2025-08-01,BTC / USD,113243.1300
"5,496",2025-08-02,BTC / USD,112211.8400
"5,497",2025-08-03,BTC / USD,114283.2500
"5,498",2025-08-04,BTC / USD,114674.7400
"5,499",2025-08-05,BTC / USD,113725.1900
"5,500",2025-08-06,BTC / USD,115227.5200
"5,501",2025-08-07,BTC / USD,117472.9600
"5,502",2025-08-08,BTC / USD,116444.3100
"5,503",2025-08-09,BTC / USD,116560.5300
"5,504",2025-08-10,BTC / USD,118676.4900
"5,505",2025-08-11,BTC / USD,118902.7600
"5,506",2025-08-12,BTC / USD,119633.8500
"5,507",2025-08-13,BTC / USD,122798.2000
"5,508",2025-08-14,BTC / USD,118359.5806
"5,509",2025-08-15,BTC / USD,117398.3480
"5,510",2025-08-16,BTC / USD,117736.0100
"5,511",2025-08-17,BTC / USD,117637.8100
"5,512",2025-08-18,BTC / USD,116391.7800
"5,513",2025-08-19,BTC / USD,113263.1700
"5,514",2025-08-20,BTC / USD,114327.8800
"5,515",2025-08-21,BTC / USD,112156.6100
"5,516",2025-08-22,BTC / USD,116589.9100
"5,517",2025-08-23,BTC / USD,115093.7100
"5,518",2025-08-24,BTC / USD,113458.4322
"5,519",2025-08-25,BTC / USD,110941.0300
"5,520",2025-08-26,BTC / USD,110980.5100
"5,521",2025-08-27,BTC / USD,111222.0607
"5,522",2025-08-28,BTC / USD,112544.8020
"5,523",2025-08-29,BTC / USD,108410.8381
"5,524",2025-08-30,BTC / USD,108808.0717
"5,525",2025-08-31,BTC / USD,108236.7099
"5,526",2025-09-01,BTC / USD,109250.5948
"5,527",2025-09-02,BTC / USD,111200.5872
"5,528",2025-09-03,BTC / USD,111723.2133
"5,529",2025-09-04,BTC / USD,109869.8200
"5,530",2025-09-05,BTC / USD,111618.7600
"5,531",2025-09-06,BTC / USD,110224.6977
"5,532",2025-09-07,BTC / USD,111167.6195
"5,533",2025-09-08,BTC / USD,112071.4311
"5,534",2025-09-09,BTC / USD,111309.8400
"5,535",2025-09-10,BTC / USD,113955.3590
"5,536",2025-09-11,BTC / USD,115507.5375
"5,537",2025-09-12,BTC / USD,116421.6800
"5,538",2025-09-13,BTC / USD,115850.7700
"5,539",2025-09-14,BTC / USD,115691.1600
"5,540",2025-09-15,BTC / USD,115444.8727
"5,541",2025-09-16,BTC / USD,116843.1843
"5,542",2025-09-17,BTC / USD,116468.5074
"5,543",2025-09-18,BTC / USD,117137.2025
"5,544",2025-09-19,BTC / USD,115688.8628
"5,545",2025-09-20,BTC / USD,115721.9582
"5,546",2025-09-21,BTC / USD,115306.0972
"5,547",2025-09-22,BTC / USD,112120.9600
"5,548",2025-09-23,BTC / USD,111810.5600
"5,549",2025-09-24,BTC / USD,113475.4600
"5,550",2025-09-25,BTC / USD,109487.1300
"5,551",2025-09-26,BTC / USD,109197.4700
"5,552",2025-09-27,BTC / USD,109473.1200
"5,553",2025-09-28,BTC / USD,110372.8000
"5,554",2025-09-29,BTC / USD,114223.2900
"5,555",2025-09-30,BTC / USD,114481.7100
"5,556",2025-10-01,BTC / USD,117438.1700
"5,557",2025-10-02,BTC / USD,120681.2597
"5,558",2025-10-03,BTC / USD,122266.5327
"5,559",2025-10-04,BTC / USD,122425.4287
"5,560",2025-10-05,BTC / USD,122549.6400
"5,561",2025-10-06,BTC / USD,125387.9300
"5,562",2025-10-07,BTC / USD,121960.1000
"5,563",2025-10-08,BTC / USD,123439.9000
"5,564",2025-10-09,BTC / USD,121705.5823
"5,565",2025-10-10,BTC / USD,113214.3660
"5,566",2025-10-11,BTC / USD,110807.8793
"5,567",2025-10-12,BTC / USD,115169.7639
"5,568",2025-10-13,BTC / USD,115271.0751
"5,569",2025-10-14,BTC / USD,113118.6672
"5,570",2025-10-15,BTC / USD,110783.1669
"5,571",2025-10-16,BTC / USD,108186.0385
"5,572",2025-10-17,BTC / USD,106467.7852
"5,573",2025-10-18,BTC / USD,107198.2669
"5,574",2025-10-19,BTC / USD,108666.7115
"5,575",2025-10-20,BTC / USD,110588.9302
"5,576",2025-10-21,BTC / USD,108476.8870
"5,577",2025-10-22,BTC / USD,107688.5881
"5,578",2025-10-23,BTC / USD,110069.7229
"5,579",2025-10-24,BTC / USD,111033.9231
"5,580",2025-10-25,BTC / USD,111641.7300
"5,581",2025-10-26,BTC / USD,113733.4400
"5,582",2025-10-27,BTC / USD,114815.0900
"5,583",2025-10-28,BTC / USD,113614.2500
"5,584",2025-10-29,BTC / USD,110832.2600
"5,585",2025-10-30,BTC / USD,106665.5200
"5,586",2025-10-31,BTC / USD,109672.9800
"5,587",2025-11-01,BTC / USD,110064.0174
"5,588",2025-11-02,BTC / USD,110172.2100
"5,589",2025-11-03,BTC / USD,106547.5196
"5,590",2025-11-04,BTC / USD,101590.5223
"5,591",2025-11-05,BTC / USD,104068.1700
"5,592",2025-11-06,BTC / USD,101455.2000
"5,593",2025-11-07,BTC / USD,100902.0800
"5,594",2025-11-08,BTC / USD,102282.1140
"5,595",2025-11-09,BTC / USD,104719.6389
"5,596",2025-11-10,BTC / USD,105996.5971
"5,597",2025-11-11,BTC / USD,104653.4800
"5,598",2025-11-12,BTC / USD,101663.1867
"5,599",2025-11-13,BTC / USD,99697.4906
"5,600",2025-11-14,BTC / USD,94397.7878
"5,601",2025-11-15,BTC / USD,95549.1459
"5,602",2025-11-16,BTC / USD,94014.1500
"5,603",2025-11-17,BTC / USD,92093.8742
"5,604",2025-11-18,BTC / USD,92948.8724
"5,605",2025-11-19,BTC / USD,91465.9891
"5,606",2025-11-20,BTC / USD,86720.8900
"5,607",2025-11-21,BTC / USD,84254.3200
"5,608",2025-11-22,BTC / USD,84648.3567
"5,609",2025-11-23,BTC / USD,87387.5000
"5,610",2025-11-24,BTC / USD,88270.5620
"5,611",2025-11-25,BTC / USD,86822.1800
"5,612",2025-11-26,BTC / USD,90518.3696
"5,613",2025-11-27,BTC / USD,91285.3723
"5,614",2025-11-28,BTC / USD,90988.7600
"5,615",2025-11-29,BTC / USD,90851.7541
"5,616",2025-11-30,BTC / USD,90394.3089
"5,617",2025-12-01,BTC / USD,85300.3200
"5,618",2025-12-02,BTC / USD,91701.7400
"5,619",2025-12-03,BTC / USD,93527.8038
"5,620",2025-12-04,BTC / USD,92141.6223
"5,621",2025-12-05,BTC / USD,92369.6600
"5,622",2025-12-06,BTC / USD,89272.3738
"5,623",2025-12-07,BTC / USD,89555.8800
"5,624",2025-12-08,BTC / USD,90205.6000
"5,625",2025-12-09,BTC / USD,90499.8000
"5,626",2025-12-10,BTC / USD,92020.9457
"5,627",2025-12-11,BTC / USD,92511.3392
"5,628",2025-12-12,BTC / USD,90270.4128
"5,629",2025-12-13,BTC / USD,90298.7101
"5,630",2025-12-14,BTC / USD,88175.1774
"5,631",2025-12-15,BTC / USD,86419.7805
"5,632",2025-12-16,BTC / USD,87026.5300
"5,633",2025-12-17,BTC / USD,86143.7577
"5,634",2025-12-18,BTC / USD,85462.5064
"5,635",2025-12-19,BTC / USD,88188.4300
"5,636",2025-12-20,BTC / USD,88343.9986
"5,637",2025-12-21,BTC / USD,88621.7504
"5,638",2025-12-22,BTC / USD,88490.0192
"5,639",2025-12-23,BTC / USD,87414.0006
"5,640",2025-12-24,BTC / USD,87611.9615
"5,641",2025-12-25,BTC / USD,87234.7383
"5,642",2025-12-26,BTC / USD,87301.4322
"5,643",2025-12-27,BTC / USD,87802.1552
"5,644",2025-12-28,BTC / USD,87835.8335
"5,645",2025-12-29,BTC / USD,89870.6800
"5,646",2025-12-30,BTC / USD,88430.1361
"5,647",2025-12-31,BTC / USD,87508.8251
"5,648",2026-01-01,BTC / USD,87508.9400
"5,649",2026-01-02,BTC / USD,89668.8400
"5,650",2026-01-03,BTC / USD,90603.1891
"5,651",2026-01-04,BTC / USD,91084.6800
"5,652",2026-01-05,BTC / USD,93882.5530
"5,653",2026-01-06,BTC / USD,92273.3400
"5,654",2026-01-07,BTC / USD,91308.0547
"5,655",2026-01-08,BTC / USD,91027.1267
"5,656",2026-01-09,BTC / USD,90207.8900
"5,657",2026-01-10,BTC / USD,90386.6511
"5,658",2026-01-11,BTC / USD,90501.4000
"5,659",2026-01-12,BTC / USD,91842.0400
"5,660",2026-01-13,BTC / USD,94215.2800
"5,661",2026-01-14,BTC / USD,96929.3309
"5,662",2026-01-15,BTC / USD,95438.0300
"5,663",2026-01-16,BTC / USD,94920.5500
"5,664",2026-01-17,BTC / USD,95260.4500
"5,665",2026-01-18,BTC / USD,93634.4320
"5,666",2026-01-19,BTC / USD,92553.5971
"5,667",2026-01-20,BTC / USD,89457.4300
"5,668",2026-01-21,BTC / USD,89376.9583
"5,669",2026-01-22,BTC / USD,89462.4493
"5,670",2026-01-23,BTC / USD,89503.8785
"5,671",2026-01-24,BTC / USD,89110.7377
"5,672",2026-01-25,BTC / USD,86572.2153
"5,673",2026-01-26,BTC / USD,88267.1368
"5,674",2026-01-27,BTC / USD,89102.5685
"5,675",2026-01-28,BTC / USD,89184.5704
"5,676",2026-01-29,BTC / USD,84561.5849
"5,677",2026-01-30,BTC / USD,84128.6588
"5,678",2026-01-31,BTC / USD,78621.1140
"5,679",2026-02-01,BTC / USD,76974.4429
"5,680",2026-02-02,BTC / USD,77799.3800
"5,681",2026-02-03,BTC / USD,78730.0500
"5,682",2026-02-04,BTC / USD,73582.4500
"5,683",2026-02-05,BTC / USD,62702.0977
"5,684",2026-02-06,BTC / USD,70707.9000
"5,685",2026-02-07,BTC / USD,69235.3400
"5,686",2026-02-08,BTC / USD,70264.7247
"5,687",2026-02-09,BTC / USD,70779.0700
"5,688",2026-02-10,BTC / USD,68793.9599
"5,689",2026-02-11,BTC / USD,67607.2700
"5,690",2026-02-12,BTC / USD,65756.1000
"5,691",2026-02-13,BTC / USD,68857.8425
"5,692",2026-02-14,BTC / USD,69845.4800
"5,693",2026-02-15,BTC / USD,68788.1898
"5,694",2026-02-16,BTC / USD,68843.1535
"5,695",2026-02-17,BTC / USD,67746.3100
"5,696",2026-02-18,BTC / USD,66206.4200
"5,697",2026-02-19,BTC / USD,66957.5239
"5,698",2026-02-20,BTC / USD,68005.4206
"5,699",2026-02-21,BTC / USD,68003.7645
"5,700",2026-02-22,BTC / USD,67659.3914
"5,701",2026-02-23,BTC / USD,64616.7364
"5,702",2026-02-24,BTC / USD,64080.0418
"5,703",2026-02-25,BTC / USD,67960.1232
"5,704",2026-02-26,BTC / USD,67453.7700
"5,705",2026-02-27,BTC / USD,65881.7951
"5,706",2026-02-28,BTC / USD,66995.8613
"5,707",2026-03-01,BTC / USD,65888.5300
"5,708",2026-03-02,BTC / USD,68775.8477
"5,709",2026-03-03,BTC / USD,68487.5500
"5,710",2026-03-04,BTC / USD,73674.0700
"5,711",2026-03-05,BTC / USD,70841.1281
"5,712",2026-03-06,BTC / USD,68124.5700
"5,713",2026-03-07,BTC / USD,67272.5973
"5,714",2026-03-08,BTC / USD,67284.8800
"5,715",2026-03-09,BTC / USD,68402.3867
"5,716",2026-03-10,BTC / USD,70066.4500
"5,717",2026-03-11,BTC / USD,70204.8841
"5,718",2026-03-12,BTC / USD,70509.4700
"5,719",2026-03-13,BTC / USD,70968.2677
"5,720",2026-03-14,BTC / USD,70711.6100
"5,721",2026-03-15,BTC / USD,72789.9173
"5,722",2026-03-16,BTC / USD,74861.0837
"5,723",2026-03-17,BTC / USD,73922.4740
"5,724",2026-03-18,BTC / USD,71245.5785
"5,725",2026-03-19,BTC / USD,69912.7878
"5,726",2026-03-20,BTC / USD,70522.5840
"5,727",2026-03-21,BTC / USD,68711.5272
"5,728",2026-03-22,BTC / USD,67845.2140
"5,729",2026-03-23,BTC / USD,70914.8630
"5,730",2026-03-24,BTC / USD,70517.8595
"5,731",2026-03-25,BTC / USD,71309.8802
"5,732",2026-03-26,BTC / USD,68791.6225
"5,733",2026-03-27,BTC / USD,66338.3712
"5,734",2026-03-28,BTC / USD,66319.6975
"5,735",2026-03-29,BTC / USD,65954.9193
"5,736",2026-03-30,BTC / USD,66691.4425
"5,737",2026-03-31,BTC / USD,68233.3156
"5,738",2026-04-01,BTC / USD,68078.5532
"5,739",2026-04-02,BTC / USD,66888.5721
"5,740",2026-04-03,BTC / USD,66931.0992
"5,741",2026-04-04,BTC / USD,67290.5181
"5,742",2026-04-05,BTC / USD,68981.9008
"5,743",2026-04-06,BTC / USD,68859.8264
"5,744",2026-04-07,BTC / USD,69364.8700
"5,745",2026-04-08,BTC / USD,71123.3585
"5,746",2026-04-09,BTC / USD,70964.0900
"5,747",2026-04-10,BTC / USD,72979.0503
"5,748",2026-04-11,BTC / USD,73054.2697
"5,749",2026-04-12,BTC / USD,70753.4083
"5,750",2026-04-13,BTC / USD,74484.6378
"5,751",2026-04-14,BTC / USD,74181.6117
"5,752",2026-04-15,BTC / USD,74805.0754
"5,753",2026-04-16,BTC / USD,75152.1294
"5,754",2026-04-17,BTC / USD,77379.8200
"5,755",2026-04-18,BTC / USD,75726.2076
"5,756",2026-04-19,BTC / USD,73856.3548
"5,757",2026-04-20,BTC / USD,75872.5248
"5,758",2026-04-21,BTC / USD,76352.7769
"5,759",2026-04-22,BTC / USD,78868.5200
"5,760",2026-04-23,BTC / USD,78268.9541
"5,761",2026-04-24,BTC / USD,77455.3156
"5,762",2026-04-25,BTC / USD,77612.0179
"5,763",2026-04-26,BTC / USD,78657.5394
"5,764",2026-04-27,BTC / USD,77366.6234
"5,765",2026-04-28,BTC / USD,76386.2200
"5,766",2026-04-29,BTC / USD,75556.7900
"5,767",2026-04-30,BTC / USD,76304.3188
"5,768",2026-05-01,BTC / USD,78370.9300
