id,date,label,value
1,2000-01-03,,1455.2200
2,2000-01-04,,1399.4200
3,2000-01-05,,1402.1100
4,2000-01-06,,1403.4500
5,2000-01-07,,1441.4700
6,2000-01-10,,1457.6000
7,2000-01-11,,1438.5600
8,2000-01-12,,1432.2500
9,2000-01-13,,1449.6800
10,2000-01-14,,1465.1500
11,2000-01-18,,1455.1400
12,2000-01-19,,1455.9000
13,2000-01-20,,1445.5700
14,2000-01-21,,1441.3600
15,2000-01-24,,1401.5300
16,2000-01-25,,1410.0300
17,2000-01-26,,1404.0900
18,2000-01-27,,1398.5600
19,2000-01-28,,1360.1600
20,2000-01-31,,1394.4600
21,2000-02-01,,1409.2800
22,2000-02-02,,1409.1200
23,2000-02-03,,1424.9700
24,2000-02-04,,1424.3700
25,2000-02-07,,1424.2400
26,2000-02-08,,1441.7200
27,2000-02-09,,1411.7000
28,2000-02-10,,1416.8300
29,2000-02-11,,1387.1200
30,2000-02-14,,1389.9400
31,2000-02-15,,1402.0500
32,2000-02-16,,1387.6700
33,2000-02-17,,1388.2600
34,2000-02-18,,1346.0900
35,2000-02-22,,1352.1700
36,2000-02-23,,1360.6900
37,2000-02-24,,1353.4300
38,2000-02-25,,1333.3600
39,2000-02-28,,1348.0500
40,2000-02-29,,1366.4200
41,2000-03-01,,1379.1900
42,2000-03-02,,1381.7600
43,2000-03-03,,1409.1700
44,2000-03-06,,1391.2800
45,2000-03-07,,1355.6200
46,2000-03-08,,1366.7000
47,2000-03-09,,1401.6900
48,2000-03-10,,1395.0700
49,2000-03-13,,1383.6200
50,2000-03-14,,1359.1500
51,2000-03-15,,1392.1500
52,2000-03-16,,1458.4700
53,2000-03-17,,1464.4700
54,2000-03-20,,1456.6300
55,2000-03-21,,1493.8700
56,2000-03-22,,1500.6400
57,2000-03-23,,1527.3500
58,2000-03-24,,1527.4600
59,2000-03-27,,1523.8600
60,2000-03-28,,1507.7300
61,2000-03-29,,1508.5200
62,2000-03-30,,1487.9200
63,2000-03-31,,1498.5800
64,2000-04-03,,1505.9700
65,2000-04-04,,1494.7300
66,2000-04-05,,1487.3700
67,2000-04-06,,1501.3400
68,2000-04-07,,1516.3500
69,2000-04-10,,1504.4600
70,2000-04-11,,1500.5900
71,2000-04-12,,1467.1700
72,2000-04-13,,1440.5100
73,2000-04-14,,1356.5600
74,2000-04-17,,1401.4400
75,2000-04-18,,1441.6100
76,2000-04-19,,1427.4700
77,2000-04-20,,1434.5400
78,2000-04-24,,1429.8600
79,2000-04-25,,1477.4400
80,2000-04-26,,1460.9900
81,2000-04-27,,1464.9200
82,2000-04-28,,1452.4300
83,2000-05-01,,1468.2500
84,2000-05-02,,1446.2900
85,2000-05-03,,1415.1000
86,2000-05-04,,1409.5700
87,2000-05-05,,1432.6300
88,2000-05-08,,1424.1700
89,2000-05-09,,1412.1400
90,2000-05-10,,1383.0500
91,2000-05-11,,1407.8100
92,2000-05-12,,1420.9600
93,2000-05-15,,1452.3600
94,2000-05-16,,1466.0400
95,2000-05-17,,1447.8000
96,2000-05-18,,1437.2100
97,2000-05-19,,1406.9500
98,2000-05-22,,1400.7200
99,2000-05-23,,1373.8600
100,2000-05-24,,1399.0500
101,2000-05-25,,1381.5200
102,2000-05-26,,1378.0200
103,2000-05-30,,1422.4500
104,2000-05-31,,1420.6000
105,2000-06-01,,1448.8100
106,2000-06-02,,1477.2600
107,2000-06-05,,1467.6300
108,2000-06-06,,1457.8400
109,2000-06-07,,1471.3600
110,2000-06-08,,1461.6700
111,2000-06-09,,1456.9500
112,2000-06-12,,1446.0000
113,2000-06-13,,1469.4400
114,2000-06-14,,1470.5400
115,2000-06-15,,1478.7300
116,2000-06-16,,1464.4600
117,2000-06-19,,1486.0000
118,2000-06-20,,1475.9500
119,2000-06-21,,1479.1300
120,2000-06-22,,1452.1800
121,2000-06-23,,1441.4800
122,2000-06-26,,1455.3100
123,2000-06-27,,1450.5500
124,2000-06-28,,1454.8200
125,2000-06-29,,1442.3900
126,2000-06-30,,1454.6000
127,2000-07-03,,1469.5400
128,2000-07-05,,1446.2300
129,2000-07-06,,1456.6700
130,2000-07-07,,1478.9000
131,2000-07-10,,1475.6200
132,2000-07-11,,1480.8800
133,2000-07-12,,1492.9200
134,2000-07-13,,1495.8400
135,2000-07-14,,1509.9800
136,2000-07-17,,1510.4900
137,2000-07-18,,1493.7400
138,2000-07-19,,1481.9600
139,2000-07-20,,1495.5700
140,2000-07-21,,1480.1900
141,2000-07-24,,1464.2900
142,2000-07-25,,1474.4700
143,2000-07-26,,1452.4200
144,2000-07-27,,1449.6200
145,2000-07-28,,1419.8900
146,2000-07-31,,1430.8300
147,2000-08-01,,1438.1000
148,2000-08-02,,1438.7000
149,2000-08-03,,1452.5600
150,2000-08-04,,1462.9300
151,2000-08-07,,1479.3200
152,2000-08-08,,1482.8000
153,2000-08-09,,1472.8700
154,2000-08-10,,1460.2500
155,2000-08-11,,1471.8400
156,2000-08-14,,1491.5600
157,2000-08-15,,1484.4300
158,2000-08-16,,1479.8500
159,2000-08-17,,1496.0700
160,2000-08-18,,1491.7200
161,2000-08-21,,1499.4800
162,2000-08-22,,1498.1300
163,2000-08-23,,1505.9700
164,2000-08-24,,1508.3100
165,2000-08-25,,1506.4500
166,2000-08-28,,1514.0900
167,2000-08-29,,1509.8400
168,2000-08-30,,1502.5900
169,2000-08-31,,1517.6800
170,2000-09-01,,1520.7700
171,2000-09-05,,1507.0800
172,2000-09-06,,1492.2500
173,2000-09-07,,1502.5100
174,2000-09-08,,1494.5000
175,2000-09-11,,1489.2600
176,2000-09-12,,1481.9900
177,2000-09-13,,1484.9100
178,2000-09-14,,1480.8700
179,2000-09-15,,1465.8100
180,2000-09-18,,1444.5100
181,2000-09-19,,1459.9000
182,2000-09-20,,1451.3400
183,2000-09-21,,1449.0500
184,2000-09-22,,1448.7200
185,2000-09-25,,1439.0300
186,2000-09-26,,1427.2100
187,2000-09-27,,1426.5700
188,2000-09-28,,1458.2900
189,2000-09-29,,1436.5100
190,2000-10-02,,1436.2300
191,2000-10-03,,1426.4600
192,2000-10-04,,1434.3200
193,2000-10-05,,1436.2800
194,2000-10-06,,1408.9900
195,2000-10-09,,1402.0300
196,2000-10-10,,1387.0200
197,2000-10-11,,1364.5900
198,2000-10-12,,1329.7800
199,2000-10-13,,1374.1700
200,2000-10-16,,1374.6200
201,2000-10-17,,1349.9700
202,2000-10-18,,1342.1300
203,2000-10-19,,1388.7600
204,2000-10-20,,1396.9300
205,2000-10-23,,1395.7800
206,2000-10-24,,1398.1300
207,2000-10-25,,1364.9000
208,2000-10-26,,1364.4400
209,2000-10-27,,1379.5800
210,2000-10-30,,1398.6600
211,2000-10-31,,1429.4000
212,2000-11-01,,1421.2200
213,2000-11-02,,1428.3200
214,2000-11-03,,1426.6900
215,2000-11-06,,1432.1900
216,2000-11-07,,1431.8700
217,2000-11-08,,1409.2800
218,2000-11-09,,1400.1400
219,2000-11-10,,1365.9800
220,2000-11-13,,1351.2600
221,2000-11-14,,1382.9500
222,2000-11-15,,1389.8100
223,2000-11-16,,1372.3200
224,2000-11-17,,1367.7200
225,2000-11-20,,1342.6200
226,2000-11-21,,1347.3500
227,2000-11-22,,1322.3600
228,2000-11-24,,1341.7700
229,2000-11-27,,1348.9700
230,2000-11-28,,1336.0900
231,2000-11-29,,1341.9100
232,2000-11-30,,1314.9500
233,2000-12-01,,1315.2300
234,2000-12-04,,1324.9700
235,2000-12-05,,1376.5400
236,2000-12-06,,1351.4600
237,2000-12-07,,1343.5500
238,2000-12-08,,1369.8900
239,2000-12-11,,1380.2000
240,2000-12-12,,1371.1800
241,2000-12-13,,1359.9900
242,2000-12-14,,1340.9300
243,2000-12-15,,1312.1500
244,2000-12-18,,1322.7400
245,2000-12-19,,1305.6000
246,2000-12-20,,1264.7400
247,2000-12-21,,1274.8600
248,2000-12-22,,1305.9700
249,2000-12-26,,1315.1900
250,2000-12-27,,1328.9200
251,2000-12-28,,1334.2200
252,2000-12-29,,1320.2800
253,2001-01-02,,1283.2700
254,2001-01-03,,1347.5600
255,2001-01-04,,1333.3400
256,2001-01-05,,1298.3500
257,2001-01-08,,1295.8600
258,2001-01-09,,1300.8000
259,2001-01-10,,1313.2700
260,2001-01-11,,1326.8200
261,2001-01-12,,1318.3200
262,2001-01-16,,1326.6500
263,2001-01-17,,1329.4700
264,2001-01-18,,1347.9700
265,2001-01-19,,1342.5400
266,2001-01-22,,1342.9000
267,2001-01-23,,1360.4000
268,2001-01-24,,1364.3000
269,2001-01-25,,1357.5100
270,2001-01-26,,1354.9500
271,2001-01-29,,1364.1700
272,2001-01-30,,1373.7300
273,2001-01-31,,1366.0100
274,2001-02-01,,1373.4700
275,2001-02-02,,1349.4700
276,2001-02-05,,1354.3100
277,2001-02-06,,1352.2600
278,2001-02-07,,1340.8900
279,2001-02-08,,1332.5300
280,2001-02-09,,1314.7600
281,2001-02-12,,1330.3100
282,2001-02-13,,1318.8000
283,2001-02-14,,1315.9200
284,2001-02-15,,1326.6100
285,2001-02-16,,1301.5300
286,2001-02-20,,1278.9400
287,2001-02-21,,1255.2700
288,2001-02-22,,1252.8200
289,2001-02-23,,1245.8600
290,2001-02-26,,1267.6500
291,2001-02-27,,1257.9400
292,2001-02-28,,1239.9400
293,2001-03-01,,1241.2300
294,2001-03-02,,1234.1800
295,2001-03-05,,1241.4100
296,2001-03-06,,1253.8000
297,2001-03-07,,1261.8900
298,2001-03-08,,1264.7400
299,2001-03-09,,1233.4200
300,2001-03-12,,1180.1600
301,2001-03-13,,1197.6600
302,2001-03-14,,1166.7100
303,2001-03-15,,1173.5600
304,2001-03-16,,1150.5300
305,2001-03-19,,1170.8100
306,2001-03-20,,1142.6200
307,2001-03-21,,1122.1400
308,2001-03-22,,1117.5800
309,2001-03-23,,1139.8300
310,2001-03-26,,1152.6900
311,2001-03-27,,1182.1700
312,2001-03-28,,1153.2900
313,2001-03-29,,1147.9500
314,2001-03-30,,1160.3300
315,2001-04-02,,1145.8700
316,2001-04-03,,1106.4600
317,2001-04-04,,1103.2500
318,2001-04-05,,1151.4400
319,2001-04-06,,1128.4300
320,2001-04-09,,1137.5900
321,2001-04-10,,1168.3800
322,2001-04-11,,1165.8900
323,2001-04-12,,1183.5000
324,2001-04-16,,1179.6800
325,2001-04-17,,1191.8100
326,2001-04-18,,1238.1600
327,2001-04-19,,1253.7000
328,2001-04-20,,1242.9800
329,2001-04-23,,1224.3600
330,2001-04-24,,1209.4700
331,2001-04-25,,1228.7500
332,2001-04-26,,1234.5200
333,2001-04-27,,1253.0500
334,2001-04-30,,1249.4600
335,2001-05-01,,1266.4400
336,2001-05-02,,1267.4300
337,2001-05-03,,1248.5800
338,2001-05-04,,1266.6100
339,2001-05-07,,1263.5100
340,2001-05-08,,1261.2000
341,2001-05-09,,1255.5400
342,2001-05-10,,1255.1800
343,2001-05-11,,1245.6700
344,2001-05-14,,1248.9200
345,2001-05-15,,1249.4400
346,2001-05-16,,1284.9900
347,2001-05-17,,1288.4900
348,2001-05-18,,1291.9600
349,2001-05-21,,1312.8300
350,2001-05-22,,1309.3800
351,2001-05-23,,1289.0500
352,2001-05-24,,1293.1700
353,2001-05-25,,1277.8900
354,2001-05-29,,1267.9300
355,2001-05-30,,1248.0800
356,2001-05-31,,1255.8200
357,2001-06-01,,1260.6700
358,2001-06-04,,1267.1100
359,2001-06-05,,1283.5700
360,2001-06-06,,1270.0300
361,2001-06-07,,1276.9600
362,2001-06-08,,1264.9600
363,2001-06-11,,1254.3900
364,2001-06-12,,1255.8500
365,2001-06-13,,1241.6000
366,2001-06-14,,1219.8700
367,2001-06-15,,1214.3600
368,2001-06-18,,1208.4300
369,2001-06-19,,1212.5800
370,2001-06-20,,1223.1400
371,2001-06-21,,1237.0400
372,2001-06-22,,1225.3500
373,2001-06-25,,1218.6000
374,2001-06-26,,1216.7600
375,2001-06-27,,1211.0700
376,2001-06-28,,1226.2000
377,2001-06-29,,1224.4200
378,2001-07-02,,1236.7100
379,2001-07-03,,1234.4500
380,2001-07-05,,1219.2400
381,2001-07-06,,1190.5900
382,2001-07-09,,1198.7800
383,2001-07-10,,1181.5200
384,2001-07-11,,1180.1800
385,2001-07-12,,1208.1400
386,2001-07-13,,1215.6800
387,2001-07-16,,1202.4500
388,2001-07-17,,1214.4400
389,2001-07-18,,1207.7100
390,2001-07-19,,1215.0200
391,2001-07-20,,1210.8500
392,2001-07-23,,1191.0300
393,2001-07-24,,1171.6500
394,2001-07-25,,1190.4900
395,2001-07-26,,1202.9300
396,2001-07-27,,1205.8200
397,2001-07-30,,1204.5200
398,2001-07-31,,1211.2300
399,2001-08-01,,1215.9300
400,2001-08-02,,1220.7500
401,2001-08-03,,1214.3500
402,2001-08-06,,1200.4800
403,2001-08-07,,1204.4000
404,2001-08-08,,1183.5300
405,2001-08-09,,1183.4300
406,2001-08-10,,1190.1600
407,2001-08-13,,1191.2900
408,2001-08-14,,1186.7300
409,2001-08-15,,1178.0200
410,2001-08-16,,1181.6600
411,2001-08-17,,1161.9700
412,2001-08-20,,1171.4100
413,2001-08-21,,1157.2600
414,2001-08-22,,1165.3100
415,2001-08-23,,1162.0900
416,2001-08-24,,1184.9300
417,2001-08-27,,1179.2100
418,2001-08-28,,1161.5100
419,2001-08-29,,1148.6000
420,2001-08-30,,1129.0300
421,2001-08-31,,1133.5800
422,2001-09-04,,1132.9400
423,2001-09-05,,1131.7400
424,2001-09-06,,1106.4000
425,2001-09-07,,1085.7800
426,2001-09-10,,1092.5400
427,2001-09-17,,1038.7700
428,2001-09-18,,1032.7400
429,2001-09-19,,1016.1000
430,2001-09-20,,984.5400
431,2001-09-21,,965.8000
432,2001-09-24,,1003.4500
433,2001-09-25,,1012.2700
434,2001-09-26,,1007.0400
435,2001-09-27,,1018.6100
436,2001-09-28,,1040.9400
437,2001-10-01,,1038.5500
438,2001-10-02,,1051.3300
439,2001-10-03,,1072.2800
440,2001-10-04,,1069.6300
441,2001-10-05,,1071.3800
442,2001-10-08,,1062.4400
443,2001-10-09,,1056.7500
444,2001-10-10,,1080.9900
445,2001-10-11,,1097.4300
446,2001-10-12,,1091.6500
447,2001-10-15,,1089.9800
448,2001-10-16,,1097.5400
449,2001-10-17,,1077.0900
450,2001-10-18,,1068.6100
451,2001-10-19,,1073.4800
452,2001-10-22,,1089.9000
453,2001-10-23,,1084.7800
454,2001-10-24,,1085.2000
455,2001-10-25,,1100.0900
456,2001-10-26,,1104.6100
457,2001-10-29,,1078.3000
458,2001-10-30,,1059.7900
459,2001-10-31,,1059.7800
460,2001-11-01,,1084.1000
461,2001-11-02,,1087.2000
462,2001-11-05,,1102.8400
463,2001-11-06,,1118.8600
464,2001-11-07,,1115.8000
465,2001-11-08,,1118.5400
466,2001-11-09,,1120.3100
467,2001-11-12,,1118.3300
468,2001-11-13,,1139.0900
469,2001-11-14,,1141.2100
470,2001-11-15,,1142.2400
471,2001-11-16,,1138.6500
472,2001-11-19,,1151.0600
473,2001-11-20,,1142.6600
474,2001-11-21,,1137.0300
475,2001-11-23,,1150.3400
476,2001-11-26,,1157.4200
477,2001-11-27,,1149.5000
478,2001-11-28,,1128.5200
479,2001-11-29,,1140.2000
480,2001-11-30,,1139.4500
481,2001-12-03,,1129.9000
482,2001-12-04,,1144.8000
483,2001-12-05,,1170.3500
484,2001-12-06,,1167.1000
485,2001-12-07,,1158.3100
486,2001-12-10,,1139.9300
487,2001-12-11,,1136.7600
488,2001-12-12,,1137.0700
489,2001-12-13,,1119.3800
490,2001-12-14,,1123.0900
491,2001-12-17,,1134.3600
492,2001-12-18,,1142.9200
493,2001-12-19,,1149.5600
494,2001-12-20,,1139.9300
495,2001-12-21,,1144.8900
496,2001-12-24,,1144.6500
497,2001-12-26,,1149.3700
498,2001-12-27,,1157.1300
499,2001-12-28,,1161.0200
500,2001-12-31,,1148.0800
501,2002-01-02,,1154.6700
502,2002-01-03,,1165.2700
503,2002-01-04,,1172.5100
504,2002-01-07,,1164.8900
505,2002-01-08,,1160.7100
506,2002-01-09,,1155.1400
507,2002-01-10,,1156.5500
508,2002-01-11,,1145.6000
509,2002-01-14,,1138.4100
510,2002-01-15,,1146.1900
511,2002-01-16,,1127.5700
512,2002-01-17,,1138.8800
513,2002-01-18,,1127.5800
514,2002-01-22,,1119.3100
515,2002-01-23,,1128.1900
516,2002-01-24,,1132.1600
517,2002-01-25,,1133.2800
518,2002-01-28,,1133.0600
519,2002-01-29,,1100.6400
520,2002-01-30,,1113.5700
521,2002-01-31,,1130.2100
522,2002-02-01,,1122.2000
523,2002-02-04,,1094.4400
524,2002-02-05,,1090.0200
525,2002-02-06,,1083.5100
526,2002-02-07,,1080.1700
527,2002-02-08,,1096.2200
528,2002-02-11,,1111.9400
529,2002-02-12,,1107.5000
530,2002-02-13,,1118.5100
531,2002-02-14,,1116.4800
532,2002-02-15,,1104.1800
533,2002-02-19,,1083.3400
534,2002-02-20,,1097.9800
535,2002-02-21,,1080.9500
536,2002-02-22,,1089.8400
537,2002-02-25,,1109.4400
538,2002-02-26,,1109.3800
539,2002-02-27,,1109.8900
540,2002-02-28,,1106.7300
541,2002-03-01,,1131.7800
542,2002-03-04,,1153.8400
543,2002-03-05,,1146.1400
544,2002-03-06,,1162.7700
545,2002-03-07,,1157.5400
546,2002-03-08,,1164.3100
547,2002-03-11,,1168.2600
548,2002-03-12,,1165.5800
549,2002-03-13,,1154.0900
550,2002-03-14,,1153.0400
551,2002-03-15,,1166.1600
552,2002-03-18,,1165.5500
553,2002-03-19,,1170.2900
554,2002-03-20,,1151.8500
555,2002-03-21,,1153.5900
556,2002-03-22,,1148.7000
557,2002-03-25,,1131.8700
558,2002-03-26,,1138.4900
559,2002-03-27,,1144.5800
560,2002-03-28,,1147.3900
561,2002-04-01,,1146.5500
562,2002-04-02,,1136.7700
563,2002-04-03,,1125.4000
564,2002-04-04,,1126.3400
565,2002-04-05,,1122.7300
566,2002-04-08,,1125.2900
567,2002-04-09,,1117.8000
568,2002-04-10,,1130.4600
569,2002-04-11,,1103.6900
570,2002-04-12,,1111.0100
571,2002-04-15,,1102.5500
572,2002-04-16,,1128.3700
573,2002-04-17,,1126.0700
574,2002-04-18,,1124.4700
575,2002-04-19,,1125.1700
576,2002-04-22,,1107.8300
577,2002-04-23,,1100.9600
578,2002-04-24,,1093.1400
579,2002-04-25,,1091.4800
580,2002-04-26,,1076.3200
581,2002-04-29,,1065.4600
582,2002-04-30,,1076.9200
583,2002-05-01,,1086.4600
584,2002-05-02,,1084.5600
585,2002-05-03,,1073.4300
586,2002-05-06,,1052.6700
587,2002-05-07,,1049.4900
588,2002-05-08,,1088.8500
589,2002-05-09,,1073.0100
590,2002-05-10,,1054.9900
591,2002-05-13,,1074.5600
592,2002-05-14,,1097.2800
593,2002-05-15,,1091.0700
594,2002-05-16,,1098.2300
595,2002-05-17,,1106.5900
596,2002-05-20,,1091.8800
597,2002-05-21,,1079.8800
598,2002-05-22,,1086.0200
599,2002-05-23,,1097.0800
600,2002-05-24,,1083.8200
601,2002-05-28,,1074.5500
602,2002-05-29,,1067.6600
603,2002-05-30,,1064.6600
604,2002-05-31,,1067.1400
605,2002-06-03,,1040.6800
606,2002-06-04,,1040.6900
607,2002-06-05,,1049.9000
608,2002-06-06,,1029.1500
609,2002-06-07,,1027.5300
610,2002-06-10,,1030.7400
611,2002-06-11,,1013.6000
612,2002-06-12,,1020.2600
613,2002-06-13,,1009.5600
614,2002-06-14,,1007.2800
615,2002-06-17,,1036.1700
616,2002-06-18,,1037.1400
617,2002-06-19,,1019.9900
618,2002-06-20,,1006.2900
619,2002-06-21,,989.1400
620,2002-06-24,,992.7200
621,2002-06-25,,976.1400
622,2002-06-26,,973.5300
623,2002-06-27,,990.6400
624,2002-06-28,,989.8100
625,2002-07-01,,968.6500
626,2002-07-02,,948.0900
627,2002-07-03,,953.9900
628,2002-07-05,,989.0300
629,2002-07-08,,976.9800
630,2002-07-09,,952.8300
631,2002-07-10,,920.4700
632,2002-07-11,,927.3700
633,2002-07-12,,921.3900
634,2002-07-15,,917.9300
635,2002-07-16,,901.0500
636,2002-07-17,,906.0400
637,2002-07-18,,881.5600
638,2002-07-19,,847.7600
639,2002-07-22,,819.8500
640,2002-07-23,,797.7000
641,2002-07-24,,843.4200
642,2002-07-25,,838.6800
643,2002-07-26,,852.8400
644,2002-07-29,,898.9600
645,2002-07-30,,902.7800
646,2002-07-31,,911.6200
647,2002-08-01,,884.6600
648,2002-08-02,,864.2400
649,2002-08-05,,834.6000
650,2002-08-06,,859.5700
651,2002-08-07,,876.7700
652,2002-08-08,,905.4600
653,2002-08-09,,908.6400
654,2002-08-12,,903.8000
655,2002-08-13,,884.2100
656,2002-08-14,,919.6200
657,2002-08-15,,930.2500
658,2002-08-16,,928.7700
659,2002-08-19,,950.7200
660,2002-08-20,,937.4300
661,2002-08-21,,949.3600
662,2002-08-22,,962.7000
663,2002-08-23,,940.8600
664,2002-08-26,,947.9500
665,2002-08-27,,934.8200
666,2002-08-28,,917.8700
667,2002-08-29,,917.8000
668,2002-08-30,,916.0700
669,2002-09-03,,878.0200
670,2002-09-04,,893.4100
671,2002-09-05,,879.1500
672,2002-09-06,,893.9200
673,2002-09-09,,902.9600
674,2002-09-10,,909.5800
675,2002-09-11,,909.4500
676,2002-09-12,,886.9100
677,2002-09-13,,889.8100
678,2002-09-16,,891.1000
679,2002-09-17,,873.5200
680,2002-09-18,,869.4600
681,2002-09-19,,843.3200
682,2002-09-20,,845.3900
683,2002-09-23,,833.7000
684,2002-09-24,,819.2900
685,2002-09-25,,839.6600
686,2002-09-26,,854.9500
687,2002-09-27,,827.3700
688,2002-09-30,,815.2800
689,2002-10-01,,847.9100
690,2002-10-02,,827.9100
691,2002-10-03,,818.9500
692,2002-10-04,,800.5800
693,2002-10-07,,785.2800
694,2002-10-08,,798.5500
695,2002-10-09,,776.7600
696,2002-10-10,,803.9200
697,2002-10-11,,835.3200
698,2002-10-14,,841.4400
699,2002-10-15,,881.2700
700,2002-10-16,,860.0200
701,2002-10-17,,879.2000
702,2002-10-18,,884.3900
703,2002-10-21,,899.7200
704,2002-10-22,,890.1600
705,2002-10-23,,896.1400
706,2002-10-24,,882.5000
707,2002-10-25,,897.6500
708,2002-10-28,,890.2300
709,2002-10-29,,882.1500
710,2002-10-30,,890.7100
711,2002-10-31,,885.7600
712,2002-11-01,,900.9600
713,2002-11-04,,908.3500
714,2002-11-05,,915.3900
715,2002-11-06,,923.7600
716,2002-11-07,,902.6500
717,2002-11-08,,894.7400
718,2002-11-11,,876.1900
719,2002-11-12,,882.9500
720,2002-11-13,,882.5300
721,2002-11-14,,904.2700
722,2002-11-15,,909.8300
723,2002-11-18,,900.3600
724,2002-11-19,,896.7400
725,2002-11-20,,914.1500
726,2002-11-21,,933.7600
727,2002-11-22,,930.5500
728,2002-11-25,,932.8800
729,2002-11-26,,913.3100
730,2002-11-27,,938.8700
731,2002-11-29,,936.3100
732,2002-12-02,,934.5300
733,2002-12-03,,920.7500
734,2002-12-04,,917.5700
735,2002-12-05,,906.5500
736,2002-12-06,,912.2300
737,2002-12-09,,892.0000
738,2002-12-10,,904.4500
739,2002-12-11,,904.9600
740,2002-12-12,,901.5900
741,2002-12-13,,889.4800
742,2002-12-16,,910.4000
743,2002-12-17,,902.9900
744,2002-12-18,,891.1200
745,2002-12-19,,884.2500
746,2002-12-20,,895.7500
747,2002-12-23,,897.3800
748,2002-12-24,,892.4700
749,2002-12-26,,889.6600
750,2002-12-27,,875.4000
751,2002-12-30,,879.3900
752,2002-12-31,,879.8200
753,2003-01-02,,909.0300
754,2003-01-03,,908.5900
755,2003-01-06,,929.0100
756,2003-01-07,,922.9300
757,2003-01-08,,909.9300
758,2003-01-09,,927.5800
759,2003-01-10,,927.5700
760,2003-01-13,,926.2600
761,2003-01-14,,931.6600
762,2003-01-15,,918.2200
763,2003-01-16,,914.6000
764,2003-01-17,,901.7800
765,2003-01-21,,887.6200
766,2003-01-22,,878.3600
767,2003-01-23,,887.3400
768,2003-01-24,,861.4000
769,2003-01-27,,847.4800
770,2003-01-28,,858.5400
771,2003-01-29,,864.3600
772,2003-01-30,,844.6100
773,2003-01-31,,855.7000
774,2003-02-03,,860.3200
775,2003-02-04,,848.2000
776,2003-02-05,,843.5900
777,2003-02-06,,838.1500
778,2003-02-07,,829.6900
779,2003-02-10,,835.9700
780,2003-02-11,,829.2000
781,2003-02-12,,818.6800
782,2003-02-13,,817.3700
783,2003-02-14,,834.8900
784,2003-02-18,,851.1700
785,2003-02-19,,845.1300
786,2003-02-20,,837.1000
787,2003-02-21,,848.1700
788,2003-02-24,,832.5800
789,2003-02-25,,838.5700
790,2003-02-26,,827.5500
791,2003-02-27,,837.2800
792,2003-02-28,,841.1500
793,2003-03-03,,834.8100
794,2003-03-04,,821.9900
795,2003-03-05,,829.8500
796,2003-03-06,,822.1000
797,2003-03-07,,828.8900
798,2003-03-10,,807.4800
799,2003-03-11,,800.7300
800,2003-03-12,,804.1900
801,2003-03-13,,831.9000
802,2003-03-14,,833.2700
803,2003-03-17,,862.7900
804,2003-03-18,,866.4500
805,2003-03-19,,874.0200
806,2003-03-20,,875.6700
807,2003-03-21,,895.7900
808,2003-03-24,,864.2300
809,2003-03-25,,874.7400
810,2003-03-26,,869.9500
811,2003-03-27,,868.5200
812,2003-03-28,,863.5000
813,2003-03-31,,848.1800
814,2003-04-01,,858.4800
815,2003-04-02,,880.9000
816,2003-04-03,,876.4500
817,2003-04-04,,878.8500
818,2003-04-07,,879.9300
819,2003-04-08,,878.2900
820,2003-04-09,,865.9900
821,2003-04-10,,871.5800
822,2003-04-11,,868.3000
823,2003-04-14,,885.2300
824,2003-04-15,,890.8100
825,2003-04-16,,879.9100
826,2003-04-17,,893.5800
827,2003-04-21,,892.0100
828,2003-04-22,,911.3700
829,2003-04-23,,919.0200
830,2003-04-24,,911.4300
831,2003-04-25,,898.8100
832,2003-04-28,,914.8400
833,2003-04-29,,917.8400
834,2003-04-30,,916.9200
835,2003-05-01,,916.3000
836,2003-05-02,,930.0800
837,2003-05-05,,926.5500
838,2003-05-06,,934.3900
839,2003-05-07,,929.6200
840,2003-05-08,,920.2700
841,2003-05-09,,933.4100
842,2003-05-12,,945.1100
843,2003-05-13,,942.3000
844,2003-05-14,,939.2800
845,2003-05-15,,946.6700
846,2003-05-16,,944.3000
847,2003-05-19,,920.7700
848,2003-05-20,,919.7300
849,2003-05-21,,923.4200
850,2003-05-22,,931.8700
851,2003-05-23,,933.2200
852,2003-05-27,,951.4800
853,2003-05-28,,953.2200
854,2003-05-29,,949.6400
855,2003-05-30,,963.5900
856,2003-06-02,,967.0000
857,2003-06-03,,971.5600
858,2003-06-04,,986.2400
859,2003-06-05,,990.1400
860,2003-06-06,,987.7600
861,2003-06-09,,975.9300
862,2003-06-10,,984.8400
863,2003-06-11,,997.4800
864,2003-06-12,,998.5100
865,2003-06-13,,988.6100
866,2003-06-16,,1010.7400
867,2003-06-17,,1011.6600
868,2003-06-18,,1010.0900
869,2003-06-19,,994.7000
870,2003-06-20,,995.6900
871,2003-06-23,,981.6400
872,2003-06-24,,983.4500
873,2003-06-25,,975.3200
874,2003-06-26,,985.8200
875,2003-06-27,,976.2200
876,2003-06-30,,974.5000
877,2003-07-01,,982.3200
878,2003-07-02,,993.7500
879,2003-07-03,,985.7000
880,2003-07-07,,1004.4200
881,2003-07-08,,1007.8400
882,2003-07-09,,1002.2100
883,2003-07-10,,988.7000
884,2003-07-11,,998.1400
885,2003-07-14,,1003.8600
886,2003-07-15,,1000.4200
887,2003-07-16,,994.0000
888,2003-07-17,,981.7300
889,2003-07-18,,993.3200
890,2003-07-21,,978.8000
891,2003-07-22,,988.1100
892,2003-07-23,,988.6100
893,2003-07-24,,981.6000
894,2003-07-25,,998.6800
895,2003-07-28,,996.5200
896,2003-07-29,,989.2800
897,2003-07-30,,987.4900
898,2003-07-31,,990.3100
899,2003-08-01,,980.1500
900,2003-08-04,,982.8200
901,2003-08-05,,965.4600
902,2003-08-06,,967.0800
903,2003-08-07,,974.1200
904,2003-08-08,,977.5900
905,2003-08-11,,980.5900
906,2003-08-12,,990.3500
907,2003-08-13,,984.0300
908,2003-08-14,,990.5100
909,2003-08-15,,990.6700
910,2003-08-18,,999.7400
911,2003-08-19,,1002.3500
912,2003-08-20,,1000.3000
913,2003-08-21,,1003.2800
914,2003-08-22,,993.0600
915,2003-08-25,,993.7100
916,2003-08-26,,996.7300
917,2003-08-27,,996.7900
918,2003-08-28,,1002.8400
919,2003-08-29,,1008.0100
920,2003-09-02,,1021.9900
921,2003-09-03,,1026.2700
922,2003-09-04,,1027.9700
923,2003-09-05,,1021.3900
924,2003-09-08,,1031.6400
925,2003-09-09,,1023.1700
926,2003-09-10,,1010.9200
927,2003-09-11,,1016.4200
928,2003-09-12,,1018.6300
929,2003-09-15,,1014.8100
930,2003-09-16,,1029.3200
931,2003-09-17,,1025.9700
932,2003-09-18,,1039.5800
933,2003-09-19,,1036.3000
934,2003-09-22,,1022.8200
935,2003-09-23,,1029.0300
936,2003-09-24,,1009.3800
937,2003-09-25,,1003.2700
938,2003-09-26,,996.8500
939,2003-09-29,,1006.5800
940,2003-09-30,,995.9700
941,2003-10-01,,1018.2200
942,2003-10-02,,1020.2400
943,2003-10-03,,1029.8500
944,2003-10-06,,1034.3500
945,2003-10-07,,1039.2500
946,2003-10-08,,1033.7800
947,2003-10-09,,1038.7300
948,2003-10-10,,1038.0600
949,2003-10-13,,1045.3500
950,2003-10-14,,1049.4800
951,2003-10-15,,1046.7600
952,2003-10-16,,1050.0700
953,2003-10-17,,1039.3200
954,2003-10-20,,1044.6800
955,2003-10-21,,1046.0300
956,2003-10-22,,1030.3600
957,2003-10-23,,1033.7700
958,2003-10-24,,1028.9100
959,2003-10-27,,1031.1300
960,2003-10-28,,1046.7900
961,2003-10-29,,1048.1100
962,2003-10-30,,1046.9400
963,2003-10-31,,1050.7100
964,2003-11-03,,1059.0200
965,2003-11-04,,1053.2500
966,2003-11-05,,1051.8100
967,2003-11-06,,1058.0500
968,2003-11-07,,1053.2100
969,2003-11-10,,1047.1100
970,2003-11-11,,1046.5700
971,2003-11-12,,1058.5600
972,2003-11-13,,1058.4100
973,2003-11-14,,1050.3500
974,2003-11-17,,1043.6300
975,2003-11-18,,1034.1500
976,2003-11-19,,1042.4400
977,2003-11-20,,1033.6500
978,2003-11-21,,1035.2800
979,2003-11-24,,1052.0800
980,2003-11-25,,1053.8900
981,2003-11-26,,1058.4500
982,2003-11-28,,1058.2000
983,2003-12-01,,1070.1200
984,2003-12-02,,1066.6200
985,2003-12-03,,1064.7300
986,2003-12-04,,1069.7200
987,2003-12-05,,1061.5000
988,2003-12-08,,1069.3000
989,2003-12-09,,1060.1800
990,2003-12-10,,1059.0500
991,2003-12-11,,1071.2100
992,2003-12-12,,1074.1400
993,2003-12-15,,1068.0400
994,2003-12-16,,1075.1300
995,2003-12-17,,1076.4800
996,2003-12-18,,1089.1800
997,2003-12-19,,1088.6700
998,2003-12-22,,1092.9400
999,2003-12-23,,1096.0200
"1,000",2003-12-24,,1094.0400
"1,001",2003-12-26,,1095.8900
"1,002",2003-12-29,,1109.4800
"1,003",2003-12-30,,1109.6400
"1,004",2003-12-31,,1111.9200
"1,005",2004-01-02,,1108.4800
"1,006",2004-01-05,,1122.2200
"1,007",2004-01-06,,1123.6700
"1,008",2004-01-07,,1126.3300
"1,009",2004-01-08,,1131.9200
"1,010",2004-01-09,,1121.8600
"1,011",2004-01-12,,1127.2300
"1,012",2004-01-13,,1121.2200
"1,013",2004-01-14,,1130.5200
"1,014",2004-01-15,,1132.0500
"1,015",2004-01-16,,1139.8300
"1,016",2004-01-20,,1138.7700
"1,017",2004-01-21,,1147.6200
"1,018",2004-01-22,,1143.9400
"1,019",2004-01-23,,1141.5500
"1,020",2004-01-26,,1155.3700
"1,021",2004-01-27,,1144.0500
"1,022",2004-01-28,,1128.4800
"1,023",2004-01-29,,1134.1200
"1,024",2004-01-30,,1131.1300
"1,025",2004-02-02,,1135.2600
"1,026",2004-02-03,,1136.0300
"1,027",2004-02-04,,1126.5300
"1,028",2004-02-05,,1128.5900
"1,029",2004-02-06,,1142.7600
"1,030",2004-02-09,,1139.8100
"1,031",2004-02-10,,1145.5400
"1,032",2004-02-11,,1157.7600
"1,033",2004-02-12,,1152.1100
"1,034",2004-02-13,,1145.8100
"1,035",2004-02-17,,1156.9900
"1,036",2004-02-18,,1151.8200
"1,037",2004-02-19,,1147.0600
"1,038",2004-02-20,,1144.1100
"1,039",2004-02-23,,1140.9900
"1,040",2004-02-24,,1139.0900
"1,041",2004-02-25,,1143.6700
"1,042",2004-02-26,,1144.9100
"1,043",2004-02-27,,1144.9400
"1,044",2004-03-01,,1155.9600
"1,045",2004-03-02,,1149.1000
"1,046",2004-03-03,,1151.0400
"1,047",2004-03-04,,1154.8800
"1,048",2004-03-05,,1156.8700
"1,049",2004-03-08,,1147.2100
"1,050",2004-03-09,,1140.5800
"1,051",2004-03-10,,1123.8900
"1,052",2004-03-11,,1106.7800
"1,053",2004-03-12,,1120.5700
"1,054",2004-03-15,,1104.4900
"1,055",2004-03-16,,1110.7000
"1,056",2004-03-17,,1123.7500
"1,057",2004-03-18,,1122.3200
"1,058",2004-03-19,,1109.7800
"1,059",2004-03-22,,1095.4000
"1,060",2004-03-23,,1093.9500
"1,061",2004-03-24,,1091.3300
"1,062",2004-03-25,,1109.1900
"1,063",2004-03-26,,1108.0600
"1,064",2004-03-29,,1122.4700
"1,065",2004-03-30,,1127.0000
"1,066",2004-03-31,,1126.2100
"1,067",2004-04-01,,1132.1700
"1,068",2004-04-02,,1141.8100
"1,069",2004-04-05,,1150.5700
"1,070",2004-04-06,,1148.1600
"1,071",2004-04-07,,1140.5300
"1,072",2004-04-08,,1139.3200
"1,073",2004-04-12,,1145.2000
"1,074",2004-04-13,,1129.4400
"1,075",2004-04-14,,1128.1700
"1,076",2004-04-15,,1128.8400
"1,077",2004-04-16,,1134.6100
"1,078",2004-04-19,,1135.8200
"1,079",2004-04-20,,1118.1500
"1,080",2004-04-21,,1124.0900
"1,081",2004-04-22,,1139.9300
"1,082",2004-04-23,,1140.6000
"1,083",2004-04-26,,1135.5300
"1,084",2004-04-27,,1138.1100
"1,085",2004-04-28,,1122.4100
"1,086",2004-04-29,,1113.8900
"1,087",2004-04-30,,1107.3100
"1,088",2004-05-03,,1117.4900
"1,089",2004-05-04,,1119.5500
"1,090",2004-05-05,,1121.5300
"1,091",2004-05-06,,1113.9900
"1,092",2004-05-07,,1098.7000
"1,093",2004-05-10,,1087.1200
"1,094",2004-05-11,,1095.4500
"1,095",2004-05-12,,1097.2800
"1,096",2004-05-13,,1096.4400
"1,097",2004-05-14,,1095.7000
"1,098",2004-05-17,,1084.1000
"1,099",2004-05-18,,1091.4900
"1,100",2004-05-19,,1088.6900
"1,101",2004-05-20,,1089.1900
"1,102",2004-05-21,,1093.5600
"1,103",2004-05-24,,1095.4100
"1,104",2004-05-25,,1113.0500
"1,105",2004-05-26,,1114.9400
"1,106",2004-05-27,,1121.2800
"1,107",2004-05-28,,1120.6800
"1,108",2004-06-01,,1121.2000
"1,109",2004-06-02,,1124.9900
"1,110",2004-06-03,,1116.6400
"1,111",2004-06-04,,1122.5000
"1,112",2004-06-07,,1140.4200
"1,113",2004-06-08,,1142.1800
"1,114",2004-06-09,,1131.3300
"1,115",2004-06-10,,1136.4700
"1,116",2004-06-14,,1125.2900
"1,117",2004-06-15,,1132.0100
"1,118",2004-06-16,,1133.5600
"1,119",2004-06-17,,1132.0500
"1,120",2004-06-18,,1135.0200
"1,121",2004-06-21,,1130.3000
"1,122",2004-06-22,,1134.4100
"1,123",2004-06-23,,1144.0600
"1,124",2004-06-24,,1140.6500
"1,125",2004-06-25,,1134.4300
"1,126",2004-06-28,,1133.3500
"1,127",2004-06-29,,1136.2000
"1,128",2004-06-30,,1140.8400
"1,129",2004-07-01,,1128.9400
"1,130",2004-07-02,,1125.3800
"1,131",2004-07-06,,1116.2100
"1,132",2004-07-07,,1118.3300
"1,133",2004-07-08,,1109.1100
"1,134",2004-07-09,,1112.8100
"1,135",2004-07-12,,1114.3500
"1,136",2004-07-13,,1115.1400
"1,137",2004-07-14,,1111.4700
"1,138",2004-07-15,,1106.6900
"1,139",2004-07-16,,1101.4000
"1,140",2004-07-19,,1100.9100
"1,141",2004-07-20,,1108.6700
"1,142",2004-07-21,,1093.8800
"1,143",2004-07-22,,1096.8500
"1,144",2004-07-23,,1086.2000
"1,145",2004-07-26,,1084.0700
"1,146",2004-07-27,,1094.8300
"1,147",2004-07-28,,1095.4200
"1,148",2004-07-29,,1100.4300
"1,149",2004-07-30,,1101.7200
"1,150",2004-08-02,,1106.6200
"1,151",2004-08-03,,1099.6900
"1,152",2004-08-04,,1098.6300
"1,153",2004-08-05,,1080.7000
"1,154",2004-08-06,,1063.9700
"1,155",2004-08-09,,1065.2200
"1,156",2004-08-10,,1079.0400
"1,157",2004-08-11,,1075.8000
"1,158",2004-08-12,,1063.2300
"1,159",2004-08-13,,1064.8000
"1,160",2004-08-16,,1079.3400
"1,161",2004-08-17,,1081.7100
"1,162",2004-08-18,,1095.1700
"1,163",2004-08-19,,1091.2300
"1,164",2004-08-20,,1098.3500
"1,165",2004-08-23,,1095.6800
"1,166",2004-08-24,,1096.1900
"1,167",2004-08-25,,1104.9600
"1,168",2004-08-26,,1105.0900
"1,169",2004-08-27,,1107.7700
"1,170",2004-08-30,,1099.1500
"1,171",2004-08-31,,1104.2400
"1,172",2004-09-01,,1105.9100
"1,173",2004-09-02,,1118.3100
"1,174",2004-09-03,,1113.6300
"1,175",2004-09-07,,1121.3000
"1,176",2004-09-08,,1116.2700
"1,177",2004-09-09,,1118.3800
"1,178",2004-09-10,,1123.9200
"1,179",2004-09-13,,1125.8200
"1,180",2004-09-14,,1128.3300
"1,181",2004-09-15,,1120.3700
"1,182",2004-09-16,,1123.5000
"1,183",2004-09-17,,1128.5500
"1,184",2004-09-20,,1122.2000
"1,185",2004-09-21,,1129.3000
"1,186",2004-09-22,,1113.5600
"1,187",2004-09-23,,1108.3600
"1,188",2004-09-24,,1110.1100
"1,189",2004-09-27,,1103.5200
"1,190",2004-09-28,,1110.0600
"1,191",2004-09-29,,1114.8000
"1,192",2004-09-30,,1114.5800
"1,193",2004-10-01,,1131.5000
"1,194",2004-10-04,,1135.1700
"1,195",2004-10-05,,1134.4800
"1,196",2004-10-06,,1142.0500
"1,197",2004-10-07,,1130.6500
"1,198",2004-10-08,,1122.1400
"1,199",2004-10-11,,1124.3900
"1,200",2004-10-12,,1121.8400
"1,201",2004-10-13,,1113.6500
"1,202",2004-10-14,,1103.2900
"1,203",2004-10-15,,1108.2000
"1,204",2004-10-18,,1114.0200
"1,205",2004-10-19,,1103.2300
"1,206",2004-10-20,,1103.6600
"1,207",2004-10-21,,1106.4900
"1,208",2004-10-22,,1095.7300
"1,209",2004-10-25,,1094.8100
"1,210",2004-10-26,,1111.0900
"1,211",2004-10-27,,1125.4000
"1,212",2004-10-28,,1127.4400
"1,213",2004-10-29,,1130.2000
"1,214",2004-11-01,,1130.5100
"1,215",2004-11-02,,1130.5500
"1,216",2004-11-03,,1143.2000
"1,217",2004-11-04,,1161.6700
"1,218",2004-11-05,,1166.1700
"1,219",2004-11-08,,1164.8900
"1,220",2004-11-09,,1164.0800
"1,221",2004-11-10,,1162.9100
"1,222",2004-11-11,,1173.4800
"1,223",2004-11-12,,1184.1700
"1,224",2004-11-15,,1183.8200
"1,225",2004-11-16,,1175.4300
"1,226",2004-11-17,,1181.9400
"1,227",2004-11-18,,1183.5500
"1,228",2004-11-19,,1170.3400
"1,229",2004-11-22,,1177.2400
"1,230",2004-11-23,,1176.9400
"1,231",2004-11-24,,1181.7600
"1,232",2004-11-26,,1182.6500
"1,233",2004-11-29,,1178.5700
"1,234",2004-11-30,,1173.8200
"1,235",2004-12-01,,1191.3700
"1,236",2004-12-02,,1190.3300
"1,237",2004-12-03,,1191.1700
"1,238",2004-12-06,,1190.2500
"1,239",2004-12-07,,1177.0800
"1,240",2004-12-08,,1182.8100
"1,241",2004-12-09,,1189.2400
"1,242",2004-12-10,,1188.0000
"1,243",2004-12-13,,1198.6800
"1,244",2004-12-14,,1203.3800
"1,245",2004-12-15,,1205.7200
"1,246",2004-12-16,,1203.2100
"1,247",2004-12-17,,1194.2200
"1,248",2004-12-20,,1194.6500
"1,249",2004-12-21,,1205.4600
"1,250",2004-12-22,,1209.5700
"1,251",2004-12-23,,1210.1300
"1,252",2004-12-27,,1204.9200
"1,253",2004-12-28,,1213.5400
"1,254",2004-12-29,,1213.4500
"1,255",2004-12-30,,1213.5500
"1,256",2004-12-31,,1211.9200
"1,257",2005-01-03,,1202.0800
"1,258",2005-01-04,,1188.0500
"1,259",2005-01-05,,1183.7400
"1,260",2005-01-06,,1187.8900
"1,261",2005-01-07,,1186.1900
"1,262",2005-01-10,,1190.2400
"1,263",2005-01-11,,1182.9900
"1,264",2005-01-12,,1187.7000
"1,265",2005-01-13,,1177.4500
"1,266",2005-01-14,,1184.5200
"1,267",2005-01-18,,1195.9800
"1,268",2005-01-19,,1184.6300
"1,269",2005-01-20,,1175.4100
"1,270",2005-01-21,,1167.8700
"1,271",2005-01-24,,1163.7500
"1,272",2005-01-25,,1168.4100
"1,273",2005-01-26,,1174.0700
"1,274",2005-01-27,,1174.5500
"1,275",2005-01-28,,1171.3600
"1,276",2005-01-31,,1181.2700
"1,277",2005-02-01,,1189.4100
"1,278",2005-02-02,,1193.1900
"1,279",2005-02-03,,1189.8900
"1,280",2005-02-04,,1203.0300
"1,281",2005-02-07,,1201.7200
"1,282",2005-02-08,,1202.3000
"1,283",2005-02-09,,1191.9900
"1,284",2005-02-10,,1197.0100
"1,285",2005-02-11,,1205.3000
"1,286",2005-02-14,,1206.1400
"1,287",2005-02-15,,1210.1300
"1,288",2005-02-16,,1210.3400
"1,289",2005-02-17,,1200.7500
"1,290",2005-02-18,,1201.5900
"1,291",2005-02-22,,1184.1600
"1,292",2005-02-23,,1190.8000
"1,293",2005-02-24,,1200.2000
"1,294",2005-02-25,,1211.3700
"1,295",2005-02-28,,1203.6000
"1,296",2005-03-01,,1210.4100
"1,297",2005-03-02,,1210.0800
"1,298",2005-03-03,,1210.4700
"1,299",2005-03-04,,1222.1300
"1,300",2005-03-07,,1225.3100
"1,301",2005-03-08,,1219.4300
"1,302",2005-03-09,,1207.0100
"1,303",2005-03-10,,1209.2500
"1,304",2005-03-11,,1200.0800
"1,305",2005-03-14,,1206.8300
"1,306",2005-03-15,,1197.7500
"1,307",2005-03-16,,1188.0700
"1,308",2005-03-17,,1190.2100
"1,309",2005-03-18,,1189.6500
"1,310",2005-03-21,,1183.7900
"1,311",2005-03-22,,1171.7100
"1,312",2005-03-23,,1172.5300
"1,313",2005-03-24,,1171.4200
"1,314",2005-03-28,,1174.2800
"1,315",2005-03-29,,1165.3600
"1,316",2005-03-30,,1181.4100
"1,317",2005-03-31,,1180.5900
"1,318",2005-04-01,,1172.9200
"1,319",2005-04-04,,1176.1200
"1,320",2005-04-05,,1181.3900
"1,321",2005-04-06,,1184.0700
"1,322",2005-04-07,,1191.1400
"1,323",2005-04-08,,1181.2000
"1,324",2005-04-11,,1181.2100
"1,325",2005-04-12,,1187.7600
"1,326",2005-04-13,,1173.7900
"1,327",2005-04-14,,1162.0500
"1,328",2005-04-15,,1142.6200
"1,329",2005-04-18,,1145.9800
"1,330",2005-04-19,,1152.7800
"1,331",2005-04-20,,1137.5000
"1,332",2005-04-21,,1159.9500
"1,333",2005-04-22,,1152.1200
"1,334",2005-04-25,,1162.1000
"1,335",2005-04-26,,1151.7400
"1,336",2005-04-27,,1156.3800
"1,337",2005-04-28,,1143.2200
"1,338",2005-04-29,,1156.8500
"1,339",2005-05-02,,1162.1600
"1,340",2005-05-03,,1161.1700
"1,341",2005-05-04,,1175.6500
"1,342",2005-05-05,,1172.6300
"1,343",2005-05-06,,1171.3500
"1,344",2005-05-09,,1178.8400
"1,345",2005-05-10,,1166.2200
"1,346",2005-05-11,,1171.1100
"1,347",2005-05-12,,1159.3600
"1,348",2005-05-13,,1154.0500
"1,349",2005-05-16,,1165.6900
"1,350",2005-05-17,,1173.8000
"1,351",2005-05-18,,1185.5600
"1,352",2005-05-19,,1191.0800
"1,353",2005-05-20,,1189.2800
"1,354",2005-05-23,,1193.8600
"1,355",2005-05-24,,1194.0700
"1,356",2005-05-25,,1190.0100
"1,357",2005-05-26,,1197.6300
"1,358",2005-05-27,,1198.7800
"1,359",2005-05-31,,1191.5000
"1,360",2005-06-01,,1202.2700
"1,361",2005-06-02,,1204.2900
"1,362",2005-06-03,,1196.0200
"1,363",2005-06-06,,1197.5100
"1,364",2005-06-07,,1197.2600
"1,365",2005-06-08,,1194.6700
"1,366",2005-06-09,,1200.9300
"1,367",2005-06-10,,1198.1100
"1,368",2005-06-13,,1200.8200
"1,369",2005-06-14,,1203.9100
"1,370",2005-06-15,,1206.5800
"1,371",2005-06-16,,1210.9600
"1,372",2005-06-17,,1216.9600
"1,373",2005-06-20,,1216.1000
"1,374",2005-06-21,,1213.6100
"1,375",2005-06-22,,1213.8800
"1,376",2005-06-23,,1200.7300
"1,377",2005-06-24,,1191.5700
"1,378",2005-06-27,,1190.6900
"1,379",2005-06-28,,1201.5700
"1,380",2005-06-29,,1199.8500
"1,381",2005-06-30,,1191.3300
"1,382",2005-07-01,,1194.4400
"1,383",2005-07-05,,1204.9900
"1,384",2005-07-06,,1194.9400
"1,385",2005-07-07,,1197.8700
"1,386",2005-07-08,,1211.8600
"1,387",2005-07-11,,1219.4400
"1,388",2005-07-12,,1222.2100
"1,389",2005-07-13,,1223.2900
"1,390",2005-07-14,,1226.5000
"1,391",2005-07-15,,1227.9200
"1,392",2005-07-18,,1221.1300
"1,393",2005-07-19,,1229.3500
"1,394",2005-07-20,,1235.2000
"1,395",2005-07-21,,1227.0400
"1,396",2005-07-22,,1233.6800
"1,397",2005-07-25,,1229.0300
"1,398",2005-07-26,,1231.1600
"1,399",2005-07-27,,1236.7900
"1,400",2005-07-28,,1243.7200
"1,401",2005-07-29,,1234.1800
"1,402",2005-08-01,,1235.3500
"1,403",2005-08-02,,1244.1200
"1,404",2005-08-03,,1245.0500
"1,405",2005-08-04,,1235.8600
"1,406",2005-08-05,,1226.4200
"1,407",2005-08-08,,1223.1300
"1,408",2005-08-09,,1231.3800
"1,409",2005-08-10,,1229.1300
"1,410",2005-08-11,,1237.8100
"1,411",2005-08-12,,1230.3900
"1,412",2005-08-15,,1233.8700
"1,413",2005-08-16,,1219.3400
"1,414",2005-08-17,,1220.2400
"1,415",2005-08-18,,1219.0200
"1,416",2005-08-19,,1219.7100
"1,417",2005-08-22,,1221.7300
"1,418",2005-08-23,,1217.5700
"1,419",2005-08-24,,1209.5900
"1,420",2005-08-25,,1212.4000
"1,421",2005-08-26,,1205.1000
"1,422",2005-08-29,,1212.2800
"1,423",2005-08-30,,1208.4100
"1,424",2005-08-31,,1220.3300
"1,425",2005-09-01,,1221.5900
"1,426",2005-09-02,,1218.0200
"1,427",2005-09-06,,1233.3900
"1,428",2005-09-07,,1236.3600
"1,429",2005-09-08,,1231.6700
"1,430",2005-09-09,,1241.4800
"1,431",2005-09-12,,1240.5600
"1,432",2005-09-13,,1231.2000
"1,433",2005-09-14,,1227.1600
"1,434",2005-09-15,,1227.7300
"1,435",2005-09-16,,1237.9100
"1,436",2005-09-19,,1231.0200
"1,437",2005-09-20,,1221.3500
"1,438",2005-09-21,,1210.2000
"1,439",2005-09-22,,1214.6200
"1,440",2005-09-23,,1215.2900
"1,441",2005-09-26,,1215.6300
"1,442",2005-09-27,,1215.6600
"1,443",2005-09-28,,1216.8900
"1,444",2005-09-29,,1227.6800
"1,445",2005-09-30,,1228.8100
"1,446",2005-10-03,,1226.7000
"1,447",2005-10-04,,1214.4700
"1,448",2005-10-05,,1196.3900
"1,449",2005-10-06,,1191.4900
"1,450",2005-10-07,,1195.9000
"1,451",2005-10-10,,1187.3300
"1,452",2005-10-11,,1184.8700
"1,453",2005-10-12,,1177.6800
"1,454",2005-10-13,,1176.8400
"1,455",2005-10-14,,1186.5700
"1,456",2005-10-17,,1190.1000
"1,457",2005-10-18,,1178.1400
"1,458",2005-10-19,,1195.7600
"1,459",2005-10-20,,1177.8000
"1,460",2005-10-21,,1179.5900
"1,461",2005-10-24,,1199.3800
"1,462",2005-10-25,,1196.5400
"1,463",2005-10-26,,1191.3800
"1,464",2005-10-27,,1178.9000
"1,465",2005-10-28,,1198.4100
"1,466",2005-10-31,,1207.0100
"1,467",2005-11-01,,1202.7600
"1,468",2005-11-02,,1214.7600
"1,469",2005-11-03,,1219.9400
"1,470",2005-11-04,,1220.1400
"1,471",2005-11-07,,1222.8100
"1,472",2005-11-08,,1218.5900
"1,473",2005-11-09,,1220.6500
"1,474",2005-11-10,,1230.9600
"1,475",2005-11-11,,1234.7100
"1,476",2005-11-14,,1233.7600
"1,477",2005-11-15,,1229.0100
"1,478",2005-11-16,,1231.2100
"1,479",2005-11-17,,1242.8000
"1,480",2005-11-18,,1248.2700
"1,481",2005-11-21,,1254.8500
"1,482",2005-11-22,,1261.2300
"1,483",2005-11-23,,1265.6100
"1,484",2005-11-25,,1268.2500
"1,485",2005-11-28,,1257.4600
"1,486",2005-11-29,,1257.4800
"1,487",2005-11-30,,1249.4800
"1,488",2005-12-01,,1264.6700
"1,489",2005-12-02,,1265.0800
"1,490",2005-12-05,,1262.0900
"1,491",2005-12-06,,1263.7000
"1,492",2005-12-07,,1257.3700
"1,493",2005-12-08,,1255.8400
"1,494",2005-12-09,,1259.3700
"1,495",2005-12-12,,1260.4300
"1,496",2005-12-13,,1267.4300
"1,497",2005-12-14,,1272.7400
"1,498",2005-12-15,,1270.9400
"1,499",2005-12-16,,1267.3200
"1,500",2005-12-19,,1259.9200
"1,501",2005-12-20,,1259.6200
"1,502",2005-12-21,,1262.8000
"1,503",2005-12-22,,1268.1200
"1,504",2005-12-23,,1268.6600
"1,505",2005-12-27,,1256.5400
"1,506",2005-12-28,,1258.1700
"1,507",2005-12-29,,1254.4200
"1,508",2005-12-30,,1248.2900
"1,509",2006-01-03,,1268.8000
"1,510",2006-01-04,,1273.4600
"1,511",2006-01-05,,1273.4800
"1,512",2006-01-06,,1285.4500
"1,513",2006-01-09,,1290.1500
"1,514",2006-01-10,,1289.6900
"1,515",2006-01-11,,1294.1800
"1,516",2006-01-12,,1286.0600
"1,517",2006-01-13,,1287.6100
"1,518",2006-01-17,,1282.9300
"1,519",2006-01-18,,1277.9300
"1,520",2006-01-19,,1285.0400
"1,521",2006-01-20,,1261.4800
"1,522",2006-01-23,,1263.8300
"1,523",2006-01-24,,1266.8600
"1,524",2006-01-25,,1264.6800
"1,525",2006-01-26,,1273.8300
"1,526",2006-01-27,,1283.7200
"1,527",2006-01-30,,1285.2000
"1,528",2006-01-31,,1280.0900
"1,529",2006-02-01,,1282.4600
"1,530",2006-02-02,,1270.8400
"1,531",2006-02-03,,1264.0300
"1,532",2006-02-06,,1265.0200
"1,533",2006-02-07,,1254.7800
"1,534",2006-02-08,,1265.6500
"1,535",2006-02-09,,1263.7800
"1,536",2006-02-10,,1266.9900
"1,537",2006-02-13,,1262.8600
"1,538",2006-02-14,,1275.5300
"1,539",2006-02-15,,1280.0000
"1,540",2006-02-16,,1289.3800
"1,541",2006-02-17,,1287.2400
"1,542",2006-02-21,,1283.0300
"1,543",2006-02-22,,1292.6700
"1,544",2006-02-23,,1287.7900
"1,545",2006-02-24,,1289.4300
"1,546",2006-02-27,,1294.1200
"1,547",2006-02-28,,1280.6600
"1,548",2006-03-01,,1291.2400
"1,549",2006-03-02,,1289.1400
"1,550",2006-03-03,,1287.2300
"1,551",2006-03-06,,1278.2600
"1,552",2006-03-07,,1275.8800
"1,553",2006-03-08,,1278.4700
"1,554",2006-03-09,,1272.2300
"1,555",2006-03-10,,1281.5800
"1,556",2006-03-13,,1284.1300
"1,557",2006-03-14,,1297.4800
"1,558",2006-03-15,,1303.0200
"1,559",2006-03-16,,1305.3300
"1,560",2006-03-17,,1307.2500
"1,561",2006-03-20,,1305.0800
"1,562",2006-03-21,,1297.2300
"1,563",2006-03-22,,1305.0400
"1,564",2006-03-23,,1301.6700
"1,565",2006-03-24,,1302.9500
"1,566",2006-03-27,,1301.6100
"1,567",2006-03-28,,1293.2200
"1,568",2006-03-29,,1302.8900
"1,569",2006-03-30,,1300.2500
"1,570",2006-03-31,,1294.8300
"1,571",2006-04-03,,1297.8100
"1,572",2006-04-04,,1305.9400
"1,573",2006-04-05,,1311.5600
"1,574",2006-04-06,,1309.0400
"1,575",2006-04-07,,1295.5000
"1,576",2006-04-10,,1296.6100
"1,577",2006-04-11,,1286.5800
"1,578",2006-04-12,,1288.1300
"1,579",2006-04-13,,1289.1200
"1,580",2006-04-17,,1285.3300
"1,581",2006-04-18,,1307.6500
"1,582",2006-04-19,,1309.9300
"1,583",2006-04-20,,1311.4600
"1,584",2006-04-21,,1311.2800
"1,585",2006-04-24,,1308.1100
"1,586",2006-04-25,,1301.7400
"1,587",2006-04-26,,1305.4100
"1,588",2006-04-27,,1309.7200
"1,589",2006-04-28,,1310.6100
"1,590",2006-05-01,,1305.1900
"1,591",2006-05-02,,1313.2100
"1,592",2006-05-03,,1307.8500
"1,593",2006-05-04,,1312.2500
"1,594",2006-05-05,,1325.7600
"1,595",2006-05-08,,1324.6600
"1,596",2006-05-09,,1325.1400
"1,597",2006-05-10,,1322.8500
"1,598",2006-05-11,,1305.9200
"1,599",2006-05-12,,1291.2400
"1,600",2006-05-15,,1294.5000
"1,601",2006-05-16,,1292.0800
"1,602",2006-05-17,,1270.3200
"1,603",2006-05-18,,1261.8100
"1,604",2006-05-19,,1267.0300
"1,605",2006-05-22,,1262.0700
"1,606",2006-05-23,,1256.5800
"1,607",2006-05-24,,1258.5700
"1,608",2006-05-25,,1272.8800
"1,609",2006-05-26,,1280.1600
"1,610",2006-05-30,,1259.8400
"1,611",2006-05-31,,1270.0900
"1,612",2006-06-01,,1285.7100
"1,613",2006-06-02,,1288.2200
"1,614",2006-06-05,,1265.2900
"1,615",2006-06-06,,1263.8500
"1,616",2006-06-07,,1256.1500
"1,617",2006-06-08,,1257.9300
"1,618",2006-06-09,,1252.3000
"1,619",2006-06-12,,1236.4000
"1,620",2006-06-13,,1223.6900
"1,621",2006-06-14,,1230.0400
"1,622",2006-06-15,,1256.1600
"1,623",2006-06-16,,1251.5400
"1,624",2006-06-19,,1240.1400
"1,625",2006-06-20,,1240.1200
"1,626",2006-06-21,,1252.2100
"1,627",2006-06-22,,1245.6000
"1,628",2006-06-23,,1244.5000
"1,629",2006-06-26,,1250.5600
"1,630",2006-06-27,,1239.2000
"1,631",2006-06-28,,1246.0000
"1,632",2006-06-29,,1272.8700
"1,633",2006-06-30,,1270.2000
"1,634",2006-07-03,,1280.1900
"1,635",2006-07-05,,1270.9100
"1,636",2006-07-06,,1274.0800
"1,637",2006-07-07,,1265.4800
"1,638",2006-07-10,,1267.3400
"1,639",2006-07-11,,1272.5200
"1,640",2006-07-12,,1258.6000
"1,641",2006-07-13,,1242.2900
"1,642",2006-07-14,,1236.2000
"1,643",2006-07-17,,1234.4900
"1,644",2006-07-18,,1236.8600
"1,645",2006-07-19,,1259.8100
"1,646",2006-07-20,,1249.1300
"1,647",2006-07-21,,1240.2900
"1,648",2006-07-24,,1260.9100
"1,649",2006-07-25,,1268.8800
"1,650",2006-07-26,,1268.4000
"1,651",2006-07-27,,1263.2000
"1,652",2006-07-28,,1278.5500
"1,653",2006-07-31,,1276.6600
"1,654",2006-08-01,,1270.9200
"1,655",2006-08-02,,1278.5500
"1,656",2006-08-03,,1280.2700
"1,657",2006-08-04,,1279.3600
"1,658",2006-08-07,,1275.7700
"1,659",2006-08-08,,1271.4800
"1,660",2006-08-09,,1265.9500
"1,661",2006-08-10,,1271.8100
"1,662",2006-08-11,,1266.7400
"1,663",2006-08-14,,1268.2100
"1,664",2006-08-15,,1285.5800
"1,665",2006-08-16,,1295.4300
"1,666",2006-08-17,,1297.4800
"1,667",2006-08-18,,1302.3000
"1,668",2006-08-21,,1297.5200
"1,669",2006-08-22,,1298.8200
"1,670",2006-08-23,,1292.9900
"1,671",2006-08-24,,1296.0600
"1,672",2006-08-25,,1295.0900
"1,673",2006-08-28,,1301.7900
"1,674",2006-08-29,,1304.2800
"1,675",2006-08-30,,1304.2700
"1,676",2006-08-31,,1303.8200
"1,677",2006-09-01,,1311.0100
"1,678",2006-09-05,,1313.2500
"1,679",2006-09-06,,1300.2600
"1,680",2006-09-07,,1294.0200
"1,681",2006-09-08,,1298.9200
"1,682",2006-09-11,,1299.5400
"1,683",2006-09-12,,1313.1100
"1,684",2006-09-13,,1318.0700
"1,685",2006-09-14,,1316.2800
"1,686",2006-09-15,,1319.8700
"1,687",2006-09-18,,1321.1800
"1,688",2006-09-19,,1318.3100
"1,689",2006-09-20,,1325.1800
"1,690",2006-09-21,,1318.0300
"1,691",2006-09-22,,1314.7800
"1,692",2006-09-25,,1326.3700
"1,693",2006-09-26,,1336.3400
"1,694",2006-09-27,,1336.5900
"1,695",2006-09-28,,1339.1500
"1,696",2006-09-29,,1335.8500
"1,697",2006-10-02,,1331.3200
"1,698",2006-10-03,,1334.1100
"1,699",2006-10-04,,1350.2200
"1,700",2006-10-05,,1353.2200
"1,701",2006-10-06,,1349.5800
"1,702",2006-10-09,,1350.6600
"1,703",2006-10-10,,1353.4200
"1,704",2006-10-11,,1349.9500
"1,705",2006-10-12,,1362.8300
"1,706",2006-10-13,,1365.6200
"1,707",2006-10-16,,1369.0600
"1,708",2006-10-17,,1364.0500
"1,709",2006-10-18,,1365.9600
"1,710",2006-10-19,,1366.9600
"1,711",2006-10-20,,1368.6000
"1,712",2006-10-23,,1377.0200
"1,713",2006-10-24,,1377.3800
"1,714",2006-10-25,,1382.2300
"1,715",2006-10-26,,1389.0900
"1,716",2006-10-27,,1377.3400
"1,717",2006-10-30,,1377.9300
"1,718",2006-10-31,,1377.9400
"1,719",2006-11-01,,1367.8100
"1,720",2006-11-02,,1367.3400
"1,721",2006-11-03,,1364.3000
"1,722",2006-11-06,,1379.7800
"1,723",2006-11-07,,1382.8400
"1,724",2006-11-08,,1385.7200
"1,725",2006-11-09,,1378.3300
"1,726",2006-11-10,,1380.9000
"1,727",2006-11-13,,1384.4200
"1,728",2006-11-14,,1393.2200
"1,729",2006-11-15,,1396.5700
"1,730",2006-11-16,,1399.7600
"1,731",2006-11-17,,1401.2000
"1,732",2006-11-20,,1400.5000
"1,733",2006-11-21,,1402.8100
"1,734",2006-11-22,,1406.0900
"1,735",2006-11-24,,1400.9500
"1,736",2006-11-27,,1381.9000
"1,737",2006-11-28,,1386.7200
"1,738",2006-11-29,,1399.4800
"1,739",2006-11-30,,1400.6300
"1,740",2006-12-01,,1396.7100
"1,741",2006-12-04,,1409.1200
"1,742",2006-12-05,,1414.7600
"1,743",2006-12-06,,1412.9000
"1,744",2006-12-07,,1407.2900
"1,745",2006-12-08,,1409.8400
"1,746",2006-12-11,,1413.0400
"1,747",2006-12-12,,1411.5600
"1,748",2006-12-13,,1413.2100
"1,749",2006-12-14,,1425.4900
"1,750",2006-12-15,,1427.0900
"1,751",2006-12-18,,1422.4800
"1,752",2006-12-19,,1425.5500
"1,753",2006-12-20,,1423.5300
"1,754",2006-12-21,,1418.3000
"1,755",2006-12-22,,1410.7700
"1,756",2006-12-26,,1416.9000
"1,757",2006-12-27,,1426.8400
"1,758",2006-12-28,,1424.7300
"1,759",2006-12-29,,1418.3000
"1,760",2007-01-03,,1416.6000
"1,761",2007-01-04,,1418.3400
"1,762",2007-01-05,,1409.7100
"1,763",2007-01-08,,1412.8400
"1,764",2007-01-09,,1412.1100
"1,765",2007-01-10,,1414.8500
"1,766",2007-01-11,,1423.8300
"1,767",2007-01-12,,1430.7300
"1,768",2007-01-16,,1431.9000
"1,769",2007-01-17,,1430.6200
"1,770",2007-01-18,,1426.3700
"1,771",2007-01-19,,1430.5000
"1,772",2007-01-22,,1422.9600
"1,773",2007-01-23,,1427.9900
"1,774",2007-01-24,,1440.1300
"1,775",2007-01-25,,1423.9000
"1,776",2007-01-26,,1422.1800
"1,777",2007-01-29,,1420.6200
"1,778",2007-01-30,,1428.8200
"1,779",2007-01-31,,1438.2400
"1,780",2007-02-01,,1445.9400
"1,781",2007-02-02,,1448.3900
"1,782",2007-02-05,,1446.9900
"1,783",2007-02-06,,1448.0000
"1,784",2007-02-07,,1450.0200
"1,785",2007-02-08,,1448.3100
"1,786",2007-02-09,,1438.0600
"1,787",2007-02-12,,1433.3700
"1,788",2007-02-13,,1444.2600
"1,789",2007-02-14,,1455.3000
"1,790",2007-02-15,,1456.8100
"1,791",2007-02-16,,1455.5400
"1,792",2007-02-20,,1459.6800
"1,793",2007-02-21,,1457.6300
"1,794",2007-02-22,,1456.3800
"1,795",2007-02-23,,1451.1900
"1,796",2007-02-26,,1449.3800
"1,797",2007-02-27,,1399.0400
"1,798",2007-02-28,,1406.8200
"1,799",2007-03-01,,1403.1700
"1,800",2007-03-02,,1387.1700
"1,801",2007-03-05,,1374.1200
"1,802",2007-03-06,,1395.4100
"1,803",2007-03-07,,1391.9700
"1,804",2007-03-08,,1401.8900
"1,805",2007-03-09,,1402.8500
"1,806",2007-03-12,,1406.6000
"1,807",2007-03-13,,1377.9500
"1,808",2007-03-14,,1387.1700
"1,809",2007-03-15,,1392.2800
"1,810",2007-03-16,,1386.9500
"1,811",2007-03-19,,1402.0600
"1,812",2007-03-20,,1410.9400
"1,813",2007-03-21,,1435.0400
"1,814",2007-03-22,,1434.5400
"1,815",2007-03-23,,1436.1100
"1,816",2007-03-26,,1437.5000
"1,817",2007-03-27,,1428.6100
"1,818",2007-03-28,,1417.2300
"1,819",2007-03-29,,1422.5300
"1,820",2007-03-30,,1420.8600
"1,821",2007-04-02,,1424.5500
"1,822",2007-04-03,,1437.7700
"1,823",2007-04-04,,1439.3700
"1,824",2007-04-05,,1443.7600
"1,825",2007-04-09,,1444.6100
"1,826",2007-04-10,,1448.3900
"1,827",2007-04-11,,1438.8700
"1,828",2007-04-12,,1447.8000
"1,829",2007-04-13,,1452.8500
"1,830",2007-04-16,,1468.4700
"1,831",2007-04-17,,1471.4800
"1,832",2007-04-18,,1472.5000
"1,833",2007-04-19,,1470.7300
"1,834",2007-04-20,,1484.3500
"1,835",2007-04-23,,1480.9300
"1,836",2007-04-24,,1480.4100
"1,837",2007-04-25,,1495.4200
"1,838",2007-04-26,,1494.2500
"1,839",2007-04-27,,1494.0700
"1,840",2007-04-30,,1482.3700
"1,841",2007-05-01,,1486.3000
"1,842",2007-05-02,,1495.9200
"1,843",2007-05-03,,1502.3900
"1,844",2007-05-04,,1505.6200
"1,845",2007-05-07,,1509.4800
"1,846",2007-05-08,,1507.7200
"1,847",2007-05-09,,1512.5800
"1,848",2007-05-10,,1491.4700
"1,849",2007-05-11,,1505.8500
"1,850",2007-05-14,,1503.1500
"1,851",2007-05-15,,1501.1900
"1,852",2007-05-16,,1514.1400
"1,853",2007-05-17,,1512.7500
"1,854",2007-05-18,,1522.7500
"1,855",2007-05-21,,1525.1000
"1,856",2007-05-22,,1524.1200
"1,857",2007-05-23,,1522.2800
"1,858",2007-05-24,,1507.5100
"1,859",2007-05-25,,1515.7300
"1,860",2007-05-29,,1518.1100
"1,861",2007-05-30,,1530.2300
"1,862",2007-05-31,,1530.6200
"1,863",2007-06-01,,1536.3400
"1,864",2007-06-04,,1539.1800
"1,865",2007-06-05,,1530.9500
"1,866",2007-06-06,,1517.3800
"1,867",2007-06-07,,1490.7200
"1,868",2007-06-08,,1507.6700
"1,869",2007-06-11,,1509.1200
"1,870",2007-06-12,,1493.0000
"1,871",2007-06-13,,1515.6700
"1,872",2007-06-14,,1522.9700
"1,873",2007-06-15,,1532.9100
"1,874",2007-06-18,,1531.0500
"1,875",2007-06-19,,1533.7100
"1,876",2007-06-20,,1512.8400
"1,877",2007-06-21,,1522.1900
"1,878",2007-06-22,,1502.5600
"1,879",2007-06-25,,1497.7400
"1,880",2007-06-26,,1492.8900
"1,881",2007-06-27,,1506.3500
"1,882",2007-06-28,,1505.7100
"1,883",2007-06-29,,1503.3500
"1,884",2007-07-02,,1519.4300
"1,885",2007-07-03,,1524.8700
"1,886",2007-07-05,,1525.4000
"1,887",2007-07-06,,1530.4400
"1,888",2007-07-09,,1531.8500
"1,889",2007-07-10,,1510.1200
"1,890",2007-07-11,,1518.7600
"1,891",2007-07-12,,1547.7000
"1,892",2007-07-13,,1552.5000
"1,893",2007-07-16,,1549.5200
"1,894",2007-07-17,,1549.3700
"1,895",2007-07-18,,1546.1700
"1,896",2007-07-19,,1553.0800
"1,897",2007-07-20,,1534.1000
"1,898",2007-07-23,,1541.5700
"1,899",2007-07-24,,1511.0400
"1,900",2007-07-25,,1518.0900
"1,901",2007-07-26,,1482.6700
"1,902",2007-07-27,,1458.9500
"1,903",2007-07-30,,1473.9100
"1,904",2007-07-31,,1455.2800
"1,905",2007-08-01,,1465.8100
"1,906",2007-08-02,,1472.2000
"1,907",2007-08-03,,1433.0600
"1,908",2007-08-06,,1467.6700
"1,909",2007-08-07,,1476.7100
"1,910",2007-08-08,,1497.4900
"1,911",2007-08-09,,1453.0900
"1,912",2007-08-10,,1453.6400
"1,913",2007-08-13,,1452.9200
"1,914",2007-08-14,,1426.5400
"1,915",2007-08-15,,1406.7000
"1,916",2007-08-16,,1411.2700
"1,917",2007-08-17,,1445.9400
"1,918",2007-08-20,,1445.5500
"1,919",2007-08-21,,1447.1200
"1,920",2007-08-22,,1464.0700
"1,921",2007-08-23,,1462.5000
"1,922",2007-08-24,,1479.3700
"1,923",2007-08-27,,1466.7900
"1,924",2007-08-28,,1432.3600
"1,925",2007-08-29,,1463.7600
"1,926",2007-08-30,,1457.6400
"1,927",2007-08-31,,1473.9900
"1,928",2007-09-04,,1489.4200
"1,929",2007-09-05,,1472.2900
"1,930",2007-09-06,,1478.5500
"1,931",2007-09-07,,1453.5500
"1,932",2007-09-10,,1451.7000
"1,933",2007-09-11,,1471.4900
"1,934",2007-09-12,,1471.5600
"1,935",2007-09-13,,1483.9500
"1,936",2007-09-14,,1484.2500
"1,937",2007-09-17,,1476.6500
"1,938",2007-09-18,,1519.7800
"1,939",2007-09-19,,1529.0300
"1,940",2007-09-20,,1518.7500
"1,941",2007-09-21,,1525.7500
"1,942",2007-09-24,,1517.7400
"1,943",2007-09-25,,1517.2200
"1,944",2007-09-26,,1525.4200
"1,945",2007-09-27,,1531.3800
"1,946",2007-09-28,,1526.7500
"1,947",2007-10-01,,1547.0400
"1,948",2007-10-02,,1546.6300
"1,949",2007-10-03,,1539.6000
"1,950",2007-10-04,,1542.8400
"1,951",2007-10-05,,1557.5900
"1,952",2007-10-08,,1552.5800
"1,953",2007-10-09,,1565.1500
"1,954",2007-10-10,,1562.4700
"1,955",2007-10-11,,1554.4100
"1,956",2007-10-12,,1561.8000
"1,957",2007-10-15,,1548.7100
"1,958",2007-10-16,,1538.5300
"1,959",2007-10-17,,1541.2400
"1,960",2007-10-18,,1540.0800
"1,961",2007-10-19,,1500.6300
"1,962",2007-10-22,,1506.3300
"1,963",2007-10-23,,1519.5900
"1,964",2007-10-24,,1515.8800
"1,965",2007-10-25,,1514.4100
"1,966",2007-10-26,,1535.2800
"1,967",2007-10-29,,1540.9800
"1,968",2007-10-30,,1531.0200
"1,969",2007-10-31,,1549.3800
"1,970",2007-11-01,,1508.4400
"1,971",2007-11-02,,1509.6500
"1,972",2007-11-05,,1502.1700
"1,973",2007-11-06,,1520.2700
"1,974",2007-11-07,,1475.6200
"1,975",2007-11-08,,1474.7700
"1,976",2007-11-09,,1453.7000
"1,977",2007-11-12,,1439.1800
"1,978",2007-11-13,,1481.0500
"1,979",2007-11-14,,1470.5800
"1,980",2007-11-15,,1451.1500
"1,981",2007-11-16,,1458.7400
"1,982",2007-11-19,,1433.2700
"1,983",2007-11-20,,1439.7000
"1,984",2007-11-21,,1416.7700
"1,985",2007-11-23,,1440.7000
"1,986",2007-11-26,,1407.2200
"1,987",2007-11-27,,1428.2300
"1,988",2007-11-28,,1469.0200
"1,989",2007-11-29,,1469.7200
"1,990",2007-11-30,,1481.1400
"1,991",2007-12-03,,1472.4200
"1,992",2007-12-04,,1462.7900
"1,993",2007-12-05,,1485.0100
"1,994",2007-12-06,,1507.3500
"1,995",2007-12-07,,1504.6600
"1,996",2007-12-10,,1515.9600
"1,997",2007-12-11,,1477.6500
"1,998",2007-12-12,,1486.5900
"1,999",2007-12-13,,1488.4100
"2,000",2007-12-14,,1467.9500
"2,001",2007-12-17,,1445.9000
"2,002",2007-12-18,,1454.9800
"2,003",2007-12-19,,1453.0000
"2,004",2007-12-20,,1460.1200
"2,005",2007-12-21,,1484.4600
"2,006",2007-12-24,,1496.4500
"2,007",2007-12-26,,1497.6600
"2,008",2007-12-27,,1476.3700
"2,009",2007-12-28,,1478.4900
"2,010",2007-12-31,,1468.3600
"2,011",2008-01-02,,1447.1600
"2,012",2008-01-03,,1447.1600
"2,013",2008-01-04,,1411.6300
"2,014",2008-01-07,,1416.1800
"2,015",2008-01-08,,1390.1900
"2,016",2008-01-09,,1409.1300
"2,017",2008-01-10,,1420.3300
"2,018",2008-01-11,,1401.0200
"2,019",2008-01-14,,1416.2500
"2,020",2008-01-15,,1380.9500
"2,021",2008-01-16,,1373.2000
"2,022",2008-01-17,,1333.2500
"2,023",2008-01-18,,1325.1900
"2,024",2008-01-22,,1310.5000
"2,025",2008-01-23,,1338.6000
"2,026",2008-01-24,,1352.0700
"2,027",2008-01-25,,1330.6100
"2,028",2008-01-28,,1353.9700
"2,029",2008-01-29,,1362.3000
"2,030",2008-01-30,,1355.8100
"2,031",2008-01-31,,1378.5500
"2,032",2008-02-01,,1395.4200
"2,033",2008-02-04,,1380.8200
"2,034",2008-02-05,,1336.6400
"2,035",2008-02-06,,1326.4500
"2,036",2008-02-07,,1336.9100
"2,037",2008-02-08,,1331.2900
"2,038",2008-02-11,,1339.1300
"2,039",2008-02-12,,1348.8600
"2,040",2008-02-13,,1367.2100
"2,041",2008-02-14,,1348.8600
"2,042",2008-02-15,,1350.0000
"2,043",2008-02-19,,1348.7800
"2,044",2008-02-20,,1360.0300
"2,045",2008-02-21,,1342.5300
"2,046",2008-02-22,,1353.1100
"2,047",2008-02-25,,1371.8000
"2,048",2008-02-26,,1381.2900
"2,049",2008-02-27,,1380.0200
"2,050",2008-02-28,,1367.6800
"2,051",2008-02-29,,1330.6300
"2,052",2008-03-03,,1331.3400
"2,053",2008-03-04,,1326.7500
"2,054",2008-03-05,,1333.7000
"2,055",2008-03-06,,1304.3400
"2,056",2008-03-07,,1293.3700
"2,057",2008-03-10,,1273.3700
"2,058",2008-03-11,,1320.6500
"2,059",2008-03-12,,1308.7700
"2,060",2008-03-13,,1315.4800
"2,061",2008-03-14,,1288.1400
"2,062",2008-03-17,,1276.6000
"2,063",2008-03-18,,1330.7400
"2,064",2008-03-19,,1298.4200
"2,065",2008-03-20,,1329.5100
"2,066",2008-03-24,,1349.8800
"2,067",2008-03-25,,1352.9900
"2,068",2008-03-26,,1341.1300
"2,069",2008-03-27,,1325.7600
"2,070",2008-03-28,,1315.2200
"2,071",2008-03-31,,1322.7000
"2,072",2008-04-01,,1370.1800
"2,073",2008-04-02,,1367.5300
"2,074",2008-04-03,,1369.3100
"2,075",2008-04-04,,1370.4000
"2,076",2008-04-07,,1372.5400
"2,077",2008-04-08,,1365.5400
"2,078",2008-04-09,,1354.4900
"2,079",2008-04-10,,1360.5500
"2,080",2008-04-11,,1332.8300
"2,081",2008-04-14,,1328.3200
"2,082",2008-04-15,,1334.4300
"2,083",2008-04-16,,1364.7100
"2,084",2008-04-17,,1365.5600
"2,085",2008-04-18,,1390.3300
"2,086",2008-04-21,,1388.1700
"2,087",2008-04-22,,1375.9400
"2,088",2008-04-23,,1379.9300
"2,089",2008-04-24,,1388.8200
"2,090",2008-04-25,,1397.8400
"2,091",2008-04-28,,1396.3700
"2,092",2008-04-29,,1390.9400
"2,093",2008-04-30,,1385.5900
"2,094",2008-05-01,,1409.3400
"2,095",2008-05-02,,1413.9000
"2,096",2008-05-05,,1407.4900
"2,097",2008-05-06,,1418.2600
"2,098",2008-05-07,,1392.5700
"2,099",2008-05-08,,1397.6800
"2,100",2008-05-09,,1388.2800
"2,101",2008-05-12,,1403.5800
"2,102",2008-05-13,,1403.0400
"2,103",2008-05-14,,1408.6600
"2,104",2008-05-15,,1423.5700
"2,105",2008-05-16,,1425.3500
"2,106",2008-05-19,,1426.6300
"2,107",2008-05-20,,1413.4000
"2,108",2008-05-21,,1390.7100
"2,109",2008-05-22,,1394.3500
"2,110",2008-05-23,,1375.9300
"2,111",2008-05-27,,1385.3500
"2,112",2008-05-28,,1390.8400
"2,113",2008-05-29,,1398.2600
"2,114",2008-05-30,,1400.3800
"2,115",2008-06-02,,1385.6700
"2,116",2008-06-03,,1377.6500
"2,117",2008-06-04,,1377.2000
"2,118",2008-06-05,,1404.0500
"2,119",2008-06-06,,1360.6800
"2,120",2008-06-09,,1361.7600
"2,121",2008-06-10,,1358.4400
"2,122",2008-06-11,,1335.4900
"2,123",2008-06-12,,1339.8700
"2,124",2008-06-13,,1360.0300
"2,125",2008-06-16,,1360.1400
"2,126",2008-06-17,,1350.9301
"2,127",2008-06-18,,1337.8101
"2,128",2008-06-19,,1342.8300
"2,129",2008-06-20,,1317.9301
"2,130",2008-06-23,,1318.0000
"2,131",2008-06-24,,1314.2900
"2,132",2008-06-25,,1321.9700
"2,133",2008-06-26,,1283.1500
"2,134",2008-06-27,,1278.3800
"2,135",2008-06-30,,1280.0000
"2,136",2008-07-01,,1284.9100
"2,137",2008-07-02,,1261.5200
"2,138",2008-07-03,,1262.9000
"2,139",2008-07-07,,1252.3101
"2,140",2008-07-08,,1273.7000
"2,141",2008-07-09,,1244.6899
"2,142",2008-07-10,,1253.3900
"2,143",2008-07-11,,1239.4900
"2,144",2008-07-14,,1228.3000
"2,145",2008-07-15,,1214.9100
"2,146",2008-07-16,,1245.3600
"2,147",2008-07-17,,1260.3199
"2,148",2008-07-18,,1260.6801
"2,149",2008-07-21,,1260.0000
"2,150",2008-07-22,,1277.0000
"2,151",2008-07-23,,1282.1899
"2,152",2008-07-24,,1252.5400
"2,153",2008-07-25,,1257.7600
"2,154",2008-07-28,,1234.3700
"2,155",2008-07-29,,1263.2000
"2,156",2008-07-30,,1284.2600
"2,157",2008-07-31,,1267.3800
"2,158",2008-08-01,,1260.3101
"2,159",2008-08-04,,1249.0100
"2,160",2008-08-05,,1284.8800
"2,161",2008-08-06,,1289.1899
"2,162",2008-08-07,,1266.0699
"2,163",2008-08-08,,1296.3199
"2,164",2008-08-11,,1305.3199
"2,165",2008-08-12,,1289.5900
"2,166",2008-08-13,,1285.8300
"2,167",2008-08-14,,1292.9301
"2,168",2008-08-15,,1298.2000
"2,169",2008-08-18,,1278.6000
"2,170",2008-08-19,,1266.6899
"2,171",2008-08-20,,1274.5400
"2,172",2008-08-21,,1277.7200
"2,173",2008-08-22,,1292.2000
"2,174",2008-08-25,,1266.8400
"2,175",2008-08-26,,1271.5100
"2,176",2008-08-27,,1281.6600
"2,177",2008-08-28,,1300.6801
"2,178",2008-08-29,,1282.8300
"2,179",2008-09-02,,1277.5800
"2,180",2008-09-03,,1274.9800
"2,181",2008-09-04,,1236.8300
"2,182",2008-09-05,,1242.3101
"2,183",2008-09-08,,1267.7900
"2,184",2008-09-09,,1224.5100
"2,185",2008-09-10,,1232.0400
"2,186",2008-09-11,,1249.0500
"2,187",2008-09-12,,1251.7000
"2,188",2008-09-15,,1192.7000
"2,189",2008-09-16,,1213.6000
"2,190",2008-09-17,,1156.3900
"2,191",2008-09-18,,1206.5100
"2,192",2008-09-19,,1255.0800
"2,193",2008-09-22,,1207.0900
"2,194",2008-09-23,,1188.2200
"2,195",2008-09-24,,1185.8700
"2,196",2008-09-25,,1209.1801
"2,197",2008-09-26,,1213.2700
"2,198",2008-09-29,,1106.4200
"2,199",2008-09-30,,1166.3600
"2,200",2008-10-01,,1161.0601
"2,201",2008-10-02,,1114.2800
"2,202",2008-10-03,,1099.2300
"2,203",2008-10-06,,1056.8900
"2,204",2008-10-07,,996.2300
"2,205",2008-10-08,,984.9400
"2,206",2008-10-09,,909.9200
"2,207",2008-10-10,,899.2200
"2,208",2008-10-13,,1003.3500
"2,209",2008-10-14,,998.0100
"2,210",2008-10-15,,907.8400
"2,211",2008-10-16,,946.4300
"2,212",2008-10-17,,940.5500
"2,213",2008-10-20,,985.4000
"2,214",2008-10-21,,955.0500
"2,215",2008-10-22,,896.7800
"2,216",2008-10-23,,908.1100
"2,217",2008-10-24,,876.7700
"2,218",2008-10-27,,848.9200
"2,219",2008-10-28,,940.5100
"2,220",2008-10-29,,930.0900
"2,221",2008-10-30,,954.0900
"2,222",2008-10-31,,968.7500
"2,223",2008-11-03,,966.3000
"2,224",2008-11-04,,1005.7500
"2,225",2008-11-05,,952.7700
"2,226",2008-11-06,,904.8800
"2,227",2008-11-07,,930.9900
"2,228",2008-11-10,,919.2100
"2,229",2008-11-11,,898.9500
"2,230",2008-11-12,,852.3000
"2,231",2008-11-13,,911.2900
"2,232",2008-11-14,,873.2900
"2,233",2008-11-17,,850.7500
"2,234",2008-11-18,,859.1200
"2,235",2008-11-19,,806.5800
"2,236",2008-11-20,,752.4400
"2,237",2008-11-21,,800.0300
"2,238",2008-11-24,,851.8100
"2,239",2008-11-25,,857.3900
"2,240",2008-11-26,,887.6800
"2,241",2008-11-28,,896.2400
"2,242",2008-12-01,,816.2100
"2,243",2008-12-02,,848.8100
"2,244",2008-12-03,,870.7400
"2,245",2008-12-04,,845.2200
"2,246",2008-12-05,,876.0700
"2,247",2008-12-08,,909.7000
"2,248",2008-12-09,,888.6700
"2,249",2008-12-10,,899.2400
"2,250",2008-12-11,,873.5900
"2,251",2008-12-12,,879.7300
"2,252",2008-12-15,,868.5700
"2,253",2008-12-16,,913.1800
"2,254",2008-12-17,,904.4200
"2,255",2008-12-18,,885.2800
"2,256",2008-12-19,,887.8800
"2,257",2008-12-22,,871.6300
"2,258",2008-12-23,,863.1600
"2,259",2008-12-24,,868.1500
"2,260",2008-12-26,,872.8000
"2,261",2008-12-29,,869.4200
"2,262",2008-12-30,,890.6400
"2,263",2008-12-31,,903.2500
"2,264",2009-01-02,,931.8000
"2,265",2009-01-05,,927.4500
"2,266",2009-01-06,,934.7000
"2,267",2009-01-07,,906.6500
"2,268",2009-01-08,,909.7300
"2,269",2009-01-09,,890.3500
"2,270",2009-01-12,,870.2600
"2,271",2009-01-13,,871.7900
"2,272",2009-01-14,,842.6200
"2,273",2009-01-15,,843.7400
"2,274",2009-01-16,,850.1200
"2,275",2009-01-20,,805.2200
"2,276",2009-01-21,,840.2400
"2,277",2009-01-22,,827.5000
"2,278",2009-01-23,,831.9500
"2,279",2009-01-26,,836.5700
"2,280",2009-01-27,,845.7100
"2,281",2009-01-28,,874.0900
"2,282",2009-01-29,,845.1400
"2,283",2009-01-30,,825.8800
"2,284",2009-02-02,,825.4400
"2,285",2009-02-03,,838.5100
"2,286",2009-02-04,,832.2300
"2,287",2009-02-05,,845.8500
"2,288",2009-02-06,,868.6000
"2,289",2009-02-09,,869.8900
"2,290",2009-02-10,,827.1600
"2,291",2009-02-11,,833.7400
"2,292",2009-02-12,,835.1900
"2,293",2009-02-13,,826.8400
"2,294",2009-02-17,,789.1700
"2,295",2009-02-18,,788.4200
"2,296",2009-02-19,,778.9400
"2,297",2009-02-20,,770.0500
"2,298",2009-02-23,,743.3300
"2,299",2009-02-24,,773.1400
"2,300",2009-02-25,,764.9000
"2,301",2009-02-26,,752.8300
"2,302",2009-02-27,,735.0900
"2,303",2009-03-02,,700.8200
"2,304",2009-03-03,,696.3300
"2,305",2009-03-04,,712.8700
"2,306",2009-03-05,,682.5500
"2,307",2009-03-06,,683.3800
"2,308",2009-03-09,,676.5300
"2,309",2009-03-10,,719.6000
"2,310",2009-03-11,,721.3600
"2,311",2009-03-12,,750.7400
"2,312",2009-03-13,,756.5500
"2,313",2009-03-16,,753.8900
"2,314",2009-03-17,,778.1200
"2,315",2009-03-18,,794.3500
"2,316",2009-03-19,,784.0400
"2,317",2009-03-20,,768.5400
"2,318",2009-03-23,,822.9200
"2,319",2009-03-24,,806.1200
"2,320",2009-03-25,,813.8800
"2,321",2009-03-26,,832.8600
"2,322",2009-03-27,,815.9400
"2,323",2009-03-30,,787.5300
"2,324",2009-03-31,,797.8700
"2,325",2009-04-01,,811.0800
"2,326",2009-04-02,,834.3800
"2,327",2009-04-03,,842.5000
"2,328",2009-04-06,,835.4800
"2,329",2009-04-07,,815.5500
"2,330",2009-04-08,,825.1600
"2,331",2009-04-09,,856.5600
"2,332",2009-04-13,,858.7300
"2,333",2009-04-14,,841.5000
"2,334",2009-04-15,,852.0600
"2,335",2009-04-16,,865.3000
"2,336",2009-04-17,,869.6000
"2,337",2009-04-20,,832.3900
"2,338",2009-04-21,,850.0800
"2,339",2009-04-22,,843.5500
"2,340",2009-04-23,,851.9200
"2,341",2009-04-24,,866.2300
"2,342",2009-04-27,,857.5100
"2,343",2009-04-28,,855.1600
"2,344",2009-04-29,,873.6400
"2,345",2009-04-30,,872.8100
"2,346",2009-05-01,,877.5200
"2,347",2009-05-04,,907.2400
"2,348",2009-05-05,,903.8000
"2,349",2009-05-06,,919.5300
"2,350",2009-05-07,,907.3900
"2,351",2009-05-08,,929.2300
"2,352",2009-05-11,,909.2400
"2,353",2009-05-12,,908.3500
"2,354",2009-05-13,,883.9200
"2,355",2009-05-14,,893.0700
"2,356",2009-05-15,,882.8800
"2,357",2009-05-18,,909.7100
"2,358",2009-05-19,,908.1300
"2,359",2009-05-20,,903.4700
"2,360",2009-05-21,,888.3300
"2,361",2009-05-22,,887.0000
"2,362",2009-05-26,,910.3300
"2,363",2009-05-27,,893.0600
"2,364",2009-05-28,,906.8300
"2,365",2009-05-29,,919.1400
"2,366",2009-06-01,,942.8700
"2,367",2009-06-02,,944.7400
"2,368",2009-06-03,,931.7600
"2,369",2009-06-04,,942.4600
"2,370",2009-06-05,,940.0900
"2,371",2009-06-08,,939.1400
"2,372",2009-06-09,,942.4300
"2,373",2009-06-10,,939.1500
"2,374",2009-06-11,,944.8900
"2,375",2009-06-12,,946.2100
"2,376",2009-06-15,,923.7200
"2,377",2009-06-16,,911.9700
"2,378",2009-06-17,,910.7100
"2,379",2009-06-18,,918.3700
"2,380",2009-06-19,,921.2300
"2,381",2009-06-22,,893.0400
"2,382",2009-06-23,,895.1000
"2,383",2009-06-24,,900.9400
"2,384",2009-06-25,,920.2600
"2,385",2009-06-26,,918.9000
"2,386",2009-06-29,,927.2300
"2,387",2009-06-30,,919.3200
"2,388",2009-07-01,,923.3300
"2,389",2009-07-02,,896.4200
"2,390",2009-07-06,,898.7200
"2,391",2009-07-07,,881.0300
"2,392",2009-07-08,,879.5600
"2,393",2009-07-09,,882.6800
"2,394",2009-07-10,,879.1300
"2,395",2009-07-13,,901.0500
"2,396",2009-07-14,,905.8400
"2,397",2009-07-15,,932.6800
"2,398",2009-07-16,,940.7400
"2,399",2009-07-17,,940.3800
"2,400",2009-07-20,,951.1300
"2,401",2009-07-21,,954.5800
"2,402",2009-07-22,,954.0700
"2,403",2009-07-23,,976.2900
"2,404",2009-07-24,,979.2600
"2,405",2009-07-27,,982.1800
"2,406",2009-07-28,,979.6200
"2,407",2009-07-29,,975.1500
"2,408",2009-07-30,,986.7500
"2,409",2009-07-31,,987.4800
"2,410",2009-08-03,,1002.6300
"2,411",2009-08-04,,1005.6500
"2,412",2009-08-05,,1002.7200
"2,413",2009-08-06,,997.0800
"2,414",2009-08-07,,1010.4800
"2,415",2009-08-10,,1007.1000
"2,416",2009-08-11,,994.3500
"2,417",2009-08-12,,1005.8100
"2,418",2009-08-13,,1012.7300
"2,419",2009-08-14,,1004.0900
"2,420",2009-08-17,,979.7300
"2,421",2009-08-18,,989.6700
"2,422",2009-08-19,,996.4600
"2,423",2009-08-20,,1007.3700
"2,424",2009-08-21,,1026.1300
"2,425",2009-08-24,,1025.5699
"2,426",2009-08-25,,1028.0000
"2,427",2009-08-26,,1028.1200
"2,428",2009-08-27,,1030.9800
"2,429",2009-08-28,,1028.9301
"2,430",2009-08-31,,1020.6200
"2,431",2009-09-01,,998.0400
"2,432",2009-09-02,,994.7500
"2,433",2009-09-03,,1003.2400
"2,434",2009-09-04,,1016.4000
"2,435",2009-09-08,,1025.3900
"2,436",2009-09-09,,1033.3700
"2,437",2009-09-10,,1044.1400
"2,438",2009-09-11,,1042.7300
"2,439",2009-09-14,,1049.3400
"2,440",2009-09-15,,1052.6300
"2,441",2009-09-16,,1068.7600
"2,442",2009-09-17,,1065.4900
"2,443",2009-09-18,,1068.3000
"2,444",2009-09-21,,1064.6600
"2,445",2009-09-22,,1071.6600
"2,446",2009-09-23,,1060.8700
"2,447",2009-09-24,,1050.7800
"2,448",2009-09-25,,1044.3800
"2,449",2009-09-28,,1062.9800
"2,450",2009-09-29,,1060.6100
"2,451",2009-09-30,,1057.0800
"2,452",2009-10-01,,1029.8500
"2,453",2009-10-02,,1025.2100
"2,454",2009-10-05,,1040.4600
"2,455",2009-10-06,,1054.7200
"2,456",2009-10-07,,1057.5800
"2,457",2009-10-08,,1065.4800
"2,458",2009-10-09,,1071.4900
"2,459",2009-10-12,,1076.1899
"2,460",2009-10-13,,1073.1899
"2,461",2009-10-14,,1092.0200
"2,462",2009-10-15,,1096.5601
"2,463",2009-10-16,,1087.6801
"2,464",2009-10-19,,1097.9100
"2,465",2009-10-20,,1091.0601
"2,466",2009-10-21,,1081.4000
"2,467",2009-10-22,,1092.9100
"2,468",2009-10-23,,1079.6000
"2,469",2009-10-26,,1066.9500
"2,470",2009-10-27,,1063.4100
"2,471",2009-10-28,,1042.6300
"2,472",2009-10-29,,1066.1100
"2,473",2009-10-30,,1036.1899
"2,474",2009-11-02,,1042.8800
"2,475",2009-11-03,,1045.4100
"2,476",2009-11-04,,1046.5000
"2,477",2009-11-05,,1066.6300
"2,478",2009-11-06,,1069.3000
"2,479",2009-11-09,,1093.0800
"2,480",2009-11-10,,1093.0100
"2,481",2009-11-11,,1098.5100
"2,482",2009-11-12,,1087.2400
"2,483",2009-11-13,,1093.4800
"2,484",2009-11-16,,1109.3000
"2,485",2009-11-17,,1110.3199
"2,486",2009-11-18,,1109.8000
"2,487",2009-11-19,,1094.9000
"2,488",2009-11-20,,1091.3800
"2,489",2009-11-23,,1106.2400
"2,490",2009-11-24,,1105.6500
"2,491",2009-11-25,,1110.6300
"2,492",2009-11-27,,1091.4900
"2,493",2009-11-30,,1095.6300
"2,494",2009-12-01,,1108.8600
"2,495",2009-12-02,,1109.2400
"2,496",2009-12-03,,1099.9200
"2,497",2009-12-04,,1105.9800
"2,498",2009-12-07,,1103.2500
"2,499",2009-12-08,,1091.9399
"2,500",2009-12-09,,1095.9500
"2,501",2009-12-10,,1102.3500
"2,502",2009-12-11,,1106.4100
"2,503",2009-12-14,,1114.1100
"2,504",2009-12-15,,1107.9301
"2,505",2009-12-16,,1109.1801
"2,506",2009-12-17,,1096.0800
"2,507",2009-12-18,,1102.4700
"2,508",2009-12-21,,1114.0500
"2,509",2009-12-22,,1118.0200
"2,510",2009-12-23,,1120.5900
"2,511",2009-12-24,,1126.4800
"2,512",2009-12-28,,1127.7800
"2,513",2009-12-29,,1126.2000
"2,514",2009-12-30,,1126.4200
"2,515",2009-12-31,,1115.1000
"2,516",2010-01-04,,1132.9900
"2,517",2010-01-05,,1136.5200
"2,518",2010-01-06,,1137.1400
"2,519",2010-01-07,,1141.6899
"2,520",2010-01-08,,1144.9800
"2,521",2010-01-11,,1146.9800
"2,522",2010-01-12,,1136.2200
"2,523",2010-01-13,,1145.6801
"2,524",2010-01-14,,1148.4600
"2,525",2010-01-15,,1136.0300
"2,526",2010-01-19,,1150.2300
"2,527",2010-01-20,,1138.0400
"2,528",2010-01-21,,1116.4800
"2,529",2010-01-22,,1091.7600
"2,530",2010-01-25,,1096.7800
"2,531",2010-01-26,,1092.1700
"2,532",2010-01-27,,1097.5000
"2,533",2010-01-28,,1084.5300
"2,534",2010-01-29,,1073.8700
"2,535",2010-02-01,,1089.1899
"2,536",2010-02-02,,1103.3199
"2,537",2010-02-03,,1097.2800
"2,538",2010-02-04,,1063.1100
"2,539",2010-02-05,,1066.1899
"2,540",2010-02-08,,1056.7400
"2,541",2010-02-09,,1070.5200
"2,542",2010-02-10,,1068.1300
"2,543",2010-02-11,,1078.4700
"2,544",2010-02-12,,1075.5100
"2,545",2010-02-16,,1094.8700
"2,546",2010-02-17,,1099.5100
"2,547",2010-02-18,,1106.7500
"2,548",2010-02-19,,1109.1700
"2,549",2010-02-22,,1108.0100
"2,550",2010-02-23,,1094.6000
"2,551",2010-02-24,,1105.2400
"2,552",2010-02-25,,1102.9399
"2,553",2010-02-26,,1104.4900
"2,554",2010-03-01,,1115.7100
"2,555",2010-03-02,,1118.3101
"2,556",2010-03-03,,1118.7900
"2,557",2010-03-04,,1122.9700
"2,558",2010-03-05,,1138.7000
"2,559",2010-03-08,,1138.5000
"2,560",2010-03-09,,1140.4500
"2,561",2010-03-10,,1145.6100
"2,562",2010-03-11,,1150.2400
"2,563",2010-03-12,,1149.9900
"2,564",2010-03-15,,1150.5100
"2,565",2010-03-16,,1159.4600
"2,566",2010-03-17,,1166.2100
"2,567",2010-03-18,,1165.8300
"2,568",2010-03-19,,1159.9000
"2,569",2010-03-22,,1165.8101
"2,570",2010-03-23,,1174.1700
"2,571",2010-03-24,,1167.7200
"2,572",2010-03-25,,1165.7300
"2,573",2010-03-26,,1166.5900
"2,574",2010-03-29,,1173.2200
"2,575",2010-03-30,,1173.2700
"2,576",2010-03-31,,1169.4301
"2,577",2010-04-01,,1178.1000
"2,578",2010-04-05,,1187.4399
"2,579",2010-04-06,,1189.4399
"2,580",2010-04-07,,1182.4500
"2,581",2010-04-08,,1186.4399
"2,582",2010-04-09,,1194.3700
"2,583",2010-04-12,,1196.4800
"2,584",2010-04-13,,1197.3000
"2,585",2010-04-14,,1210.6500
"2,586",2010-04-15,,1211.6700
"2,587",2010-04-16,,1192.1300
"2,588",2010-04-19,,1197.5200
"2,589",2010-04-20,,1207.1700
"2,590",2010-04-21,,1205.9399
"2,591",2010-04-22,,1208.6700
"2,592",2010-04-23,,1217.2800
"2,593",2010-04-26,,1212.0500
"2,594",2010-04-27,,1183.7100
"2,595",2010-04-28,,1191.3600
"2,596",2010-04-29,,1206.7800
"2,597",2010-04-30,,1186.6899
"2,598",2010-05-03,,1202.2600
"2,599",2010-05-04,,1173.6000
"2,600",2010-05-05,,1165.8700
"2,601",2010-05-06,,1128.1500
"2,602",2010-05-07,,1110.8800
"2,603",2010-05-10,,1159.7300
"2,604",2010-05-11,,1155.7900
"2,605",2010-05-12,,1171.6700
"2,606",2010-05-13,,1157.4399
"2,607",2010-05-14,,1135.6801
"2,608",2010-05-17,,1136.9399
"2,609",2010-05-18,,1120.8000
"2,610",2010-05-19,,1115.0500
"2,611",2010-05-20,,1071.5900
"2,612",2010-05-21,,1087.6899
"2,613",2010-05-24,,1073.6500
"2,614",2010-05-25,,1074.0300
"2,615",2010-05-26,,1067.9500
"2,616",2010-05-27,,1103.0601
"2,617",2010-05-28,,1089.4100
"2,618",2010-06-01,,1070.7100
"2,619",2010-06-02,,1098.3800
"2,620",2010-06-03,,1102.8300
"2,621",2010-06-04,,1064.8800
"2,622",2010-06-07,,1050.4700
"2,623",2010-06-08,,1062.0000
"2,624",2010-06-09,,1055.6899
"2,625",2010-06-10,,1086.8400
"2,626",2010-06-11,,1091.6000
"2,627",2010-06-14,,1089.6300
"2,628",2010-06-15,,1115.2300
"2,629",2010-06-16,,1114.6100
"2,630",2010-06-17,,1116.0400
"2,631",2010-06-18,,1117.5100
"2,632",2010-06-21,,1113.2000
"2,633",2010-06-22,,1095.3101
"2,634",2010-06-23,,1092.0400
"2,635",2010-06-24,,1073.6899
"2,636",2010-06-25,,1076.7600
"2,637",2010-06-28,,1074.5699
"2,638",2010-06-29,,1041.2400
"2,639",2010-06-30,,1030.7100
"2,640",2010-07-01,,1027.3700
"2,641",2010-07-02,,1022.5800
"2,642",2010-07-06,,1028.0601
"2,643",2010-07-07,,1060.2700
"2,644",2010-07-08,,1070.2500
"2,645",2010-07-09,,1077.9600
"2,646",2010-07-12,,1078.7500
"2,647",2010-07-13,,1095.3400
"2,648",2010-07-14,,1095.1700
"2,649",2010-07-15,,1096.4800
"2,650",2010-07-16,,1064.8800
"2,651",2010-07-19,,1071.2500
"2,652",2010-07-20,,1083.4800
"2,653",2010-07-21,,1069.5900
"2,654",2010-07-22,,1093.6700
"2,655",2010-07-23,,1102.6600
"2,656",2010-07-26,,1115.0100
"2,657",2010-07-27,,1113.8400
"2,658",2010-07-28,,1106.1300
"2,659",2010-07-29,,1101.5300
"2,660",2010-07-30,,1101.6000
"2,661",2010-08-02,,1125.8600
"2,662",2010-08-03,,1120.4600
"2,663",2010-08-04,,1127.2400
"2,664",2010-08-05,,1125.8101
"2,665",2010-08-06,,1121.6400
"2,666",2010-08-09,,1127.7900
"2,667",2010-08-10,,1121.0601
"2,668",2010-08-11,,1089.4700
"2,669",2010-08-12,,1083.6100
"2,670",2010-08-13,,1079.2500
"2,671",2010-08-16,,1079.3800
"2,672",2010-08-17,,1092.5400
"2,673",2010-08-18,,1094.1600
"2,674",2010-08-19,,1075.6300
"2,675",2010-08-20,,1071.6899
"2,676",2010-08-23,,1067.3600
"2,677",2010-08-24,,1051.8700
"2,678",2010-08-25,,1055.3300
"2,679",2010-08-26,,1047.2200
"2,680",2010-08-27,,1064.5900
"2,681",2010-08-30,,1048.9200
"2,682",2010-08-31,,1049.3300
"2,683",2010-09-01,,1080.2900
"2,684",2010-09-02,,1090.1000
"2,685",2010-09-03,,1104.5100
"2,686",2010-09-07,,1091.8400
"2,687",2010-09-08,,1098.8700
"2,688",2010-09-09,,1104.1801
"2,689",2010-09-10,,1109.5500
"2,690",2010-09-13,,1121.9000
"2,691",2010-09-14,,1121.1000
"2,692",2010-09-15,,1125.0699
"2,693",2010-09-16,,1124.6600
"2,694",2010-09-17,,1125.5900
"2,695",2010-09-20,,1142.7100
"2,696",2010-09-21,,1139.7800
"2,697",2010-09-22,,1134.2800
"2,698",2010-09-23,,1124.8300
"2,699",2010-09-24,,1148.6700
"2,700",2010-09-27,,1142.1600
"2,701",2010-09-28,,1147.7000
"2,702",2010-09-29,,1144.7300
"2,703",2010-09-30,,1141.2000
"2,704",2010-10-01,,1146.2400
"2,705",2010-10-04,,1137.0300
"2,706",2010-10-05,,1160.7500
"2,707",2010-10-06,,1159.9700
"2,708",2010-10-07,,1158.0601
"2,709",2010-10-08,,1165.1500
"2,710",2010-10-11,,1165.3199
"2,711",2010-10-12,,1169.7700
"2,712",2010-10-13,,1178.1000
"2,713",2010-10-14,,1173.8101
"2,714",2010-10-15,,1176.1899
"2,715",2010-10-18,,1184.7100
"2,716",2010-10-19,,1165.9000
"2,717",2010-10-20,,1178.1700
"2,718",2010-10-21,,1180.2600
"2,719",2010-10-22,,1183.0800
"2,720",2010-10-25,,1185.6200
"2,721",2010-10-26,,1185.6400
"2,722",2010-10-27,,1182.4500
"2,723",2010-10-28,,1183.7800
"2,724",2010-10-29,,1183.2600
"2,725",2010-11-01,,1184.3800
"2,726",2010-11-02,,1193.5699
"2,727",2010-11-03,,1197.9600
"2,728",2010-11-04,,1221.0601
"2,729",2010-11-05,,1225.8500
"2,730",2010-11-08,,1223.2500
"2,731",2010-11-09,,1213.4000
"2,732",2010-11-10,,1218.7100
"2,733",2010-11-11,,1213.5400
"2,734",2010-11-12,,1199.2100
"2,735",2010-11-15,,1197.7500
"2,736",2010-11-16,,1178.3400
"2,737",2010-11-17,,1178.5900
"2,738",2010-11-18,,1196.6899
"2,739",2010-11-19,,1199.7300
"2,740",2010-11-22,,1197.8400
"2,741",2010-11-23,,1180.7300
"2,742",2010-11-24,,1198.3500
"2,743",2010-11-26,,1189.4000
"2,744",2010-11-29,,1187.7600
"2,745",2010-11-30,,1180.5500
"2,746",2010-12-01,,1206.0699
"2,747",2010-12-02,,1221.5300
"2,748",2010-12-03,,1224.7100
"2,749",2010-12-06,,1223.1200
"2,750",2010-12-07,,1223.7500
"2,751",2010-12-08,,1228.2800
"2,752",2010-12-09,,1233.0000
"2,753",2010-12-10,,1240.4000
"2,754",2010-12-13,,1240.4600
"2,755",2010-12-14,,1241.5900
"2,756",2010-12-15,,1235.2300
"2,757",2010-12-16,,1242.8700
"2,758",2010-12-17,,1243.9100
"2,759",2010-12-20,,1247.0800
"2,760",2010-12-21,,1254.6000
"2,761",2010-12-22,,1258.8400
"2,762",2010-12-23,,1256.7700
"2,763",2010-12-27,,1257.5400
"2,764",2010-12-28,,1258.5100
"2,765",2010-12-29,,1259.7800
"2,766",2010-12-30,,1257.8800
"2,767",2010-12-31,,1257.6400
"2,768",2011-01-03,,1271.8700
"2,769",2011-01-04,,1270.2000
"2,770",2011-01-05,,1276.5601
"2,771",2011-01-06,,1273.8500
"2,772",2011-01-07,,1271.5000
"2,773",2011-01-10,,1269.7500
"2,774",2011-01-11,,1274.4800
"2,775",2011-01-12,,1285.9600
"2,776",2011-01-13,,1283.7600
"2,777",2011-01-14,,1293.2400
"2,778",2011-01-18,,1295.0200
"2,779",2011-01-19,,1281.9200
"2,780",2011-01-20,,1280.2600
"2,781",2011-01-21,,1283.3500
"2,782",2011-01-24,,1290.8400
"2,783",2011-01-25,,1291.1801
"2,784",2011-01-26,,1296.6300
"2,785",2011-01-27,,1299.5400
"2,786",2011-01-28,,1276.3400
"2,787",2011-01-31,,1286.1200
"2,788",2011-02-01,,1307.5900
"2,789",2011-02-02,,1304.0300
"2,790",2011-02-03,,1307.1000
"2,791",2011-02-04,,1310.8700
"2,792",2011-02-07,,1319.0500
"2,793",2011-02-08,,1324.5699
"2,794",2011-02-09,,1320.8800
"2,795",2011-02-10,,1321.8700
"2,796",2011-02-11,,1329.1500
"2,797",2011-02-14,,1332.3199
"2,798",2011-02-15,,1328.0100
"2,799",2011-02-16,,1336.3199
"2,800",2011-02-17,,1340.4301
"2,801",2011-02-18,,1343.0100
"2,802",2011-02-22,,1315.4399
"2,803",2011-02-23,,1307.4000
"2,804",2011-02-24,,1306.1000
"2,805",2011-02-25,,1319.8800
"2,806",2011-02-28,,1327.2200
"2,807",2011-03-01,,1306.3300
"2,808",2011-03-02,,1308.4399
"2,809",2011-03-03,,1330.9700
"2,810",2011-03-04,,1321.1500
"2,811",2011-03-07,,1310.1300
"2,812",2011-03-08,,1321.8199
"2,813",2011-03-09,,1320.0200
"2,814",2011-03-10,,1295.1100
"2,815",2011-03-11,,1304.2800
"2,816",2011-03-14,,1296.3900
"2,817",2011-03-15,,1281.8700
"2,818",2011-03-16,,1256.8800
"2,819",2011-03-17,,1273.7200
"2,820",2011-03-18,,1279.2100
"2,821",2011-03-21,,1298.3800
"2,822",2011-03-22,,1293.7700
"2,823",2011-03-23,,1297.5400
"2,824",2011-03-24,,1309.6600
"2,825",2011-03-25,,1313.8000
"2,826",2011-03-28,,1310.1899
"2,827",2011-03-29,,1319.4399
"2,828",2011-03-30,,1328.2600
"2,829",2011-03-31,,1325.8300
"2,830",2011-04-01,,1332.4100
"2,831",2011-04-04,,1332.8700
"2,832",2011-04-05,,1332.6300
"2,833",2011-04-06,,1335.5400
"2,834",2011-04-07,,1333.5100
"2,835",2011-04-08,,1328.1700
"2,836",2011-04-11,,1324.4600
"2,837",2011-04-12,,1314.1600
"2,838",2011-04-13,,1314.4100
"2,839",2011-04-14,,1314.5200
"2,840",2011-04-15,,1319.6801
"2,841",2011-04-18,,1305.1400
"2,842",2011-04-19,,1312.6200
"2,843",2011-04-20,,1330.3600
"2,844",2011-04-21,,1337.3800
"2,845",2011-04-25,,1335.2500
"2,846",2011-04-26,,1347.2400
"2,847",2011-04-27,,1355.6600
"2,848",2011-04-28,,1360.4800
"2,849",2011-04-29,,1363.6100
"2,850",2011-05-02,,1361.2200
"2,851",2011-05-03,,1356.6200
"2,852",2011-05-04,,1347.3199
"2,853",2011-05-05,,1335.1000
"2,854",2011-05-06,,1340.2000
"2,855",2011-05-09,,1346.2900
"2,856",2011-05-10,,1357.1600
"2,857",2011-05-11,,1342.0800
"2,858",2011-05-12,,1348.6500
"2,859",2011-05-13,,1337.7700
"2,860",2011-05-16,,1329.4700
"2,861",2011-05-17,,1328.9800
"2,862",2011-05-18,,1340.6801
"2,863",2011-05-19,,1343.6000
"2,864",2011-05-20,,1333.2700
"2,865",2011-05-23,,1317.3700
"2,866",2011-05-24,,1316.2800
"2,867",2011-05-25,,1320.4700
"2,868",2011-05-26,,1325.6899
"2,869",2011-05-27,,1331.1000
"2,870",2011-05-31,,1345.2000
"2,871",2011-06-01,,1314.5500
"2,872",2011-06-02,,1312.9399
"2,873",2011-06-03,,1300.1600
"2,874",2011-06-06,,1286.1700
"2,875",2011-06-07,,1284.9399
"2,876",2011-06-08,,1279.5601
"2,877",2011-06-09,,1289.0000
"2,878",2011-06-10,,1270.9800
"2,879",2011-06-13,,1271.8300
"2,880",2011-06-14,,1287.8700
"2,881",2011-06-15,,1265.4200
"2,882",2011-06-16,,1267.6400
"2,883",2011-06-17,,1271.5000
"2,884",2011-06-20,,1278.3600
"2,885",2011-06-21,,1295.5200
"2,886",2011-06-22,,1287.1400
"2,887",2011-06-23,,1283.5000
"2,888",2011-06-24,,1268.4500
"2,889",2011-06-27,,1280.1000
"2,890",2011-06-28,,1296.6700
"2,891",2011-06-29,,1307.4100
"2,892",2011-06-30,,1320.6400
"2,893",2011-07-01,,1339.6700
"2,894",2011-07-05,,1337.8800
"2,895",2011-07-06,,1339.2200
"2,896",2011-07-07,,1353.2200
"2,897",2011-07-08,,1343.8000
"2,898",2011-07-11,,1319.4900
"2,899",2011-07-12,,1313.6400
"2,900",2011-07-13,,1317.7200
"2,901",2011-07-14,,1308.8700
"2,902",2011-07-15,,1316.1400
"2,903",2011-07-18,,1305.4399
"2,904",2011-07-19,,1326.7300
"2,905",2011-07-20,,1325.8400
"2,906",2011-07-21,,1343.8000
"2,907",2011-07-22,,1345.0200
"2,908",2011-07-25,,1337.4301
"2,909",2011-07-26,,1331.9399
"2,910",2011-07-27,,1304.8900
"2,911",2011-07-28,,1300.6700
"2,912",2011-07-29,,1292.2800
"2,913",2011-08-01,,1286.9399
"2,914",2011-08-02,,1254.0500
"2,915",2011-08-03,,1260.3400
"2,916",2011-08-04,,1200.0699
"2,917",2011-08-05,,1199.3800
"2,918",2011-08-08,,1119.4600
"2,919",2011-08-09,,1172.5300
"2,920",2011-08-10,,1120.7600
"2,921",2011-08-11,,1172.6400
"2,922",2011-08-12,,1178.8101
"2,923",2011-08-15,,1204.4900
"2,924",2011-08-16,,1192.7600
"2,925",2011-08-17,,1193.8900
"2,926",2011-08-18,,1140.6500
"2,927",2011-08-19,,1123.5300
"2,928",2011-08-22,,1123.8199
"2,929",2011-08-23,,1162.3500
"2,930",2011-08-24,,1177.6000
"2,931",2011-08-25,,1159.2700
"2,932",2011-08-26,,1176.8000
"2,933",2011-08-29,,1210.0800
"2,934",2011-08-30,,1212.9200
"2,935",2011-08-31,,1218.8900
"2,936",2011-09-01,,1204.4200
"2,937",2011-09-02,,1173.9700
"2,938",2011-09-06,,1165.2400
"2,939",2011-09-07,,1198.6200
"2,940",2011-09-08,,1185.9000
"2,941",2011-09-09,,1154.2300
"2,942",2011-09-12,,1162.2700
"2,943",2011-09-13,,1172.8700
"2,944",2011-09-14,,1188.6801
"2,945",2011-09-15,,1209.1100
"2,946",2011-09-16,,1216.0100
"2,947",2011-09-19,,1204.0900
"2,948",2011-09-20,,1202.0900
"2,949",2011-09-21,,1166.7600
"2,950",2011-09-22,,1129.5601
"2,951",2011-09-23,,1136.4301
"2,952",2011-09-26,,1162.9500
"2,953",2011-09-27,,1175.3800
"2,954",2011-09-28,,1151.0601
"2,955",2011-09-29,,1160.4000
"2,956",2011-09-30,,1131.4200
"2,957",2011-10-03,,1099.2300
"2,958",2011-10-04,,1123.9500
"2,959",2011-10-05,,1144.0300
"2,960",2011-10-06,,1164.9700
"2,961",2011-10-07,,1155.4600
"2,962",2011-10-10,,1194.8900
"2,963",2011-10-11,,1195.5400
"2,964",2011-10-12,,1207.2500
"2,965",2011-10-13,,1203.6600
"2,966",2011-10-14,,1224.5800
"2,967",2011-10-17,,1200.8600
"2,968",2011-10-18,,1225.3800
"2,969",2011-10-19,,1209.8800
"2,970",2011-10-20,,1215.3900
"2,971",2011-10-21,,1238.2500
"2,972",2011-10-24,,1254.1899
"2,973",2011-10-25,,1229.0500
"2,974",2011-10-26,,1242.0000
"2,975",2011-10-27,,1284.5900
"2,976",2011-10-28,,1285.0900
"2,977",2011-10-31,,1253.3000
"2,978",2011-11-01,,1218.2800
"2,979",2011-11-02,,1237.9000
"2,980",2011-11-03,,1261.1500
"2,981",2011-11-04,,1253.2300
"2,982",2011-11-07,,1261.1200
"2,983",2011-11-08,,1275.9200
"2,984",2011-11-09,,1229.1000
"2,985",2011-11-10,,1239.7000
"2,986",2011-11-11,,1263.8500
"2,987",2011-11-14,,1251.7800
"2,988",2011-11-15,,1257.8101
"2,989",2011-11-16,,1236.9100
"2,990",2011-11-17,,1216.1300
"2,991",2011-11-18,,1215.6500
"2,992",2011-11-21,,1192.9800
"2,993",2011-11-22,,1188.0400
"2,994",2011-11-23,,1161.7900
"2,995",2011-11-25,,1158.6700
"2,996",2011-11-28,,1192.5500
"2,997",2011-11-29,,1195.1899
"2,998",2011-11-30,,1246.9600
"2,999",2011-12-01,,1244.5800
"3,000",2011-12-02,,1244.2800
"3,001",2011-12-05,,1257.0800
"3,002",2011-12-06,,1258.4700
"3,003",2011-12-07,,1261.0100
"3,004",2011-12-08,,1234.3500
"3,005",2011-12-09,,1255.1899
"3,006",2011-12-12,,1236.4700
"3,007",2011-12-13,,1225.7300
"3,008",2011-12-14,,1211.8199
"3,009",2011-12-15,,1215.7500
"3,010",2011-12-16,,1219.6600
"3,011",2011-12-19,,1205.3500
"3,012",2011-12-20,,1241.3000
"3,013",2011-12-21,,1243.7200
"3,014",2011-12-22,,1254.0000
"3,015",2011-12-23,,1265.3300
"3,016",2011-12-27,,1265.4301
"3,017",2011-12-28,,1249.6400
"3,018",2011-12-29,,1263.0200
"3,019",2011-12-30,,1257.6000
"3,020",2012-01-03,,1277.0601
"3,021",2012-01-04,,1277.3000
"3,022",2012-01-05,,1281.0601
"3,023",2012-01-06,,1277.8101
"3,024",2012-01-09,,1280.7000
"3,025",2012-01-10,,1292.0800
"3,026",2012-01-11,,1292.4800
"3,027",2012-01-12,,1295.5000
"3,028",2012-01-13,,1289.0900
"3,029",2012-01-17,,1293.6700
"3,030",2012-01-18,,1308.0400
"3,031",2012-01-19,,1314.5000
"3,032",2012-01-20,,1315.3800
"3,033",2012-01-23,,1316.0000
"3,034",2012-01-24,,1314.6500
"3,035",2012-01-25,,1326.0601
"3,036",2012-01-26,,1318.4301
"3,037",2012-01-27,,1316.3300
"3,038",2012-01-30,,1313.0100
"3,039",2012-01-31,,1312.4100
"3,040",2012-02-01,,1324.0900
"3,041",2012-02-02,,1325.5400
"3,042",2012-02-03,,1344.9000
"3,043",2012-02-06,,1344.3300
"3,044",2012-02-07,,1347.0500
"3,045",2012-02-08,,1349.9600
"3,046",2012-02-09,,1351.9500
"3,047",2012-02-10,,1342.6400
"3,048",2012-02-13,,1351.7700
"3,049",2012-02-14,,1350.5000
"3,050",2012-02-15,,1343.2300
"3,051",2012-02-16,,1358.0400
"3,052",2012-02-17,,1361.2300
"3,053",2012-02-21,,1362.2100
"3,054",2012-02-22,,1357.6600
"3,055",2012-02-23,,1363.4600
"3,056",2012-02-24,,1365.7400
"3,057",2012-02-27,,1367.5900
"3,058",2012-02-28,,1372.1801
"3,059",2012-02-29,,1365.6801
"3,060",2012-03-01,,1374.0900
"3,061",2012-03-02,,1369.6300
"3,062",2012-03-05,,1364.3300
"3,063",2012-03-06,,1343.3600
"3,064",2012-03-07,,1352.6300
"3,065",2012-03-08,,1365.9100
"3,066",2012-03-09,,1370.8700
"3,067",2012-03-12,,1371.0900
"3,068",2012-03-13,,1395.9500
"3,069",2012-03-14,,1394.2800
"3,070",2012-03-15,,1402.6000
"3,071",2012-03-16,,1404.1700
"3,072",2012-03-19,,1409.7500
"3,073",2012-03-20,,1405.5200
"3,074",2012-03-21,,1402.8900
"3,075",2012-03-22,,1392.7800
"3,076",2012-03-23,,1397.1100
"3,077",2012-03-26,,1416.5100
"3,078",2012-03-27,,1412.5200
"3,079",2012-03-28,,1405.5400
"3,080",2012-03-29,,1403.2800
"3,081",2012-03-30,,1408.4700
"3,082",2012-04-02,,1419.0400
"3,083",2012-04-03,,1413.3800
"3,084",2012-04-04,,1398.9600
"3,085",2012-04-05,,1398.0800
"3,086",2012-04-09,,1382.2000
"3,087",2012-04-10,,1358.5900
"3,088",2012-04-11,,1368.7100
"3,089",2012-04-12,,1387.5699
"3,090",2012-04-13,,1370.2600
"3,091",2012-04-16,,1369.5699
"3,092",2012-04-17,,1390.7800
"3,093",2012-04-18,,1385.1400
"3,094",2012-04-19,,1376.9200
"3,095",2012-04-20,,1378.5300
"3,096",2012-04-23,,1366.9399
"3,097",2012-04-24,,1371.9700
"3,098",2012-04-25,,1390.6899
"3,099",2012-04-26,,1399.9800
"3,100",2012-04-27,,1403.3600
"3,101",2012-04-30,,1397.9100
"3,102",2012-05-01,,1405.8199
"3,103",2012-05-02,,1402.3101
"3,104",2012-05-03,,1391.5699
"3,105",2012-05-04,,1369.1000
"3,106",2012-05-07,,1369.5800
"3,107",2012-05-08,,1363.7200
"3,108",2012-05-09,,1354.5800
"3,109",2012-05-10,,1357.9900
"3,110",2012-05-11,,1353.3900
"3,111",2012-05-14,,1338.3500
"3,112",2012-05-15,,1330.6600
"3,113",2012-05-16,,1324.8000
"3,114",2012-05-17,,1304.8600
"3,115",2012-05-18,,1295.2200
"3,116",2012-05-21,,1315.9900
"3,117",2012-05-22,,1316.6300
"3,118",2012-05-23,,1318.8600
"3,119",2012-05-24,,1320.6801
"3,120",2012-05-25,,1317.8199
"3,121",2012-05-29,,1332.4200
"3,122",2012-05-30,,1313.3199
"3,123",2012-05-31,,1310.3300
"3,124",2012-06-01,,1278.0400
"3,125",2012-06-04,,1278.1801
"3,126",2012-06-05,,1285.5000
"3,127",2012-06-06,,1315.1300
"3,128",2012-06-07,,1314.9900
"3,129",2012-06-08,,1325.6600
"3,130",2012-06-11,,1308.9301
"3,131",2012-06-12,,1324.1801
"3,132",2012-06-13,,1314.8800
"3,133",2012-06-14,,1329.1000
"3,134",2012-06-15,,1342.8400
"3,135",2012-06-18,,1344.7800
"3,136",2012-06-19,,1357.9800
"3,137",2012-06-20,,1355.6899
"3,138",2012-06-21,,1325.5100
"3,139",2012-06-22,,1335.0200
"3,140",2012-06-25,,1313.7200
"3,141",2012-06-26,,1319.9900
"3,142",2012-06-27,,1331.8500
"3,143",2012-06-28,,1329.0400
"3,144",2012-06-29,,1362.1600
"3,145",2012-07-02,,1365.5100
"3,146",2012-07-03,,1374.0200
"3,147",2012-07-05,,1367.5800
"3,148",2012-07-06,,1354.6801
"3,149",2012-07-09,,1352.4600
"3,150",2012-07-10,,1341.4700
"3,151",2012-07-11,,1341.4500
"3,152",2012-07-12,,1334.7600
"3,153",2012-07-13,,1356.7800
"3,154",2012-07-16,,1353.6400
"3,155",2012-07-17,,1363.6700
"3,156",2012-07-18,,1372.7800
"3,157",2012-07-19,,1376.5100
"3,158",2012-07-20,,1362.6600
"3,159",2012-07-23,,1350.5200
"3,160",2012-07-24,,1338.3101
"3,161",2012-07-25,,1337.8900
"3,162",2012-07-26,,1360.0200
"3,163",2012-07-27,,1385.9700
"3,164",2012-07-30,,1385.3000
"3,165",2012-07-31,,1379.3199
"3,166",2012-08-01,,1375.3199
"3,167",2012-08-02,,1365.0000
"3,168",2012-08-03,,1390.9900
"3,169",2012-08-06,,1394.2300
"3,170",2012-08-07,,1401.3500
"3,171",2012-08-08,,1402.2200
"3,172",2012-08-09,,1402.8000
"3,173",2012-08-10,,1405.8700
"3,174",2012-08-13,,1404.1100
"3,175",2012-08-14,,1403.9301
"3,176",2012-08-15,,1405.5300
"3,177",2012-08-16,,1415.5100
"3,178",2012-08-17,,1418.1600
"3,179",2012-08-20,,1418.1300
"3,180",2012-08-21,,1413.1700
"3,181",2012-08-22,,1413.4900
"3,182",2012-08-23,,1402.0800
"3,183",2012-08-24,,1411.1300
"3,184",2012-08-27,,1410.4399
"3,185",2012-08-28,,1409.3000
"3,186",2012-08-29,,1410.4900
"3,187",2012-08-30,,1399.4800
"3,188",2012-08-31,,1406.5800
"3,189",2012-09-04,,1404.9399
"3,190",2012-09-05,,1403.4399
"3,191",2012-09-06,,1432.1200
"3,192",2012-09-07,,1437.9200
"3,193",2012-09-10,,1429.0800
"3,194",2012-09-11,,1433.5601
"3,195",2012-09-12,,1436.5601
"3,196",2012-09-13,,1459.9900
"3,197",2012-09-14,,1465.7700
"3,198",2012-09-17,,1461.1899
"3,199",2012-09-18,,1459.3199
"3,200",2012-09-19,,1461.0500
"3,201",2012-09-20,,1460.2600
"3,202",2012-09-21,,1460.1500
"3,203",2012-09-24,,1456.8900
"3,204",2012-09-25,,1441.5900
"3,205",2012-09-26,,1433.3199
"3,206",2012-09-27,,1447.1500
"3,207",2012-09-28,,1440.6700
"3,208",2012-10-01,,1444.4900
"3,209",2012-10-02,,1445.7500
"3,210",2012-10-03,,1450.9900
"3,211",2012-10-04,,1461.4000
"3,212",2012-10-05,,1460.9301
"3,213",2012-10-08,,1455.8800
"3,214",2012-10-09,,1441.4800
"3,215",2012-10-10,,1432.5601
"3,216",2012-10-11,,1432.8400
"3,217",2012-10-12,,1428.5900
"3,218",2012-10-15,,1440.1300
"3,219",2012-10-16,,1454.9200
"3,220",2012-10-17,,1460.9100
"3,221",2012-10-18,,1457.3400
"3,222",2012-10-19,,1433.1899
"3,223",2012-10-22,,1433.8199
"3,224",2012-10-23,,1413.1100
"3,225",2012-10-24,,1408.7500
"3,226",2012-10-25,,1412.9700
"3,227",2012-10-26,,1411.9399
"3,228",2012-10-31,,1412.1600
"3,229",2012-11-01,,1427.5900
"3,230",2012-11-02,,1414.2000
"3,231",2012-11-05,,1417.2600
"3,232",2012-11-06,,1428.3900
"3,233",2012-11-07,,1394.5300
"3,234",2012-11-08,,1377.5100
"3,235",2012-11-09,,1379.8500
"3,236",2012-11-12,,1380.0300
"3,237",2012-11-13,,1374.5300
"3,238",2012-11-14,,1355.4900
"3,239",2012-11-15,,1353.3300
"3,240",2012-11-16,,1359.8800
"3,241",2012-11-19,,1386.8900
"3,242",2012-11-20,,1387.8101
"3,243",2012-11-21,,1391.0300
"3,244",2012-11-23,,1409.1500
"3,245",2012-11-26,,1406.2900
"3,246",2012-11-27,,1398.9399
"3,247",2012-11-28,,1409.9301
"3,248",2012-11-29,,1415.9500
"3,249",2012-11-30,,1416.1801
"3,250",2012-12-03,,1409.4600
"3,251",2012-12-04,,1407.0500
"3,252",2012-12-05,,1409.2800
"3,253",2012-12-06,,1413.9399
"3,254",2012-12-07,,1418.0699
"3,255",2012-12-10,,1418.5500
"3,256",2012-12-11,,1427.8400
"3,257",2012-12-12,,1428.4800
"3,258",2012-12-13,,1419.4500
"3,259",2012-12-14,,1413.5800
"3,260",2012-12-17,,1430.3600
"3,261",2012-12-18,,1446.7900
"3,262",2012-12-19,,1435.8101
"3,263",2012-12-20,,1443.6899
"3,264",2012-12-21,,1430.1500
"3,265",2012-12-24,,1426.6600
"3,266",2012-12-26,,1419.8300
"3,267",2012-12-27,,1418.1000
"3,268",2012-12-28,,1402.4301
"3,269",2012-12-31,,1426.1899
"3,270",2013-01-02,,1462.4200
"3,271",2013-01-03,,1459.3700
"3,272",2013-01-04,,1466.4700
"3,273",2013-01-07,,1461.8900
"3,274",2013-01-08,,1457.1500
"3,275",2013-01-09,,1461.0200
"3,276",2013-01-10,,1472.1200
"3,277",2013-01-11,,1472.0500
"3,278",2013-01-14,,1470.6801
"3,279",2013-01-15,,1472.3400
"3,280",2013-01-16,,1472.6300
"3,281",2013-01-17,,1480.9399
"3,282",2013-01-18,,1485.9800
"3,283",2013-01-22,,1492.5601
"3,284",2013-01-23,,1494.8101
"3,285",2013-01-24,,1494.8199
"3,286",2013-01-25,,1502.9600
"3,287",2013-01-28,,1500.1801
"3,288",2013-01-29,,1507.8400
"3,289",2013-01-30,,1501.9600
"3,290",2013-01-31,,1498.1100
"3,291",2013-02-01,,1513.1700
"3,292",2013-02-04,,1495.7100
"3,293",2013-02-05,,1511.2900
"3,294",2013-02-06,,1512.1200
"3,295",2013-02-07,,1509.3900
"3,296",2013-02-08,,1517.9301
"3,297",2013-02-11,,1517.0100
"3,298",2013-02-12,,1519.4301
"3,299",2013-02-13,,1520.3300
"3,300",2013-02-14,,1521.3800
"3,301",2013-02-15,,1519.7900
"3,302",2013-02-19,,1530.9399
"3,303",2013-02-20,,1511.9500
"3,304",2013-02-21,,1502.4200
"3,305",2013-02-22,,1515.6000
"3,306",2013-02-25,,1487.8500
"3,307",2013-02-26,,1496.9399
"3,308",2013-02-27,,1515.9900
"3,309",2013-02-28,,1514.6801
"3,310",2013-03-01,,1518.2000
"3,311",2013-03-04,,1525.2000
"3,312",2013-03-05,,1539.7900
"3,313",2013-03-06,,1541.4600
"3,314",2013-03-07,,1544.2600
"3,315",2013-03-08,,1551.1801
"3,316",2013-03-11,,1556.2200
"3,317",2013-03-12,,1552.4800
"3,318",2013-03-13,,1554.5200
"3,319",2013-03-14,,1563.2300
"3,320",2013-03-15,,1560.7000
"3,321",2013-03-18,,1552.1000
"3,322",2013-03-19,,1548.3400
"3,323",2013-03-20,,1558.7100
"3,324",2013-03-21,,1545.8000
"3,325",2013-03-22,,1556.8900
"3,326",2013-03-25,,1551.6899
"3,327",2013-03-26,,1563.7700
"3,328",2013-03-27,,1562.8500
"3,329",2013-03-28,,1569.1899
"3,330",2013-04-01,,1562.1700
"3,331",2013-04-02,,1570.2500
"3,332",2013-04-03,,1553.6899
"3,333",2013-04-04,,1559.9800
"3,334",2013-04-05,,1553.2800
"3,335",2013-04-08,,1563.0699
"3,336",2013-04-09,,1568.6100
"3,337",2013-04-10,,1587.7300
"3,338",2013-04-11,,1593.3700
"3,339",2013-04-12,,1588.8500
"3,340",2013-04-15,,1552.3600
"3,341",2013-04-16,,1574.5699
"3,342",2013-04-17,,1552.0100
"3,343",2013-04-18,,1541.6100
"3,344",2013-04-19,,1555.2500
"3,345",2013-04-22,,1562.5000
"3,346",2013-04-23,,1578.7800
"3,347",2013-04-24,,1578.7900
"3,348",2013-04-25,,1585.1600
"3,349",2013-04-26,,1582.2400
"3,350",2013-04-29,,1593.6100
"3,351",2013-04-30,,1597.5699
"3,352",2013-05-01,,1582.7000
"3,353",2013-05-02,,1597.5900
"3,354",2013-05-03,,1614.4200
"3,355",2013-05-06,,1617.5000
"3,356",2013-05-07,,1625.9600
"3,357",2013-05-08,,1632.6899
"3,358",2013-05-09,,1626.6700
"3,359",2013-05-10,,1633.7000
"3,360",2013-05-13,,1633.7700
"3,361",2013-05-14,,1650.3400
"3,362",2013-05-15,,1658.7800
"3,363",2013-05-16,,1650.4700
"3,364",2013-05-17,,1667.4700
"3,365",2013-05-20,,1666.2900
"3,366",2013-05-21,,1669.1600
"3,367",2013-05-22,,1655.3500
"3,368",2013-05-23,,1650.5100
"3,369",2013-05-24,,1649.6000
"3,370",2013-05-28,,1660.0601
"3,371",2013-05-29,,1648.3600
"3,372",2013-05-30,,1654.4100
"3,373",2013-05-31,,1630.7400
"3,374",2013-06-03,,1640.4200
"3,375",2013-06-04,,1631.3800
"3,376",2013-06-05,,1608.9000
"3,377",2013-06-06,,1622.5601
"3,378",2013-06-07,,1643.3800
"3,379",2013-06-10,,1642.8101
"3,380",2013-06-11,,1626.1300
"3,381",2013-06-12,,1612.5200
"3,382",2013-06-13,,1636.3600
"3,383",2013-06-14,,1626.7300
"3,384",2013-06-17,,1639.0400
"3,385",2013-06-18,,1651.8101
"3,386",2013-06-19,,1628.9301
"3,387",2013-06-20,,1588.1899
"3,388",2013-06-21,,1592.4301
"3,389",2013-06-24,,1573.0900
"3,390",2013-06-25,,1588.0300
"3,391",2013-06-26,,1603.2600
"3,392",2013-06-27,,1613.2000
"3,393",2013-06-28,,1606.2800
"3,394",2013-07-01,,1614.9600
"3,395",2013-07-02,,1614.0800
"3,396",2013-07-03,,1615.4100
"3,397",2013-07-05,,1631.8900
"3,398",2013-07-08,,1640.4600
"3,399",2013-07-09,,1652.3199
"3,400",2013-07-10,,1652.6200
"3,401",2013-07-11,,1675.0200
"3,402",2013-07-12,,1680.1899
"3,403",2013-07-15,,1682.5000
"3,404",2013-07-16,,1676.2600
"3,405",2013-07-17,,1680.9100
"3,406",2013-07-18,,1689.3700
"3,407",2013-07-19,,1692.0900
"3,408",2013-07-22,,1695.5300
"3,409",2013-07-23,,1692.3900
"3,410",2013-07-24,,1685.9399
"3,411",2013-07-25,,1690.2500
"3,412",2013-07-26,,1691.6500
"3,413",2013-07-29,,1685.3300
"3,414",2013-07-30,,1685.9600
"3,415",2013-07-31,,1685.7300
"3,416",2013-08-01,,1706.8700
"3,417",2013-08-02,,1709.6700
"3,418",2013-08-05,,1707.1400
"3,419",2013-08-06,,1697.3700
"3,420",2013-08-07,,1690.9100
"3,421",2013-08-08,,1697.4800
"3,422",2013-08-09,,1691.4200
"3,423",2013-08-12,,1689.4700
"3,424",2013-08-13,,1694.1600
"3,425",2013-08-14,,1685.3900
"3,426",2013-08-15,,1661.3199
"3,427",2013-08-16,,1655.8300
"3,428",2013-08-19,,1646.0601
"3,429",2013-08-20,,1652.3500
"3,430",2013-08-21,,1642.8000
"3,431",2013-08-22,,1656.9600
"3,432",2013-08-23,,1663.5000
"3,433",2013-08-26,,1656.7800
"3,434",2013-08-27,,1630.4800
"3,435",2013-08-28,,1634.9600
"3,436",2013-08-29,,1638.1700
"3,437",2013-08-30,,1632.9700
"3,438",2013-09-03,,1639.7700
"3,439",2013-09-04,,1653.0800
"3,440",2013-09-05,,1655.0800
"3,441",2013-09-06,,1655.1700
"3,442",2013-09-09,,1671.7100
"3,443",2013-09-10,,1683.9900
"3,444",2013-09-11,,1689.1300
"3,445",2013-09-12,,1683.4200
"3,446",2013-09-13,,1687.9900
"3,447",2013-09-16,,1697.6000
"3,448",2013-09-17,,1704.7600
"3,449",2013-09-18,,1725.5200
"3,450",2013-09-19,,1722.3400
"3,451",2013-09-20,,1709.9100
"3,452",2013-09-23,,1701.8400
"3,453",2013-09-24,,1697.4200
"3,454",2013-09-25,,1692.7700
"3,455",2013-09-26,,1698.6700
"3,456",2013-09-27,,1691.7500
"3,457",2013-09-30,,1681.5500
"3,458",2013-10-01,,1695.0000
"3,459",2013-10-02,,1693.8700
"3,460",2013-10-03,,1678.6600
"3,461",2013-10-04,,1690.5000
"3,462",2013-10-07,,1676.1200
"3,463",2013-10-08,,1655.4500
"3,464",2013-10-09,,1656.4000
"3,465",2013-10-10,,1692.5601
"3,466",2013-10-11,,1703.2000
"3,467",2013-10-14,,1710.1400
"3,468",2013-10-15,,1698.0601
"3,469",2013-10-16,,1721.5400
"3,470",2013-10-17,,1733.1500
"3,471",2013-10-18,,1744.5000
"3,472",2013-10-21,,1744.6600
"3,473",2013-10-22,,1754.6700
"3,474",2013-10-23,,1746.3800
"3,475",2013-10-24,,1752.0699
"3,476",2013-10-25,,1759.7700
"3,477",2013-10-28,,1762.1100
"3,478",2013-10-29,,1771.9500
"3,479",2013-10-30,,1763.3101
"3,480",2013-10-31,,1756.5400
"3,481",2013-11-01,,1761.6400
"3,482",2013-11-04,,1767.9301
"3,483",2013-11-05,,1762.9700
"3,484",2013-11-06,,1770.4900
"3,485",2013-11-07,,1747.1500
"3,486",2013-11-08,,1770.6100
"3,487",2013-11-11,,1771.8900
"3,488",2013-11-12,,1767.6899
"3,489",2013-11-13,,1782.0000
"3,490",2013-11-14,,1790.6200
"3,491",2013-11-15,,1798.1801
"3,492",2013-11-18,,1791.5300
"3,493",2013-11-19,,1787.8700
"3,494",2013-11-20,,1781.3700
"3,495",2013-11-21,,1795.8500
"3,496",2013-11-22,,1804.7600
"3,497",2013-11-25,,1802.4800
"3,498",2013-11-26,,1802.7500
"3,499",2013-11-27,,1807.2300
"3,500",2013-11-29,,1805.8101
"3,501",2013-12-02,,1800.9000
"3,502",2013-12-03,,1795.1500
"3,503",2013-12-04,,1792.8101
"3,504",2013-12-05,,1785.0300
"3,505",2013-12-06,,1805.0900
"3,506",2013-12-09,,1808.3700
"3,507",2013-12-10,,1802.6200
"3,508",2013-12-11,,1782.2200
"3,509",2013-12-12,,1775.5000
"3,510",2013-12-13,,1775.3199
"3,511",2013-12-16,,1786.5400
"3,512",2013-12-17,,1781.0000
"3,513",2013-12-18,,1810.6500
"3,514",2013-12-19,,1809.6000
"3,515",2013-12-20,,1818.3199
"3,516",2013-12-23,,1827.9900
"3,517",2013-12-24,,1833.3199
"3,518",2013-12-26,,1842.0200
"3,519",2013-12-27,,1841.4000
"3,520",2013-12-30,,1841.0699
"3,521",2013-12-31,,1848.3600
"3,522",2014-01-02,,1831.9800
"3,523",2014-01-03,,1831.3700
"3,524",2014-01-06,,1826.7700
"3,525",2014-01-07,,1837.8800
"3,526",2014-01-08,,1837.4900
"3,527",2014-01-09,,1838.1300
"3,528",2014-01-10,,1842.3700
"3,529",2014-01-13,,1819.2000
"3,530",2014-01-14,,1838.8800
"3,531",2014-01-15,,1848.3800
"3,532",2014-01-16,,1845.8900
"3,533",2014-01-17,,1838.7000
"3,534",2014-01-21,,1843.8000
"3,535",2014-01-22,,1844.8600
"3,536",2014-01-23,,1828.4600
"3,537",2014-01-24,,1790.2900
"3,538",2014-01-27,,1781.5601
"3,539",2014-01-28,,1792.5000
"3,540",2014-01-29,,1774.2000
"3,541",2014-01-30,,1794.1899
"3,542",2014-01-31,,1782.5900
"3,543",2014-02-03,,1741.8900
"3,544",2014-02-04,,1755.2000
"3,545",2014-02-05,,1751.6400
"3,546",2014-02-06,,1773.4301
"3,547",2014-02-07,,1797.0200
"3,548",2014-02-10,,1799.8400
"3,549",2014-02-11,,1819.7500
"3,550",2014-02-12,,1819.2600
"3,551",2014-02-13,,1829.8300
"3,552",2014-02-14,,1838.6300
"3,553",2014-02-18,,1840.7600
"3,554",2014-02-19,,1828.7500
"3,555",2014-02-20,,1839.7800
"3,556",2014-02-21,,1836.2500
"3,557",2014-02-24,,1847.6100
"3,558",2014-02-25,,1845.1200
"3,559",2014-02-26,,1845.1600
"3,560",2014-02-27,,1854.2900
"3,561",2014-02-28,,1859.4500
"3,562",2014-03-03,,1845.7300
"3,563",2014-03-04,,1873.9100
"3,564",2014-03-05,,1873.8101
"3,565",2014-03-06,,1877.0300
"3,566",2014-03-07,,1878.0400
"3,567",2014-03-10,,1877.1700
"3,568",2014-03-11,,1867.6300
"3,569",2014-03-12,,1868.2000
"3,570",2014-03-13,,1846.3400
"3,571",2014-03-14,,1841.1300
"3,572",2014-03-17,,1858.8300
"3,573",2014-03-18,,1872.2500
"3,574",2014-03-19,,1860.7700
"3,575",2014-03-20,,1872.0100
"3,576",2014-03-21,,1866.5200
"3,577",2014-03-24,,1857.4399
"3,578",2014-03-25,,1865.6200
"3,579",2014-03-26,,1852.5601
"3,580",2014-03-27,,1849.0400
"3,581",2014-03-28,,1857.6200
"3,582",2014-03-31,,1872.3400
"3,583",2014-04-01,,1885.5200
"3,584",2014-04-02,,1890.9000
"3,585",2014-04-03,,1888.7700
"3,586",2014-04-04,,1865.0900
"3,587",2014-04-07,,1845.0400
"3,588",2014-04-08,,1851.9600
"3,589",2014-04-09,,1872.1801
"3,590",2014-04-10,,1833.0800
"3,591",2014-04-11,,1815.6899
"3,592",2014-04-14,,1830.6100
"3,593",2014-04-15,,1842.9800
"3,594",2014-04-16,,1862.3101
"3,595",2014-04-17,,1864.8500
"3,596",2014-04-21,,1871.8900
"3,597",2014-04-22,,1879.5500
"3,598",2014-04-23,,1875.3900
"3,599",2014-04-24,,1878.6100
"3,600",2014-04-25,,1863.4000
"3,601",2014-04-28,,1869.4301
"3,602",2014-04-29,,1878.3300
"3,603",2014-04-30,,1883.9500
"3,604",2014-05-01,,1883.6801
"3,605",2014-05-02,,1881.1400
"3,606",2014-05-05,,1884.6600
"3,607",2014-05-06,,1867.7200
"3,608",2014-05-07,,1878.2100
"3,609",2014-05-08,,1875.6300
"3,610",2014-05-09,,1878.4800
"3,611",2014-05-12,,1896.6500
"3,612",2014-05-13,,1897.4500
"3,613",2014-05-14,,1888.5300
"3,614",2014-05-15,,1870.8500
"3,615",2014-05-16,,1877.8600
"3,616",2014-05-19,,1885.0800
"3,617",2014-05-20,,1872.8300
"3,618",2014-05-21,,1888.0300
"3,619",2014-05-22,,1892.4900
"3,620",2014-05-23,,1900.5300
"3,621",2014-05-27,,1911.9100
"3,622",2014-05-28,,1909.7800
"3,623",2014-05-29,,1920.0300
"3,624",2014-05-30,,1923.5699
"3,625",2014-06-02,,1924.9700
"3,626",2014-06-03,,1924.2400
"3,627",2014-06-04,,1927.8800
"3,628",2014-06-05,,1940.4600
"3,629",2014-06-06,,1949.4399
"3,630",2014-06-09,,1951.2700
"3,631",2014-06-10,,1950.7900
"3,632",2014-06-11,,1943.8900
"3,633",2014-06-12,,1930.1100
"3,634",2014-06-13,,1936.1600
"3,635",2014-06-16,,1937.7800
"3,636",2014-06-17,,1941.9900
"3,637",2014-06-18,,1956.9800
"3,638",2014-06-19,,1959.4800
"3,639",2014-06-20,,1962.8700
"3,640",2014-06-23,,1962.6100
"3,641",2014-06-24,,1949.9800
"3,642",2014-06-25,,1959.5300
"3,643",2014-06-26,,1957.2200
"3,644",2014-06-27,,1960.9600
"3,645",2014-06-30,,1960.2300
"3,646",2014-07-01,,1973.3199
"3,647",2014-07-02,,1974.6200
"3,648",2014-07-03,,1985.4399
"3,649",2014-07-07,,1977.6500
"3,650",2014-07-08,,1963.7100
"3,651",2014-07-09,,1972.8300
"3,652",2014-07-10,,1964.6801
"3,653",2014-07-11,,1967.5699
"3,654",2014-07-14,,1977.1000
"3,655",2014-07-15,,1973.2800
"3,656",2014-07-16,,1981.5699
"3,657",2014-07-17,,1958.1200
"3,658",2014-07-18,,1978.2200
"3,659",2014-07-21,,1973.6300
"3,660",2014-07-22,,1983.5300
"3,661",2014-07-23,,1987.0100
"3,662",2014-07-24,,1987.9800
"3,663",2014-07-25,,1978.3400
"3,664",2014-07-28,,1978.9100
"3,665",2014-07-29,,1969.9500
"3,666",2014-07-30,,1970.0699
"3,667",2014-07-31,,1930.6700
"3,668",2014-08-01,,1925.1500
"3,669",2014-08-04,,1938.9900
"3,670",2014-08-05,,1920.2100
"3,671",2014-08-06,,1920.2400
"3,672",2014-08-07,,1909.5699
"3,673",2014-08-08,,1931.5900
"3,674",2014-08-11,,1936.9200
"3,675",2014-08-12,,1933.7500
"3,676",2014-08-13,,1946.7200
"3,677",2014-08-14,,1955.1801
"3,678",2014-08-15,,1955.0601
"3,679",2014-08-18,,1971.7400
"3,680",2014-08-19,,1981.6000
"3,681",2014-08-20,,1986.5100
"3,682",2014-08-21,,1992.3700
"3,683",2014-08-22,,1988.4000
"3,684",2014-08-25,,1997.9200
"3,685",2014-08-26,,2000.0200
"3,686",2014-08-27,,2000.1200
"3,687",2014-08-28,,1996.7400
"3,688",2014-08-29,,2003.3700
"3,689",2014-09-02,,2002.2800
"3,690",2014-09-03,,2000.7200
"3,691",2014-09-04,,1997.6500
"3,692",2014-09-05,,2007.7100
"3,693",2014-09-08,,2001.5400
"3,694",2014-09-09,,1988.4399
"3,695",2014-09-10,,1995.6899
"3,696",2014-09-11,,1997.4500
"3,697",2014-09-12,,1985.5400
"3,698",2014-09-15,,1984.1300
"3,699",2014-09-16,,1998.9800
"3,700",2014-09-17,,2001.5699
"3,701",2014-09-18,,2011.3600
"3,702",2014-09-19,,2010.4000
"3,703",2014-09-22,,1994.2900
"3,704",2014-09-23,,1982.7700
"3,705",2014-09-24,,1998.3000
"3,706",2014-09-25,,1965.9900
"3,707",2014-09-26,,1982.8500
"3,708",2014-09-29,,1977.8000
"3,709",2014-09-30,,1972.2900
"3,710",2014-10-01,,1946.1600
"3,711",2014-10-02,,1946.1700
"3,712",2014-10-03,,1967.9000
"3,713",2014-10-06,,1964.8199
"3,714",2014-10-07,,1935.1000
"3,715",2014-10-08,,1968.8900
"3,716",2014-10-09,,1928.2100
"3,717",2014-10-10,,1906.1300
"3,718",2014-10-13,,1874.7400
"3,719",2014-10-14,,1877.7000
"3,720",2014-10-15,,1862.4900
"3,721",2014-10-16,,1862.7600
"3,722",2014-10-17,,1886.7600
"3,723",2014-10-20,,1904.0100
"3,724",2014-10-21,,1941.2800
"3,725",2014-10-22,,1927.1100
"3,726",2014-10-23,,1950.8199
"3,727",2014-10-24,,1964.5800
"3,728",2014-10-27,,1961.6300
"3,729",2014-10-28,,1985.0500
"3,730",2014-10-29,,1982.3000
"3,731",2014-10-30,,1994.6500
"3,732",2014-10-31,,2018.0500
"3,733",2014-11-03,,2017.8101
"3,734",2014-11-04,,2012.1000
"3,735",2014-11-05,,2023.5699
"3,736",2014-11-06,,2031.2100
"3,737",2014-11-07,,2031.9200
"3,738",2014-11-10,,2038.2600
"3,739",2014-11-11,,2039.6801
"3,740",2014-11-12,,2038.2500
"3,741",2014-11-13,,2039.3300
"3,742",2014-11-14,,2039.8199
"3,743",2014-11-17,,2041.3199
"3,744",2014-11-18,,2051.8000
"3,745",2014-11-19,,2048.7200
"3,746",2014-11-20,,2052.7500
"3,747",2014-11-21,,2063.5000
"3,748",2014-11-24,,2069.4099
"3,749",2014-11-25,,2067.0300
"3,750",2014-11-26,,2072.8301
"3,751",2014-11-28,,2067.5601
"3,752",2014-12-01,,2053.4399
"3,753",2014-12-02,,2066.5500
"3,754",2014-12-03,,2074.3301
"3,755",2014-12-04,,2071.9199
"3,756",2014-12-05,,2075.3701
"3,757",2014-12-08,,2060.3101
"3,758",2014-12-09,,2059.8201
"3,759",2014-12-10,,2026.1400
"3,760",2014-12-11,,2035.3300
"3,761",2014-12-12,,2002.3300
"3,762",2014-12-15,,1989.6300
"3,763",2014-12-16,,1972.7400
"3,764",2014-12-17,,2012.8900
"3,765",2014-12-18,,2061.2300
"3,766",2014-12-19,,2070.6499
"3,767",2014-12-22,,2078.5400
"3,768",2014-12-23,,2082.1699
"3,769",2014-12-24,,2081.8799
"3,770",2014-12-26,,2088.7700
"3,771",2014-12-29,,2090.5701
"3,772",2014-12-30,,2080.3501
"3,773",2014-12-31,,2058.8999
"3,774",2015-01-02,,2058.2000
"3,775",2015-01-05,,2020.5800
"3,776",2015-01-06,,2002.6100
"3,777",2015-01-07,,2025.9000
"3,778",2015-01-08,,2062.1399
"3,779",2015-01-09,,2044.8101
"3,780",2015-01-12,,2028.2600
"3,781",2015-01-13,,2023.0300
"3,782",2015-01-14,,2011.2700
"3,783",2015-01-15,,1992.6700
"3,784",2015-01-16,,2019.4200
"3,785",2015-01-20,,2022.5500
"3,786",2015-01-21,,2032.1200
"3,787",2015-01-22,,2063.1499
"3,788",2015-01-23,,2051.8201
"3,789",2015-01-26,,2057.0901
"3,790",2015-01-27,,2029.5500
"3,791",2015-01-28,,2002.1600
"3,792",2015-01-29,,2021.2500
"3,793",2015-01-30,,1994.9900
"3,794",2015-02-02,,2020.8500
"3,795",2015-02-03,,2050.0300
"3,796",2015-02-04,,2041.5100
"3,797",2015-02-05,,2062.5200
"3,798",2015-02-06,,2055.4700
"3,799",2015-02-09,,2046.7400
"3,800",2015-02-10,,2068.5901
"3,801",2015-02-11,,2068.5300
"3,802",2015-02-12,,2088.4800
"3,803",2015-02-13,,2096.9900
"3,804",2015-02-17,,2100.3401
"3,805",2015-02-18,,2099.6799
"3,806",2015-02-19,,2097.4500
"3,807",2015-02-20,,2110.3000
"3,808",2015-02-23,,2109.6599
"3,809",2015-02-24,,2115.4800
"3,810",2015-02-25,,2113.8601
"3,811",2015-02-26,,2110.7400
"3,812",2015-02-27,,2104.5000
"3,813",2015-03-02,,2117.3899
"3,814",2015-03-03,,2107.7800
"3,815",2015-03-04,,2098.5300
"3,816",2015-03-05,,2101.0400
"3,817",2015-03-06,,2071.2600
"3,818",2015-03-09,,2079.4299
"3,819",2015-03-10,,2044.1600
"3,820",2015-03-11,,2040.2400
"3,821",2015-03-12,,2065.9500
"3,822",2015-03-13,,2053.3999
"3,823",2015-03-16,,2081.1899
"3,824",2015-03-17,,2074.2800
"3,825",2015-03-18,,2099.5000
"3,826",2015-03-19,,2089.2700
"3,827",2015-03-20,,2108.1001
"3,828",2015-03-23,,2104.4199
"3,829",2015-03-24,,2091.5000
"3,830",2015-03-25,,2061.0500
"3,831",2015-03-26,,2056.1499
"3,832",2015-03-27,,2061.0200
"3,833",2015-03-30,,2086.2400
"3,834",2015-03-31,,2067.8899
"3,835",2015-04-01,,2059.6899
"3,836",2015-04-02,,2066.9600
"3,837",2015-04-06,,2080.6201
"3,838",2015-04-07,,2076.3301
"3,839",2015-04-08,,2081.8999
"3,840",2015-04-09,,2091.1799
"3,841",2015-04-10,,2102.0601
"3,842",2015-04-13,,2092.4299
"3,843",2015-04-14,,2095.8401
"3,844",2015-04-15,,2106.6299
"3,845",2015-04-16,,2104.9900
"3,846",2015-04-17,,2081.1799
"3,847",2015-04-20,,2100.3999
"3,848",2015-04-21,,2097.2900
"3,849",2015-04-22,,2107.9600
"3,850",2015-04-23,,2112.9299
"3,851",2015-04-24,,2117.6899
"3,852",2015-04-27,,2108.9199
"3,853",2015-04-28,,2114.7600
"3,854",2015-04-29,,2106.8501
"3,855",2015-04-30,,2085.5100
"3,856",2015-05-01,,2108.2900
"3,857",2015-05-04,,2114.4900
"3,858",2015-05-05,,2089.4600
"3,859",2015-05-06,,2080.1499
"3,860",2015-05-07,,2088.0000
"3,861",2015-05-08,,2116.1001
"3,862",2015-05-11,,2105.3301
"3,863",2015-05-12,,2099.1201
"3,864",2015-05-13,,2098.4800
"3,865",2015-05-14,,2121.1001
"3,866",2015-05-15,,2122.7300
"3,867",2015-05-18,,2129.2000
"3,868",2015-05-19,,2127.8301
"3,869",2015-05-20,,2125.8501
"3,870",2015-05-21,,2130.8201
"3,871",2015-05-22,,2126.0601
"3,872",2015-05-26,,2104.2000
"3,873",2015-05-27,,2123.4800
"3,874",2015-05-28,,2120.7900
"3,875",2015-05-29,,2107.3899
"3,876",2015-06-01,,2111.7300
"3,877",2015-06-02,,2109.6001
"3,878",2015-06-03,,2114.0701
"3,879",2015-06-04,,2095.8401
"3,880",2015-06-05,,2092.8301
"3,881",2015-06-08,,2079.2800
"3,882",2015-06-09,,2080.1499
"3,883",2015-06-10,,2105.2000
"3,884",2015-06-11,,2108.8601
"3,885",2015-06-12,,2094.1101
"3,886",2015-06-15,,2084.4299
"3,887",2015-06-16,,2096.2900
"3,888",2015-06-17,,2100.4399
"3,889",2015-06-18,,2121.2400
"3,890",2015-06-19,,2109.9900
"3,891",2015-06-22,,2122.8501
"3,892",2015-06-23,,2124.2000
"3,893",2015-06-24,,2108.5801
"3,894",2015-06-25,,2102.3101
"3,895",2015-06-26,,2101.6101
"3,896",2015-06-29,,2057.6399
"3,897",2015-06-30,,2063.1101
"3,898",2015-07-01,,2077.4199
"3,899",2015-07-02,,2076.7800
"3,900",2015-07-06,,2068.7600
"3,901",2015-07-07,,2081.3401
"3,902",2015-07-08,,2046.6801
"3,903",2015-07-09,,2051.3101
"3,904",2015-07-10,,2076.6201
"3,905",2015-07-13,,2099.6001
"3,906",2015-07-14,,2108.9500
"3,907",2015-07-15,,2107.3999
"3,908",2015-07-16,,2124.2900
"3,909",2015-07-17,,2126.6399
"3,910",2015-07-20,,2128.2800
"3,911",2015-07-21,,2119.2100
"3,912",2015-07-22,,2114.1499
"3,913",2015-07-23,,2102.1499
"3,914",2015-07-24,,2079.6499
"3,915",2015-07-27,,2067.6399
"3,916",2015-07-28,,2093.2500
"3,917",2015-07-29,,2108.5701
"3,918",2015-07-30,,2108.6299
"3,919",2015-07-31,,2103.8401
"3,920",2015-08-03,,2098.0400
"3,921",2015-08-04,,2093.3201
"3,922",2015-08-05,,2099.8401
"3,923",2015-08-06,,2083.5601
"3,924",2015-08-07,,2077.5701
"3,925",2015-08-10,,2104.1800
"3,926",2015-08-11,,2084.0700
"3,927",2015-08-12,,2086.0500
"3,928",2015-08-13,,2083.3900
"3,929",2015-08-14,,2091.5400
"3,930",2015-08-17,,2102.4400
"3,931",2015-08-18,,2096.9200
"3,932",2015-08-19,,2079.6100
"3,933",2015-08-20,,2035.7300
"3,934",2015-08-21,,1970.8900
"3,935",2015-08-24,,1893.2100
"3,936",2015-08-25,,1867.6100
"3,937",2015-08-26,,1940.5100
"3,938",2015-08-27,,1987.6600
"3,939",2015-08-28,,1988.8700
"3,940",2015-08-31,,1972.1800
"3,941",2015-09-01,,1913.8500
"3,942",2015-09-02,,1948.8600
"3,943",2015-09-03,,1951.1300
"3,944",2015-09-04,,1921.2200
"3,945",2015-09-08,,1969.4100
"3,946",2015-09-09,,1942.0400
"3,947",2015-09-10,,1952.2900
"3,948",2015-09-11,,1961.0500
"3,949",2015-09-14,,1953.0300
"3,950",2015-09-15,,1978.0900
"3,951",2015-09-16,,1995.3100
"3,952",2015-09-17,,1990.2000
"3,953",2015-09-18,,1958.0300
"3,954",2015-09-21,,1966.9700
"3,955",2015-09-22,,1942.7400
"3,956",2015-09-23,,1938.7600
"3,957",2015-09-24,,1932.2400
"3,958",2015-09-25,,1931.3400
"3,959",2015-09-28,,1881.7700
"3,960",2015-09-29,,1884.0900
"3,961",2015-09-30,,1920.0300
"3,962",2015-10-01,,1923.8200
"3,963",2015-10-02,,1951.3600
"3,964",2015-10-05,,1987.0500
"3,965",2015-10-06,,1979.9200
"3,966",2015-10-07,,1995.8300
"3,967",2015-10-08,,2013.4300
"3,968",2015-10-09,,2014.8900
"3,969",2015-10-12,,2017.4600
"3,970",2015-10-13,,2003.6900
"3,971",2015-10-14,,1994.2400
"3,972",2015-10-15,,2023.8600
"3,973",2015-10-16,,2033.1100
"3,974",2015-10-19,,2033.6600
"3,975",2015-10-20,,2030.7700
"3,976",2015-10-21,,2018.9400
"3,977",2015-10-22,,2052.5100
"3,978",2015-10-23,,2075.1500
"3,979",2015-10-26,,2071.1800
"3,980",2015-10-27,,2065.8900
"3,981",2015-10-28,,2090.3500
"3,982",2015-10-29,,2089.4100
"3,983",2015-10-30,,2079.3600
"3,984",2015-11-02,,2104.0500
"3,985",2015-11-03,,2109.7900
"3,986",2015-11-04,,2102.3100
"3,987",2015-11-05,,2099.9300
"3,988",2015-11-06,,2099.2000
"3,989",2015-11-09,,2078.5800
"3,990",2015-11-10,,2081.7200
"3,991",2015-11-11,,2075.0000
"3,992",2015-11-12,,2045.9700
"3,993",2015-11-13,,2023.0400
"3,994",2015-11-16,,2053.1900
"3,995",2015-11-17,,2050.4400
"3,996",2015-11-18,,2083.5800
"3,997",2015-11-19,,2081.2400
"3,998",2015-11-20,,2089.1700
"3,999",2015-11-23,,2086.5900
"4,000",2015-11-24,,2089.1400
"4,001",2015-11-25,,2088.8700
"4,002",2015-11-27,,2090.1100
"4,003",2015-11-30,,2080.4100
"4,004",2015-12-01,,2102.6300
"4,005",2015-12-02,,2079.5100
"4,006",2015-12-03,,2049.6200
"4,007",2015-12-04,,2091.6900
"4,008",2015-12-07,,2077.0700
"4,009",2015-12-08,,2063.5900
"4,010",2015-12-09,,2047.6200
"4,011",2015-12-10,,2052.2300
"4,012",2015-12-11,,2012.3700
"4,013",2015-12-14,,2021.9400
"4,014",2015-12-15,,2043.4100
"4,015",2015-12-16,,2073.0700
"4,016",2015-12-17,,2041.8900
"4,017",2015-12-18,,2005.5500
"4,018",2015-12-21,,2021.1500
"4,019",2015-12-22,,2038.9700
"4,020",2015-12-23,,2064.2900
"4,021",2015-12-24,,2060.9900
"4,022",2015-12-28,,2056.5000
"4,023",2015-12-29,,2078.3600
"4,024",2015-12-30,,2063.3600
"4,025",2015-12-31,,2043.9400
"4,026",2016-01-04,,2012.6600
"4,027",2016-01-05,,2016.7100
"4,028",2016-01-06,,1990.2600
"4,029",2016-01-07,,1943.0900
"4,030",2016-01-08,,1922.0300
"4,031",2016-01-11,,1923.6700
"4,032",2016-01-12,,1938.6800
"4,033",2016-01-13,,1890.2800
"4,034",2016-01-14,,1921.8400
"4,035",2016-01-15,,1880.3300
"4,036",2016-01-19,,1881.3300
"4,037",2016-01-20,,1859.3300
"4,038",2016-01-21,,1868.9900
"4,039",2016-01-22,,1906.9000
"4,040",2016-01-25,,1877.0800
"4,041",2016-01-26,,1903.6300
"4,042",2016-01-27,,1882.9500
"4,043",2016-01-28,,1893.3600
"4,044",2016-01-29,,1940.2400
"4,045",2016-02-01,,1939.3800
"4,046",2016-02-02,,1903.0300
"4,047",2016-02-03,,1912.5300
"4,048",2016-02-04,,1915.4500
"4,049",2016-02-05,,1880.0500
"4,050",2016-02-08,,1853.4400
"4,051",2016-02-09,,1852.2100
"4,052",2016-02-10,,1851.8600
"4,053",2016-02-11,,1829.0800
"4,054",2016-02-12,,1864.7800
"4,055",2016-02-16,,1895.5800
"4,056",2016-02-17,,1926.8200
"4,057",2016-02-18,,1917.8300
"4,058",2016-02-19,,1917.7800
"4,059",2016-02-22,,1945.5000
"4,060",2016-02-23,,1921.2700
"4,061",2016-02-24,,1929.8000
"4,062",2016-02-25,,1951.7000
"4,063",2016-02-26,,1948.0500
"4,064",2016-02-29,,1932.2300
"4,065",2016-03-01,,1978.3500
"4,066",2016-03-02,,1986.4500
"4,067",2016-03-03,,1993.4000
"4,068",2016-03-04,,1999.9900
"4,069",2016-03-07,,2001.7600
"4,070",2016-03-08,,1979.2600
"4,071",2016-03-09,,1989.2600
"4,072",2016-03-10,,1989.5700
"4,073",2016-03-11,,2022.1900
"4,074",2016-03-14,,2019.6400
"4,075",2016-03-15,,2015.9300
"4,076",2016-03-16,,2027.2200
"4,077",2016-03-17,,2040.5900
"4,078",2016-03-18,,2049.5800
"4,079",2016-03-21,,2051.6000
"4,080",2016-03-22,,2049.8000
"4,081",2016-03-23,,2036.7100
"4,082",2016-03-24,,2035.9400
"4,083",2016-03-28,,2037.0500
"4,084",2016-03-29,,2055.0100
"4,085",2016-03-30,,2063.9500
"4,086",2016-03-31,,2059.7400
"4,087",2016-04-01,,2072.7800
"4,088",2016-04-04,,2066.1300
"4,089",2016-04-05,,2045.1700
"4,090",2016-04-06,,2066.6600
"4,091",2016-04-07,,2041.9100
"4,092",2016-04-08,,2047.6000
"4,093",2016-04-11,,2041.9900
"4,094",2016-04-12,,2061.7200
"4,095",2016-04-13,,2082.4200
"4,096",2016-04-14,,2082.7800
"4,097",2016-04-15,,2080.7300
"4,098",2016-04-18,,2094.3400
"4,099",2016-04-19,,2100.8000
"4,100",2016-04-20,,2102.4000
"4,101",2016-04-21,,2091.4800
"4,102",2016-04-22,,2091.5800
"4,103",2016-04-25,,2087.7900
"4,104",2016-04-26,,2091.7000
"4,105",2016-04-27,,2095.1500
"4,106",2016-04-28,,2075.8100
"4,107",2016-04-29,,2065.3000
"4,108",2016-05-02,,2081.4300
"4,109",2016-05-03,,2063.3700
"4,110",2016-05-04,,2051.1200
"4,111",2016-05-05,,2050.6300
"4,112",2016-05-06,,2057.1400
"4,113",2016-05-09,,2058.6900
"4,114",2016-05-10,,2084.3900
"4,115",2016-05-11,,2064.4600
"4,116",2016-05-12,,2064.1100
"4,117",2016-05-13,,2046.6100
"4,118",2016-05-16,,2066.6600
"4,119",2016-05-17,,2047.2100
"4,120",2016-05-18,,2047.6300
"4,121",2016-05-19,,2040.0400
"4,122",2016-05-20,,2052.3200
"4,123",2016-05-23,,2048.0400
"4,124",2016-05-24,,2076.0600
"4,125",2016-05-25,,2090.5400
"4,126",2016-05-26,,2090.1000
"4,127",2016-05-27,,2099.0600
"4,128",2016-05-31,,2096.9600
"4,129",2016-06-01,,2099.3300
"4,130",2016-06-02,,2105.2600
"4,131",2016-06-03,,2099.1300
"4,132",2016-06-06,,2109.4100
"4,133",2016-06-07,,2112.1300
"4,134",2016-06-08,,2119.1200
"4,135",2016-06-09,,2115.4800
"4,136",2016-06-10,,2096.0700
"4,137",2016-06-13,,2079.0600
"4,138",2016-06-14,,2075.3200
"4,139",2016-06-15,,2071.5000
"4,140",2016-06-16,,2077.9900
"4,141",2016-06-17,,2071.2200
"4,142",2016-06-20,,2083.2500
"4,143",2016-06-21,,2088.9000
"4,144",2016-06-22,,2085.4500
"4,145",2016-06-23,,2113.3200
"4,146",2016-06-24,,2037.4100
"4,147",2016-06-27,,2000.5400
"4,148",2016-06-28,,2036.0900
"4,149",2016-06-29,,2070.7700
"4,150",2016-06-30,,2098.8600
"4,151",2016-07-01,,2102.9500
"4,152",2016-07-05,,2088.5500
"4,153",2016-07-06,,2099.7300
"4,154",2016-07-07,,2097.9000
"4,155",2016-07-08,,2129.9000
"4,156",2016-07-11,,2137.1600
"4,157",2016-07-12,,2152.1400
"4,158",2016-07-13,,2152.4300
"4,159",2016-07-14,,2163.7500
"4,160",2016-07-15,,2161.7400
"4,161",2016-07-18,,2166.8900
"4,162",2016-07-19,,2163.7800
"4,163",2016-07-20,,2173.0200
"4,164",2016-07-21,,2165.1700
"4,165",2016-07-22,,2175.0300
"4,166",2016-07-25,,2168.4800
"4,167",2016-07-26,,2169.1800
"4,168",2016-07-27,,2166.5800
"4,169",2016-07-28,,2170.0600
"4,170",2016-07-29,,2173.6000
"4,171",2016-08-01,,2170.8400
"4,172",2016-08-02,,2157.0300
"4,173",2016-08-03,,2163.7900
"4,174",2016-08-04,,2164.2500
"4,175",2016-08-05,,2182.8700
"4,176",2016-08-08,,2180.8900
"4,177",2016-08-09,,2181.7400
"4,178",2016-08-10,,2175.4900
"4,179",2016-08-11,,2185.7900
"4,180",2016-08-12,,2184.0500
"4,181",2016-08-15,,2190.1500
"4,182",2016-08-16,,2178.1500
"4,183",2016-08-17,,2182.2200
"4,184",2016-08-18,,2187.0200
"4,185",2016-08-19,,2183.8701
"4,186",2016-08-22,,2182.6399
"4,187",2016-08-23,,2186.8999
"4,188",2016-08-24,,2175.4399
"4,189",2016-08-25,,2172.4700
"4,190",2016-08-26,,2169.0400
"4,191",2016-08-29,,2180.3799
"4,192",2016-08-30,,2176.1201
"4,193",2016-08-31,,2170.9500
"4,194",2016-09-01,,2170.8601
"4,195",2016-09-02,,2179.9800
"4,196",2016-09-06,,2186.4800
"4,197",2016-09-07,,2186.1599
"4,198",2016-09-08,,2181.3000
"4,199",2016-09-09,,2127.8101
"4,200",2016-09-12,,2159.0400
"4,201",2016-09-13,,2127.0200
"4,202",2016-09-14,,2125.7700
"4,203",2016-09-15,,2147.2600
"4,204",2016-09-16,,2139.1599
"4,205",2016-09-19,,2139.1201
"4,206",2016-09-20,,2139.7600
"4,207",2016-09-21,,2163.1201
"4,208",2016-09-22,,2177.1799
"4,209",2016-09-23,,2164.6899
"4,210",2016-09-26,,2146.1001
"4,211",2016-09-27,,2159.9299
"4,212",2016-09-28,,2171.3701
"4,213",2016-09-29,,2151.1299
"4,214",2016-09-30,,2168.2700
"4,215",2016-10-03,,2161.2000
"4,216",2016-10-04,,2150.4900
"4,217",2016-10-05,,2159.7300
"4,218",2016-10-06,,2160.7700
"4,219",2016-10-07,,2153.7400
"4,220",2016-10-10,,2163.6599
"4,221",2016-10-11,,2136.7300
"4,222",2016-10-12,,2139.1799
"4,223",2016-10-13,,2132.5500
"4,224",2016-10-14,,2132.9800
"4,225",2016-10-17,,2126.5000
"4,226",2016-10-18,,2139.6001
"4,227",2016-10-19,,2144.2900
"4,228",2016-10-20,,2141.3401
"4,229",2016-10-21,,2141.1599
"4,230",2016-10-24,,2151.3301
"4,231",2016-10-25,,2143.1599
"4,232",2016-10-26,,2139.4299
"4,233",2016-10-27,,2133.0400
"4,234",2016-10-28,,2126.4099
"4,235",2016-10-31,,2126.1499
"4,236",2016-11-01,,2111.7200
"4,237",2016-11-02,,2097.9399
"4,238",2016-11-03,,2088.6599
"4,239",2016-11-04,,2085.1799
"4,240",2016-11-07,,2131.5200
"4,241",2016-11-08,,2139.5601
"4,242",2016-11-09,,2163.2600
"4,243",2016-11-10,,2167.4800
"4,244",2016-11-11,,2164.4500
"4,245",2016-11-14,,2164.2000
"4,246",2016-11-15,,2180.3899
"4,247",2016-11-16,,2176.9399
"4,248",2016-11-17,,2187.1201
"4,249",2016-11-18,,2181.8999
"4,250",2016-11-21,,2198.1799
"4,251",2016-11-22,,2202.9399
"4,252",2016-11-23,,2204.7200
"4,253",2016-11-25,,2213.3501
"4,254",2016-11-28,,2201.7200
"4,255",2016-11-29,,2204.6599
"4,256",2016-11-30,,2198.8101
"4,257",2016-12-01,,2191.0801
"4,258",2016-12-02,,2191.9500
"4,259",2016-12-05,,2204.7100
"4,260",2016-12-06,,2212.2300
"4,261",2016-12-07,,2241.3501
"4,262",2016-12-08,,2246.1899
"4,263",2016-12-09,,2259.5300
"4,264",2016-12-12,,2256.9600
"4,265",2016-12-13,,2271.7200
"4,266",2016-12-14,,2253.2800
"4,267",2016-12-15,,2262.0300
"4,268",2016-12-16,,2258.0700
"4,269",2016-12-19,,2262.5300
"4,270",2016-12-20,,2270.7600
"4,271",2016-12-21,,2265.1799
"4,272",2016-12-22,,2260.9600
"4,273",2016-12-23,,2263.7900
"4,274",2016-12-27,,2268.8799
"4,275",2016-12-28,,2249.9199
"4,276",2016-12-29,,2249.2600
"4,277",2016-12-30,,2238.8301
"4,278",2017-01-03,,2257.8301
"4,279",2017-01-04,,2270.7500
"4,280",2017-01-05,,2269.0000
"4,281",2017-01-06,,2276.9800
"4,282",2017-01-09,,2268.8999
"4,283",2017-01-10,,2268.8999
"4,284",2017-01-11,,2275.3201
"4,285",2017-01-12,,2270.4399
"4,286",2017-01-13,,2274.6399
"4,287",2017-01-17,,2267.8899
"4,288",2017-01-18,,2271.8899
"4,289",2017-01-19,,2263.6899
"4,290",2017-01-20,,2271.3101
"4,291",2017-01-23,,2265.2000
"4,292",2017-01-24,,2280.0701
"4,293",2017-01-25,,2298.3701
"4,294",2017-01-26,,2296.6799
"4,295",2017-01-27,,2294.6899
"4,296",2017-01-30,,2280.8999
"4,297",2017-01-31,,2278.8701
"4,298",2017-02-01,,2279.5500
"4,299",2017-02-02,,2280.8501
"4,300",2017-02-03,,2297.4199
"4,301",2017-02-06,,2292.5601
"4,302",2017-02-07,,2293.0801
"4,303",2017-02-08,,2294.6699
"4,304",2017-02-09,,2307.8701
"4,305",2017-02-10,,2316.1001
"4,306",2017-02-13,,2328.2500
"4,307",2017-02-14,,2337.5801
"4,308",2017-02-15,,2349.2500
"4,309",2017-02-16,,2347.2200
"4,310",2017-02-17,,2351.1599
"4,311",2017-02-21,,2365.3799
"4,312",2017-02-22,,2362.8201
"4,313",2017-02-23,,2363.8101
"4,314",2017-02-24,,2367.3401
"4,315",2017-02-27,,2369.7300
"4,316",2017-02-28,,2363.6399
"4,317",2017-03-01,,2395.9600
"4,318",2017-03-02,,2381.9199
"4,319",2017-03-03,,2383.1201
"4,320",2017-03-06,,2375.3101
"4,321",2017-03-07,,2368.3899
"4,322",2017-03-08,,2362.9800
"4,323",2017-03-09,,2364.8701
"4,324",2017-03-10,,2372.6001
"4,325",2017-03-13,,2373.4700
"4,326",2017-03-14,,2365.4500
"4,327",2017-03-15,,2385.2600
"4,328",2017-03-16,,2381.3799
"4,329",2017-03-17,,2378.2500
"4,330",2017-03-20,,2373.4700
"4,331",2017-03-21,,2344.0200
"4,332",2017-03-22,,2348.4500
"4,333",2017-03-23,,2345.9600
"4,334",2017-03-24,,2343.9800
"4,335",2017-03-27,,2341.5901
"4,336",2017-03-28,,2358.5701
"4,337",2017-03-29,,2361.1299
"4,338",2017-03-30,,2368.0601
"4,339",2017-03-31,,2362.7200
"4,340",2017-04-03,,2358.8401
"4,341",2017-04-04,,2360.1599
"4,342",2017-04-05,,2352.9500
"4,343",2017-04-06,,2357.4900
"4,344",2017-04-07,,2355.5400
"4,345",2017-04-10,,2357.1599
"4,346",2017-04-11,,2353.7800
"4,347",2017-04-12,,2344.9299
"4,348",2017-04-13,,2328.9500
"4,349",2017-04-17,,2349.0100
"4,350",2017-04-18,,2342.1899
"4,351",2017-04-19,,2338.1699
"4,352",2017-04-20,,2355.8401
"4,353",2017-04-21,,2348.6899
"4,354",2017-04-24,,2374.1499
"4,355",2017-04-25,,2388.6101
"4,356",2017-04-26,,2387.4500
"4,357",2017-04-27,,2388.7700
"4,358",2017-04-28,,2384.2000
"4,359",2017-05-01,,2388.3301
"4,360",2017-05-02,,2391.1699
"4,361",2017-05-03,,2388.1299
"4,362",2017-05-04,,2389.5200
"4,363",2017-05-05,,2399.2900
"4,364",2017-05-08,,2399.3799
"4,365",2017-05-09,,2396.9199
"4,366",2017-05-10,,2399.6299
"4,367",2017-05-11,,2394.4399
"4,368",2017-05-12,,2390.8999
"4,369",2017-05-15,,2402.3201
"4,370",2017-05-16,,2400.6699
"4,371",2017-05-17,,2357.0300
"4,372",2017-05-18,,2365.7200
"4,373",2017-05-19,,2381.7300
"4,374",2017-05-22,,2394.0200
"4,375",2017-05-23,,2398.4199
"4,376",2017-05-24,,2404.3899
"4,377",2017-05-25,,2415.0701
"4,378",2017-05-26,,2415.8201
"4,379",2017-05-30,,2412.9099
"4,380",2017-05-31,,2411.8000
"4,381",2017-06-01,,2430.0601
"4,382",2017-06-02,,2439.0701
"4,383",2017-06-05,,2436.1001
"4,384",2017-06-06,,2429.3301
"4,385",2017-06-07,,2433.1399
"4,386",2017-06-08,,2433.7900
"4,387",2017-06-09,,2431.7700
"4,388",2017-06-12,,2429.3899
"4,389",2017-06-13,,2440.3501
"4,390",2017-06-14,,2437.9199
"4,391",2017-06-15,,2432.4600
"4,392",2017-06-16,,2433.1499
"4,393",2017-06-19,,2453.4600
"4,394",2017-06-20,,2437.0300
"4,395",2017-06-21,,2435.6101
"4,396",2017-06-22,,2434.5000
"4,397",2017-06-23,,2438.3000
"4,398",2017-06-26,,2439.0701
"4,399",2017-06-27,,2419.3799
"4,400",2017-06-28,,2440.6899
"4,401",2017-06-29,,2419.7000
"4,402",2017-06-30,,2423.4100
"4,403",2017-07-03,,2429.0100
"4,404",2017-07-05,,2432.5400
"4,405",2017-07-06,,2409.7500
"4,406",2017-07-07,,2425.1799
"4,407",2017-07-10,,2427.4299
"4,408",2017-07-11,,2425.5300
"4,409",2017-07-12,,2443.2500
"4,410",2017-07-13,,2447.8301
"4,411",2017-07-14,,2459.2700
"4,412",2017-07-17,,2459.1399
"4,413",2017-07-18,,2460.6101
"4,414",2017-07-19,,2473.8301
"4,415",2017-07-20,,2473.4500
"4,416",2017-07-21,,2472.5400
"4,417",2017-07-24,,2469.9099
"4,418",2017-07-25,,2477.1299
"4,419",2017-07-26,,2477.8301
"4,420",2017-07-27,,2475.4199
"4,421",2017-07-28,,2472.1001
"4,422",2017-07-31,,2470.3000
"4,423",2017-08-01,,2476.3501
"4,424",2017-08-02,,2477.5701
"4,425",2017-08-03,,2472.1599
"4,426",2017-08-04,,2476.8301
"4,427",2017-08-07,,2480.9099
"4,428",2017-08-08,,2474.9199
"4,429",2017-08-09,,2474.0200
"4,430",2017-08-10,,2438.2100
"4,431",2017-08-11,,2441.3201
"4,432",2017-08-14,,2465.8401
"4,433",2017-08-15,,2464.6101
"4,434",2017-08-16,,2468.1101
"4,435",2017-08-17,,2430.0100
"4,436",2017-08-18,,2425.5500
"4,437",2017-08-21,,2428.3701
"4,438",2017-08-22,,2452.5100
"4,439",2017-08-23,,2444.0400
"4,440",2017-08-24,,2438.9700
"4,441",2017-08-25,,2443.0500
"4,442",2017-08-28,,2444.2400
"4,443",2017-08-29,,2446.3000
"4,444",2017-08-30,,2457.5901
"4,445",2017-08-31,,2471.6499
"4,446",2017-09-01,,2476.5500
"4,447",2017-09-05,,2457.8501
"4,448",2017-09-06,,2465.5400
"4,449",2017-09-07,,2465.1001
"4,450",2017-09-08,,2461.4299
"4,451",2017-09-11,,2488.1101
"4,452",2017-09-12,,2496.4800
"4,453",2017-09-13,,2498.3701
"4,454",2017-09-14,,2495.6201
"4,455",2017-09-15,,2500.2300
"4,456",2017-09-18,,2503.8701
"4,457",2017-09-19,,2506.6499
"4,458",2017-09-20,,2508.2400
"4,459",2017-09-21,,2500.6001
"4,460",2017-09-22,,2502.2200
"4,461",2017-09-25,,2496.6599
"4,462",2017-09-26,,2496.8401
"4,463",2017-09-27,,2507.0400
"4,464",2017-09-28,,2510.0601
"4,465",2017-09-29,,2519.3601
"4,466",2017-10-02,,2529.1201
"4,467",2017-10-03,,2534.5801
"4,468",2017-10-04,,2537.7400
"4,469",2017-10-05,,2552.0701
"4,470",2017-10-06,,2549.3301
"4,471",2017-10-09,,2544.7300
"4,472",2017-10-10,,2550.6399
"4,473",2017-10-11,,2555.2400
"4,474",2017-10-12,,2550.9299
"4,475",2017-10-13,,2553.1699
"4,476",2017-10-16,,2557.6399
"4,477",2017-10-17,,2559.3601
"4,478",2017-10-18,,2561.2600
"4,479",2017-10-19,,2562.1001
"4,480",2017-10-20,,2575.2100
"4,481",2017-10-23,,2564.9800
"4,482",2017-10-24,,2569.1299
"4,483",2017-10-25,,2557.1499
"4,484",2017-10-26,,2560.3999
"4,485",2017-10-27,,2581.0701
"4,486",2017-10-30,,2572.8301
"4,487",2017-10-31,,2575.2600
"4,488",2017-11-01,,2579.3601
"4,489",2017-11-02,,2579.8501
"4,490",2017-11-03,,2587.8401
"4,491",2017-11-06,,2591.1299
"4,492",2017-11-07,,2590.6399
"4,493",2017-11-08,,2594.3799
"4,494",2017-11-09,,2584.6201
"4,495",2017-11-10,,2582.3000
"4,496",2017-11-13,,2584.8401
"4,497",2017-11-14,,2578.8701
"4,498",2017-11-15,,2564.6201
"4,499",2017-11-16,,2585.6399
"4,500",2017-11-17,,2578.8501
"4,501",2017-11-20,,2582.1399
"4,502",2017-11-21,,2599.0300
"4,503",2017-11-22,,2597.0801
"4,504",2017-11-24,,2602.4199
"4,505",2017-11-27,,2601.4199
"4,506",2017-11-28,,2627.0400
"4,507",2017-11-29,,2626.0701
"4,508",2017-11-30,,2647.5801
"4,509",2017-12-01,,2642.2200
"4,510",2017-12-04,,2639.4399
"4,511",2017-12-05,,2629.5701
"4,512",2017-12-06,,2629.2700
"4,513",2017-12-07,,2636.9800
"4,514",2017-12-08,,2651.5000
"4,515",2017-12-11,,2659.9900
"4,516",2017-12-12,,2664.1101
"4,517",2017-12-13,,2662.8501
"4,518",2017-12-14,,2652.0100
"4,519",2017-12-15,,2675.8101
"4,520",2017-12-18,,2690.1599
"4,521",2017-12-19,,2681.4700
"4,522",2017-12-20,,2679.2500
"4,523",2017-12-21,,2684.5701
"4,524",2017-12-22,,2683.3401
"4,525",2017-12-26,,2680.5000
"4,526",2017-12-27,,2682.6201
"4,527",2017-12-28,,2687.5400
"4,528",2017-12-29,,2673.6101
"4,529",2018-01-02,,2695.8101
"4,530",2018-01-03,,2713.0601
"4,531",2018-01-04,,2723.9900
"4,532",2018-01-05,,2743.1499
"4,533",2018-01-08,,2747.7100
"4,534",2018-01-09,,2751.2900
"4,535",2018-01-10,,2748.2300
"4,536",2018-01-11,,2767.5601
"4,537",2018-01-12,,2786.2400
"4,538",2018-01-16,,2776.4199
"4,539",2018-01-17,,2802.5601
"4,540",2018-01-18,,2798.0300
"4,541",2018-01-19,,2810.3000
"4,542",2018-01-22,,2832.9700
"4,543",2018-01-23,,2839.1299
"4,544",2018-01-24,,2837.5400
"4,545",2018-01-25,,2839.2500
"4,546",2018-01-26,,2872.8701
"4,547",2018-01-29,,2853.5300
"4,548",2018-01-30,,2822.4299
"4,549",2018-01-31,,2823.8101
"4,550",2018-02-01,,2821.9800
"4,551",2018-02-02,,2762.1299
"4,552",2018-02-05,,2648.9399
"4,553",2018-02-06,,2695.1399
"4,554",2018-02-07,,2681.6599
"4,555",2018-02-08,,2581.0000
"4,556",2018-02-09,,2619.5500
"4,557",2018-02-12,,2656.0000
"4,558",2018-02-13,,2662.9399
"4,559",2018-02-14,,2698.6299
"4,560",2018-02-15,,2731.2000
"4,561",2018-02-16,,2732.2200
"4,562",2018-02-20,,2716.2600
"4,563",2018-02-21,,2701.3301
"4,564",2018-02-22,,2703.9600
"4,565",2018-02-23,,2747.3000
"4,566",2018-02-26,,2779.6001
"4,567",2018-02-27,,2744.2800
"4,568",2018-02-28,,2713.8301
"4,569",2018-03-01,,2677.6699
"4,570",2018-03-02,,2691.2500
"4,571",2018-03-05,,2720.9399
"4,572",2018-03-06,,2728.1201
"4,573",2018-03-07,,2726.8000
"4,574",2018-03-08,,2738.9700
"4,575",2018-03-09,,2786.5701
"4,576",2018-03-12,,2783.0200
"4,577",2018-03-13,,2765.3101
"4,578",2018-03-14,,2749.4800
"4,579",2018-03-15,,2747.3301
"4,580",2018-03-16,,2752.0100
"4,581",2018-03-19,,2712.9199
"4,582",2018-03-20,,2716.9399
"4,583",2018-03-21,,2711.9299
"4,584",2018-03-22,,2643.6899
"4,585",2018-03-23,,2588.2600
"4,586",2018-03-26,,2658.5500
"4,587",2018-03-27,,2612.6201
"4,588",2018-03-28,,2605.0000
"4,589",2018-03-29,,2640.8701
"4,590",2018-04-02,,2581.8799
"4,591",2018-04-03,,2614.4500
"4,592",2018-04-04,,2644.6899
"4,593",2018-04-05,,2662.8401
"4,594",2018-04-06,,2604.4700
"4,595",2018-04-09,,2613.1599
"4,596",2018-04-10,,2656.8701
"4,597",2018-04-11,,2642.1899
"4,598",2018-04-12,,2663.9900
"4,599",2018-04-13,,2656.3000
"4,600",2018-04-16,,2677.8401
"4,601",2018-04-17,,2706.3899
"4,602",2018-04-18,,2708.6399
"4,603",2018-04-19,,2693.1299
"4,604",2018-04-20,,2670.1399
"4,605",2018-04-23,,2670.2900
"4,606",2018-04-24,,2634.5601
"4,607",2018-04-25,,2639.3999
"4,608",2018-04-26,,2666.9399
"4,609",2018-04-27,,2669.9099
"4,610",2018-04-30,,2648.0500
"4,611",2018-05-01,,2654.8000
"4,612",2018-05-02,,2635.6699
"4,613",2018-05-03,,2629.7300
"4,614",2018-05-04,,2663.4199
"4,615",2018-05-07,,2672.6299
"4,616",2018-05-08,,2671.9199
"4,617",2018-05-09,,2697.7900
"4,618",2018-05-10,,2723.0701
"4,619",2018-05-11,,2727.7200
"4,620",2018-05-14,,2730.1299
"4,621",2018-05-15,,2711.4500
"4,622",2018-05-16,,2722.4600
"4,623",2018-05-17,,2720.1299
"4,624",2018-05-18,,2712.9700
"4,625",2018-05-21,,2733.0100
"4,626",2018-05-22,,2724.4399
"4,627",2018-05-23,,2733.2900
"4,628",2018-05-24,,2727.7600
"4,629",2018-05-25,,2721.3301
"4,630",2018-05-29,,2689.8601
"4,631",2018-05-30,,2724.0100
"4,632",2018-05-31,,2705.2700
"4,633",2018-06-01,,2734.6201
"4,634",2018-06-04,,2746.8701
"4,635",2018-06-05,,2748.8000
"4,636",2018-06-06,,2772.3501
"4,637",2018-06-07,,2770.3701
"4,638",2018-06-08,,2779.0300
"4,639",2018-06-11,,2782.0000
"4,640",2018-06-12,,2786.8501
"4,641",2018-06-13,,2775.6299
"4,642",2018-06-14,,2782.4900
"4,643",2018-06-15,,2779.6599
"4,644",2018-06-18,,2773.7500
"4,645",2018-06-19,,2762.5901
"4,646",2018-06-20,,2767.3201
"4,647",2018-06-21,,2749.7600
"4,648",2018-06-22,,2754.8799
"4,649",2018-06-25,,2717.0701
"4,650",2018-06-26,,2723.0601
"4,651",2018-06-27,,2699.6299
"4,652",2018-06-28,,2716.3101
"4,653",2018-06-29,,2718.3701
"4,654",2018-07-02,,2726.7100
"4,655",2018-07-03,,2713.2200
"4,656",2018-07-05,,2736.6101
"4,657",2018-07-06,,2759.8201
"4,658",2018-07-09,,2784.1699
"4,659",2018-07-10,,2793.8401
"4,660",2018-07-11,,2774.0200
"4,661",2018-07-12,,2798.2900
"4,662",2018-07-13,,2801.3101
"4,663",2018-07-16,,2798.4299
"4,664",2018-07-17,,2809.5500
"4,665",2018-07-18,,2815.6201
"4,666",2018-07-19,,2804.4900
"4,667",2018-07-20,,2801.8301
"4,668",2018-07-23,,2806.9800
"4,669",2018-07-24,,2820.3999
"4,670",2018-07-25,,2846.0701
"4,671",2018-07-26,,2837.4399
"4,672",2018-07-27,,2818.8201
"4,673",2018-07-30,,2802.6001
"4,674",2018-07-31,,2816.2900
"4,675",2018-08-01,,2813.3601
"4,676",2018-08-02,,2827.2200
"4,677",2018-08-03,,2840.3501
"4,678",2018-08-06,,2850.3999
"4,679",2018-08-07,,2858.4500
"4,680",2018-08-08,,2857.7000
"4,681",2018-08-09,,2853.5801
"4,682",2018-08-10,,2833.2800
"4,683",2018-08-13,,2821.9299
"4,684",2018-08-14,,2839.9600
"4,685",2018-08-15,,2818.3701
"4,686",2018-08-16,,2840.6899
"4,687",2018-08-17,,2850.1299
"4,688",2018-08-20,,2857.0500
"4,689",2018-08-21,,2862.9600
"4,690",2018-08-22,,2861.8201
"4,691",2018-08-23,,2856.9800
"4,692",2018-08-24,,2874.6899
"4,693",2018-08-27,,2896.7400
"4,694",2018-08-28,,2897.5200
"4,695",2018-08-29,,2914.0400
"4,696",2018-08-30,,2901.1299
"4,697",2018-08-31,,2901.5200
"4,698",2018-09-04,,2896.7200
"4,699",2018-09-05,,2888.6001
"4,700",2018-09-06,,2878.0500
"4,701",2018-09-07,,2871.6799
"4,702",2018-09-10,,2877.1299
"4,703",2018-09-11,,2887.8899
"4,704",2018-09-12,,2888.9199
"4,705",2018-09-13,,2904.1799
"4,706",2018-09-14,,2904.9800
"4,707",2018-09-17,,2888.8000
"4,708",2018-09-18,,2904.3101
"4,709",2018-09-19,,2907.9500
"4,710",2018-09-20,,2930.7500
"4,711",2018-09-21,,2929.6699
"4,712",2018-09-24,,2919.3701
"4,713",2018-09-25,,2915.5601
"4,714",2018-09-26,,2905.9700
"4,715",2018-09-27,,2914.0000
"4,716",2018-09-28,,2913.9800
"4,717",2018-10-01,,2924.5901
"4,718",2018-10-02,,2923.4299
"4,719",2018-10-03,,2925.5100
"4,720",2018-10-04,,2901.6101
"4,721",2018-10-05,,2885.5701
"4,722",2018-10-08,,2884.4299
"4,723",2018-10-09,,2880.3401
"4,724",2018-10-10,,2785.6799
"4,725",2018-10-11,,2728.3701
"4,726",2018-10-12,,2767.1299
"4,727",2018-10-15,,2750.7900
"4,728",2018-10-16,,2809.9199
"4,729",2018-10-17,,2809.2100
"4,730",2018-10-18,,2768.7800
"4,731",2018-10-19,,2767.7800
"4,732",2018-10-22,,2755.8799
"4,733",2018-10-23,,2740.6899
"4,734",2018-10-24,,2656.1001
"4,735",2018-10-25,,2705.5701
"4,736",2018-10-26,,2658.6899
"4,737",2018-10-29,,2641.2500
"4,738",2018-10-30,,2682.6299
"4,739",2018-10-31,,2711.7400
"4,740",2018-11-01,,2740.3701
"4,741",2018-11-02,,2723.0601
"4,742",2018-11-05,,2738.3101
"4,743",2018-11-06,,2755.4500
"4,744",2018-11-07,,2813.8899
"4,745",2018-11-08,,2806.8301
"4,746",2018-11-09,,2781.0100
"4,747",2018-11-12,,2726.2200
"4,748",2018-11-13,,2722.1799
"4,749",2018-11-14,,2701.5801
"4,750",2018-11-15,,2730.2000
"4,751",2018-11-16,,2736.2700
"4,752",2018-11-19,,2690.7300
"4,753",2018-11-20,,2641.8899
"4,754",2018-11-21,,2649.9299
"4,755",2018-11-23,,2632.5601
"4,756",2018-11-26,,2673.4500
"4,757",2018-11-27,,2682.1699
"4,758",2018-11-28,,2743.7900
"4,759",2018-11-29,,2737.8000
"4,760",2018-11-30,,2760.1699
"4,761",2018-12-03,,2790.3701
"4,762",2018-12-04,,2700.0601
"4,763",2018-12-06,,2695.9500
"4,764",2018-12-07,,2633.0801
"4,765",2018-12-10,,2637.7200
"4,766",2018-12-11,,2636.7800
"4,767",2018-12-12,,2651.0701
"4,768",2018-12-13,,2650.5400
"4,769",2018-12-14,,2599.9500
"4,770",2018-12-17,,2545.9399
"4,771",2018-12-18,,2546.1599
"4,772",2018-12-19,,2506.9600
"4,773",2018-12-20,,2467.4199
"4,774",2018-12-21,,2416.6201
"4,775",2018-12-24,,2351.1001
"4,776",2018-12-26,,2467.7000
"4,777",2018-12-27,,2488.8301
"4,778",2018-12-28,,2485.7400
"4,779",2018-12-31,,2506.8501
"4,780",2019-01-02,,2510.0300
"4,781",2019-01-03,,2447.8899
"4,782",2019-01-04,,2531.9399
"4,783",2019-01-07,,2549.6899
"4,784",2019-01-08,,2574.4099
"4,785",2019-01-09,,2584.9600
"4,786",2019-01-10,,2596.6399
"4,787",2019-01-11,,2596.2600
"4,788",2019-01-14,,2582.6101
"4,789",2019-01-15,,2610.3000
"4,790",2019-01-16,,2616.1001
"4,791",2019-01-17,,2635.9600
"4,792",2019-01-18,,2670.7100
"4,793",2019-01-22,,2632.8999
"4,794",2019-01-23,,2638.7000
"4,795",2019-01-24,,2642.3301
"4,796",2019-01-25,,2664.7600
"4,797",2019-01-28,,2643.8501
"4,798",2019-01-29,,2640.0000
"4,799",2019-01-30,,2681.0500
"4,800",2019-01-31,,2704.1001
"4,801",2019-02-01,,2706.5300
"4,802",2019-02-04,,2724.8701
"4,803",2019-02-05,,2737.7000
"4,804",2019-02-06,,2731.6101
"4,805",2019-02-07,,2706.0500
"4,806",2019-02-08,,2707.8799
"4,807",2019-02-11,,2709.8000
"4,808",2019-02-12,,2744.7300
"4,809",2019-02-13,,2753.0300
"4,810",2019-02-14,,2745.7300
"4,811",2019-02-15,,2775.6001
"4,812",2019-02-19,,2779.7600
"4,813",2019-02-20,,2784.7000
"4,814",2019-02-21,,2774.8799
"4,815",2019-02-22,,2792.6699
"4,816",2019-02-25,,2796.1101
"4,817",2019-02-26,,2793.8999
"4,818",2019-02-27,,2792.3799
"4,819",2019-02-28,,2784.4900
"4,820",2019-03-01,,2803.6899
"4,821",2019-03-04,,2792.8101
"4,822",2019-03-05,,2789.6499
"4,823",2019-03-06,,2771.4500
"4,824",2019-03-07,,2748.9299
"4,825",2019-03-08,,2743.0701
"4,826",2019-03-11,,2783.3000
"4,827",2019-03-12,,2791.5200
"4,828",2019-03-13,,2810.9199
"4,829",2019-03-14,,2808.4800
"4,830",2019-03-15,,2822.4800
"4,831",2019-03-18,,2832.9399
"4,832",2019-03-19,,2832.5701
"4,833",2019-03-20,,2824.2300
"4,834",2019-03-21,,2854.8799
"4,835",2019-03-22,,2800.7100
"4,836",2019-03-25,,2798.3601
"4,837",2019-03-26,,2818.4600
"4,838",2019-03-27,,2805.3701
"4,839",2019-03-28,,2815.4399
"4,840",2019-03-29,,2834.3999
"4,841",2019-04-01,,2867.1899
"4,842",2019-04-02,,2867.2400
"4,843",2019-04-03,,2873.3999
"4,844",2019-04-04,,2879.3899
"4,845",2019-04-05,,2892.7400
"4,846",2019-04-08,,2895.7700
"4,847",2019-04-09,,2878.2000
"4,848",2019-04-10,,2888.2100
"4,849",2019-04-11,,2888.3201
"4,850",2019-04-12,,2907.4099
"4,851",2019-04-15,,2905.5801
"4,852",2019-04-16,,2907.0601
"4,853",2019-04-17,,2900.4500
"4,854",2019-04-18,,2905.0300
"4,855",2019-04-22,,2907.9700
"4,856",2019-04-23,,2933.6799
"4,857",2019-04-24,,2927.2500
"4,858",2019-04-25,,2926.1699
"4,859",2019-04-26,,2939.8799
"4,860",2019-04-29,,2943.0300
"4,861",2019-04-30,,2945.8301
"4,862",2019-05-01,,2923.7300
"4,863",2019-05-02,,2917.5200
"4,864",2019-05-03,,2945.6399
"4,865",2019-05-06,,2932.4700
"4,866",2019-05-07,,2884.0500
"4,867",2019-05-08,,2879.4199
"4,868",2019-05-09,,2870.7200
"4,869",2019-05-10,,2881.3999
"4,870",2019-05-13,,2811.8701
"4,871",2019-05-14,,2834.4099
"4,872",2019-05-15,,2850.9600
"4,873",2019-05-16,,2876.3201
"4,874",2019-05-17,,2859.5300
"4,875",2019-05-20,,2840.2300
"4,876",2019-05-21,,2864.3601
"4,877",2019-05-22,,2856.2700
"4,878",2019-05-23,,2822.2400
"4,879",2019-05-24,,2826.0601
"4,880",2019-05-28,,2802.3899
"4,881",2019-05-29,,2783.0200
"4,882",2019-05-30,,2788.8601
"4,883",2019-05-31,,2752.0601
"4,884",2019-06-03,,2744.4500
"4,885",2019-06-04,,2803.2700
"4,886",2019-06-05,,2826.1499
"4,887",2019-06-06,,2843.4900
"4,888",2019-06-07,,2873.3401
"4,889",2019-06-10,,2886.7300
"4,890",2019-06-11,,2885.7200
"4,891",2019-06-12,,2879.8401
"4,892",2019-06-13,,2891.6399
"4,893",2019-06-14,,2886.9800
"4,894",2019-06-17,,2889.6699
"4,895",2019-06-18,,2917.7500
"4,896",2019-06-19,,2926.4600
"4,897",2019-06-20,,2954.1799
"4,898",2019-06-21,,2950.4600
"4,899",2019-06-24,,2945.3501
"4,900",2019-06-25,,2917.3799
"4,901",2019-06-26,,2913.7800
"4,902",2019-06-27,,2924.9199
"4,903",2019-06-28,,2941.7600
"4,904",2019-07-01,,2964.3301
"4,905",2019-07-02,,2973.0100
"4,906",2019-07-03,,2995.8201
"4,907",2019-07-05,,2990.4099
"4,908",2019-07-08,,2975.9500
"4,909",2019-07-09,,2979.6299
"4,910",2019-07-10,,2993.0701
"4,911",2019-07-11,,2999.9099
"4,912",2019-07-12,,3013.7700
"4,913",2019-07-15,,3014.3000
"4,914",2019-07-16,,3004.0400
"4,915",2019-07-17,,2984.4199
"4,916",2019-07-18,,2995.1101
"4,917",2019-07-19,,2976.6101
"4,918",2019-07-22,,2985.0300
"4,919",2019-07-23,,3005.4700
"4,920",2019-07-24,,3019.5601
"4,921",2019-07-25,,3003.6699
"4,922",2019-07-26,,3025.8601
"4,923",2019-07-29,,3020.9700
"4,924",2019-07-30,,3013.1799
"4,925",2019-07-31,,2980.3799
"4,926",2019-08-01,,2953.5601
"4,927",2019-08-02,,2932.0500
"4,928",2019-08-05,,2844.7400
"4,929",2019-08-06,,2881.7700
"4,930",2019-08-07,,2883.9800
"4,931",2019-08-08,,2938.0901
"4,932",2019-08-09,,2918.6499
"4,933",2019-08-12,,2882.7000
"4,934",2019-08-13,,2926.3200
"4,935",2019-08-14,,2840.6000
"4,936",2019-08-15,,2847.6000
"4,937",2019-08-16,,2888.6799
"4,938",2019-08-19,,2923.6499
"4,939",2019-08-20,,2900.5100
"4,940",2019-08-21,,2924.4299
"4,941",2019-08-22,,2922.9499
"4,942",2019-08-23,,2847.1101
"4,943",2019-08-26,,2878.3798
"4,944",2019-08-27,,2869.1599
"4,945",2019-08-28,,2887.9399
"4,946",2019-08-29,,2924.5800
"4,947",2019-08-30,,2926.4599
"4,948",2019-09-03,,2906.2700
"4,949",2019-09-04,,2937.7800
"4,950",2019-09-05,,2976.0000
"4,951",2019-09-06,,2978.7099
"4,952",2019-09-09,,2978.4299
"4,953",2019-09-10,,2979.3898
"4,954",2019-09-11,,3000.9299
"4,955",2019-09-12,,3009.5700
"4,956",2019-09-13,,3007.3898
"4,957",2019-09-16,,2997.9599
"4,958",2019-09-17,,3005.6999
"4,959",2019-09-18,,3006.7299
"4,960",2019-09-19,,3006.7900
"4,961",2019-09-20,,2992.0700
"4,962",2019-09-23,,2991.7800
"4,963",2019-09-24,,2966.6000
"4,964",2019-09-25,,2984.8701
"4,965",2019-09-26,,2977.6201
"4,966",2019-09-27,,2961.7900
"4,967",2019-09-30,,2976.7399
"4,968",2019-10-01,,2940.2500
"4,969",2019-10-02,,2887.6101
"4,970",2019-10-03,,2910.6298
"4,971",2019-10-04,,2952.0100
"4,972",2019-10-07,,2938.7900
"4,973",2019-10-08,,2893.0600
"4,974",2019-10-09,,2919.3999
"4,975",2019-10-10,,2938.1298
"4,976",2019-10-11,,2970.2700
"4,977",2019-10-14,,2966.1499
"4,978",2019-10-15,,2995.6799
"4,979",2019-10-16,,2989.6899
"4,980",2019-10-17,,2997.9499
"4,981",2019-10-18,,2986.1999
"4,982",2019-10-21,,3006.7199
"4,983",2019-10-22,,2995.9899
"4,984",2019-10-23,,3004.5200
"4,985",2019-10-24,,3010.2900
"4,986",2019-10-25,,3022.5500
"4,987",2019-10-28,,3039.4199
"4,988",2019-10-29,,3036.8898
"4,989",2019-10-30,,3046.7700
"4,990",2019-10-31,,3037.5600
"4,991",2019-11-01,,3066.9099
"4,992",2019-11-04,,3078.2700
"4,993",2019-11-05,,3074.6201
"4,994",2019-11-06,,3076.7800
"4,995",2019-11-07,,3085.1799
"4,996",2019-11-08,,3093.0800
"4,997",2019-11-11,,3087.0100
"4,998",2019-11-12,,3091.8400
"4,999",2019-11-13,,3094.0400
"5,000",2019-11-14,,3096.6298
"5,001",2019-11-15,,3120.4599
"5,002",2019-11-18,,3122.0300
"5,003",2019-11-19,,3120.1799
"5,004",2019-11-20,,3108.4599
"5,005",2019-11-21,,3103.5400
"5,006",2019-11-22,,3110.2900
"5,007",2019-11-25,,3133.6398
"5,008",2019-11-26,,3140.5200
"5,009",2019-11-27,,3153.6298
"5,010",2019-11-29,,3140.9799
"5,011",2019-12-02,,3113.8701
"5,012",2019-12-03,,3093.1999
"5,013",2019-12-04,,3112.7600
"5,014",2019-12-05,,3117.4299
"5,015",2019-12-06,,3145.9099
"5,016",2019-12-09,,3135.9599
"5,017",2019-12-10,,3132.5200
"5,018",2019-12-11,,3141.6298
"5,019",2019-12-12,,3168.5700
"5,020",2019-12-13,,3168.8000
"5,021",2019-12-16,,3191.4499
"5,022",2019-12-17,,3192.5200
"5,023",2019-12-18,,3191.1398
"5,024",2019-12-19,,3205.3701
"5,025",2019-12-20,,3221.2199
"5,026",2019-12-23,,3224.0100
"5,027",2019-12-24,,3223.3798
"5,028",2019-12-26,,3239.9099
"5,029",2019-12-27,,3240.0200
"5,030",2019-12-30,,3221.2900
"5,031",2019-12-31,,3230.7800
"5,032",2020-01-02,,3257.8500
"5,033",2020-01-03,,3234.8500
"5,034",2020-01-06,,3246.2800
"5,035",2020-01-07,,3237.1799
"5,036",2020-01-08,,3253.0500
"5,037",2020-01-09,,3274.6999
"5,038",2020-01-10,,3265.3500
"5,039",2020-01-13,,3288.1298
"5,040",2020-01-14,,3283.1499
"5,041",2020-01-15,,3289.2900
"5,042",2020-01-16,,3316.8100
"5,043",2020-01-17,,3329.6201
"5,044",2020-01-21,,3320.7900
"5,045",2020-01-22,,3321.7500
"5,046",2020-01-23,,3325.5400
"5,047",2020-01-24,,3295.4699
"5,048",2020-01-27,,3243.6298
"5,049",2020-01-28,,3276.2399
"5,050",2020-01-29,,3273.3999
"5,051",2020-01-30,,3283.6599
"5,052",2020-01-31,,3225.5200
"5,053",2020-02-03,,3248.9199
"5,054",2020-02-04,,3297.5900
"5,055",2020-02-05,,3334.6899
"5,056",2020-02-06,,3345.7800
"5,057",2020-02-07,,3327.7099
"5,058",2020-02-10,,3352.0900
"5,059",2020-02-11,,3357.7500
"5,060",2020-02-12,,3379.4499
"5,061",2020-02-13,,3373.9399
"5,062",2020-02-14,,3380.1599
"5,063",2020-02-18,,3370.2900
"5,064",2020-02-19,,3386.1499
"5,065",2020-02-20,,3373.2299
"5,066",2020-02-21,,3337.7500
"5,067",2020-02-24,,3225.8898
"5,068",2020-02-25,,3128.2099
"5,069",2020-02-26,,3116.3898
"5,070",2020-02-27,,2978.7600
"5,071",2020-02-28,,2954.2199
"5,072",2020-03-02,,3090.2299
"5,073",2020-03-03,,3003.3701
"5,074",2020-03-04,,3130.1201
"5,075",2020-03-05,,3023.9399
"5,076",2020-03-06,,2972.3701
"5,077",2020-03-09,,2746.5600
"5,078",2020-03-10,,2882.2299
"5,079",2020-03-11,,2741.3798
"5,080",2020-03-12,,2480.6398
"5,081",2020-03-13,,2711.0200
"5,082",2020-03-16,,2386.1298
"5,083",2020-03-17,,2529.1899
"5,084",2020-03-18,,2398.1000
"5,085",2020-03-19,,2409.3898
"5,086",2020-03-20,,2304.9199
"5,087",2020-03-23,,2237.3999
"5,088",2020-03-24,,2447.3300
"5,089",2020-03-25,,2475.5600
"5,090",2020-03-26,,2630.0700
"5,091",2020-03-27,,2541.4699
"5,092",2020-03-30,,2626.6499
"5,093",2020-03-31,,2584.5900
"5,094",2020-04-01,,2470.5000
"5,095",2020-04-02,,2526.8999
"5,096",2020-04-03,,2488.6499
"5,097",2020-04-06,,2663.6799
"5,098",2020-04-07,,2659.4099
"5,099",2020-04-08,,2749.9799
"5,100",2020-04-09,,2789.8200
"5,101",2020-04-13,,2761.6298
"5,102",2020-04-14,,2846.0600
"5,103",2020-04-15,,2783.3601
"5,104",2020-04-16,,2799.5500
"5,105",2020-04-17,,2874.5600
"5,106",2020-04-20,,2823.1599
"5,107",2020-04-21,,2736.5600
"5,108",2020-04-22,,2799.3100
"5,109",2020-04-23,,2797.8000
"5,110",2020-04-24,,2836.7399
"5,111",2020-04-27,,2878.4799
"5,112",2020-04-28,,2863.3898
"5,113",2020-04-29,,2939.5100
"5,114",2020-04-30,,2912.4299
"5,115",2020-05-01,,2830.7099
"5,116",2020-05-04,,2842.7399
"5,117",2020-05-05,,2868.4399
"5,118",2020-05-06,,2848.4199
"5,119",2020-05-07,,2881.1899
"5,120",2020-05-08,,2929.8000
"5,121",2020-05-11,,2930.1899
"5,122",2020-05-12,,2870.1201
"5,123",2020-05-13,,2820.0000
"5,124",2020-05-14,,2852.5000
"5,125",2020-05-15,,2863.6999
"5,126",2020-05-18,,2953.9099
"5,127",2020-05-19,,2922.9399
"5,128",2020-05-20,,2971.6101
"5,129",2020-05-21,,2948.5100
"5,130",2020-05-22,,2955.4499
"5,131",2020-05-26,,2991.7700
"5,132",2020-05-27,,3036.1298
"5,133",2020-05-28,,3029.7299
"5,134",2020-05-29,,3044.3100
"5,135",2020-06-01,,3055.7299
"5,136",2020-06-02,,3080.8200
"5,137",2020-06-03,,3122.8701
"5,138",2020-06-04,,3112.3500
"5,139",2020-06-05,,3193.9299
"5,140",2020-06-08,,3232.3898
"5,141",2020-06-09,,3207.1799
"5,142",2020-06-10,,3190.1398
"5,143",2020-06-11,,3002.1000
"5,144",2020-06-12,,3041.3100
"5,145",2020-06-15,,3066.5900
"5,146",2020-06-16,,3124.7399
"5,147",2020-06-17,,3113.4899
"5,148",2020-06-18,,3115.3400
"5,149",2020-06-19,,3097.7399
"5,150",2020-06-22,,3117.8601
"5,151",2020-06-23,,3131.2900
"5,152",2020-06-24,,3050.3300
"5,153",2020-06-25,,3083.7600
"5,154",2020-06-26,,3009.0500
"5,155",2020-06-29,,3053.2399
"5,156",2020-06-30,,3100.2900
"5,157",2020-07-01,,3115.8601
"5,158",2020-07-02,,3130.0100
"5,159",2020-07-06,,3179.7199
"5,160",2020-07-07,,3145.3201
"5,161",2020-07-08,,3169.9399
"5,162",2020-07-09,,3152.0500
"5,163",2020-07-10,,3185.0400
"5,164",2020-07-13,,3155.2200
"5,165",2020-07-14,,3197.5200
"5,166",2020-07-15,,3226.5601
"5,167",2020-07-16,,3215.5701
"5,168",2020-07-17,,3224.7300
"5,169",2020-07-20,,3251.8401
"5,170",2020-07-21,,3257.3000
"5,171",2020-07-22,,3276.0200
"5,172",2020-07-23,,3235.6599
"5,173",2020-07-24,,3215.6299
"5,174",2020-07-27,,3239.4099
"5,175",2020-07-28,,3218.4399
"5,176",2020-07-29,,3258.4399
"5,177",2020-07-30,,3246.2200
"5,178",2020-07-31,,3271.1201
"5,179",2020-08-03,,3294.6101
"5,180",2020-08-04,,3306.5100
"5,181",2020-08-05,,3327.7700
"5,182",2020-08-06,,3349.1599
"5,183",2020-08-07,,3351.2800
"5,184",2020-08-10,,3360.4700
"5,185",2020-08-11,,3333.6899
"5,186",2020-08-12,,3380.3501
"5,187",2020-08-13,,3373.4299
"5,188",2020-08-14,,3372.8501
"5,189",2020-08-17,,3381.9900
"5,190",2020-08-18,,3389.7800
"5,191",2020-08-19,,3374.8501
"5,192",2020-08-20,,3385.5100
"5,193",2020-08-21,,3397.1599
"5,194",2020-08-24,,3431.2800
"5,195",2020-08-25,,3443.6201
"5,196",2020-08-26,,3478.7300
"5,197",2020-08-27,,3484.5500
"5,198",2020-08-28,,3508.0100
"5,199",2020-08-31,,3500.3101
"5,200",2020-09-01,,3526.6499
"5,201",2020-09-02,,3580.8401
"5,202",2020-09-03,,3455.0601
"5,203",2020-09-04,,3426.9600
"5,204",2020-09-08,,3331.8401
"5,205",2020-09-09,,3398.9600
"5,206",2020-09-10,,3339.1899
"5,207",2020-09-11,,3340.9700
"5,208",2020-09-14,,3383.5400
"5,209",2020-09-15,,3401.2000
"5,210",2020-09-16,,3385.4900
"5,211",2020-09-17,,3357.0100
"5,212",2020-09-18,,3319.4700
"5,213",2020-09-21,,3281.0601
"5,214",2020-09-22,,3315.5701
"5,215",2020-09-23,,3236.9199
"5,216",2020-09-24,,3246.5901
"5,217",2020-09-25,,3298.4600
"5,218",2020-09-28,,3351.6001
"5,219",2020-09-29,,3335.4700
"5,220",2020-09-30,,3363.0000
"5,221",2020-10-01,,3380.8000
"5,222",2020-10-02,,3348.4199
"5,223",2020-10-05,,3408.6001
"5,224",2020-10-06,,3360.9700
"5,225",2020-10-07,,3419.4399
"5,226",2020-10-08,,3446.8301
"5,227",2020-10-09,,3477.1399
"5,228",2020-10-12,,3534.2200
"5,229",2020-10-13,,3511.9299
"5,230",2020-10-14,,3488.6699
"5,231",2020-10-15,,3483.3401
"5,232",2020-10-16,,3483.8101
"5,233",2020-10-19,,3426.9199
"5,234",2020-10-20,,3443.1201
"5,235",2020-10-21,,3435.5601
"5,236",2020-10-22,,3453.4900
"5,237",2020-10-23,,3465.3899
"5,238",2020-10-26,,3400.9700
"5,239",2020-10-27,,3390.6799
"5,240",2020-10-28,,3271.0300
"5,241",2020-10-29,,3310.1101
"5,242",2020-10-30,,3269.9600
"5,243",2020-11-02,,3310.2400
"5,244",2020-11-03,,3369.1599
"5,245",2020-11-04,,3443.4399
"5,246",2020-11-05,,3510.4500
"5,247",2020-11-06,,3509.4399
"5,248",2020-11-09,,3550.5000
"5,249",2020-11-10,,3545.5300
"5,250",2020-11-11,,3572.6599
"5,251",2020-11-12,,3537.0100
"5,252",2020-11-13,,3585.1499
"5,253",2020-11-16,,3626.9099
"5,254",2020-11-17,,3609.5300
"5,255",2020-11-18,,3567.7900
"5,256",2020-11-19,,3581.8701
"5,257",2020-11-20,,3557.5400
"5,258",2020-11-23,,3577.5901
"5,259",2020-11-24,,3635.4099
"5,260",2020-11-25,,3629.6499
"5,261",2020-11-27,,3638.3501
"5,262",2020-11-30,,3621.6299
"5,263",2020-12-01,,3662.4500
"5,264",2020-12-02,,3669.0100
"5,265",2020-12-03,,3666.7200
"5,266",2020-12-04,,3699.1201
"5,267",2020-12-07,,3691.9600
"5,268",2020-12-08,,3702.2500
"5,269",2020-12-09,,3672.8201
"5,270",2020-12-10,,3668.1001
"5,271",2020-12-11,,3663.4600
"5,272",2020-12-14,,3647.4900
"5,273",2020-12-15,,3694.6201
"5,274",2020-12-16,,3701.1699
"5,275",2020-12-17,,3722.4800
"5,276",2020-12-18,,3709.4099
"5,277",2020-12-21,,3694.9199
"5,278",2020-12-22,,3687.2600
"5,279",2020-12-23,,3690.0100
"5,280",2020-12-24,,3703.0601
"5,281",2020-12-28,,3735.3601
"5,282",2020-12-29,,3727.0400
"5,283",2020-12-30,,3732.0400
"5,284",2020-12-31,,3756.0701
"5,285",2021-01-04,,3700.6499
"5,286",2021-01-05,,3726.8601
"5,287",2021-01-06,,3748.1399
"5,288",2021-01-07,,3803.7900
"5,289",2021-01-08,,3824.6799
"5,290",2021-01-11,,3799.6101
"5,291",2021-01-12,,3801.1899
"5,292",2021-01-13,,3809.8401
"5,293",2021-01-14,,3795.5400
"5,294",2021-01-15,,3768.2500
"5,295",2021-01-19,,3798.9099
"5,296",2021-01-20,,3851.8501
"5,297",2021-01-21,,3853.0701
"5,298",2021-01-22,,3841.4700
"5,299",2021-01-25,,3855.3601
"5,300",2021-01-26,,3849.6201
"5,301",2021-01-27,,3750.7700
"5,302",2021-01-28,,3787.3799
"5,303",2021-01-29,,3714.2400
"5,304",2021-02-01,,3773.8601
"5,305",2021-02-02,,3826.3101
"5,306",2021-02-03,,3830.1699
"5,307",2021-02-04,,3871.7400
"5,308",2021-02-05,,3886.8301
"5,309",2021-02-08,,3915.5901
"5,310",2021-02-09,,3911.2300
"5,311",2021-02-10,,3909.8799
"5,312",2021-02-11,,3916.3799
"5,313",2021-02-12,,3934.8301
"5,314",2021-02-16,,3932.5901
"5,315",2021-02-17,,3931.3301
"5,316",2021-02-18,,3913.9700
"5,317",2021-02-19,,3906.7100
"5,318",2021-02-22,,3876.5000
"5,319",2021-02-23,,3881.3701
"5,320",2021-02-24,,3925.4299
"5,321",2021-02-25,,3829.3401
"5,322",2021-02-26,,3811.1499
"5,323",2021-03-01,,3901.8201
"5,324",2021-03-02,,3870.2900
"5,325",2021-03-03,,3819.7200
"5,326",2021-03-04,,3768.4700
"5,327",2021-03-05,,3841.9399
"5,328",2021-03-08,,3821.3501
"5,329",2021-03-09,,3875.4399
"5,330",2021-03-10,,3898.8101
"5,331",2021-03-11,,3939.3401
"5,332",2021-03-12,,3943.3401
"5,333",2021-03-15,,3968.9399
"5,334",2021-03-16,,3962.7100
"5,335",2021-03-17,,3974.1201
"5,336",2021-03-18,,3915.4600
"5,337",2021-03-19,,3913.1001
"5,338",2021-03-22,,3940.5901
"5,339",2021-03-23,,3910.5200
"5,340",2021-03-24,,3889.1399
"5,341",2021-03-25,,3909.5200
"5,342",2021-03-26,,3974.5400
"5,343",2021-03-29,,3971.0901
"5,344",2021-03-30,,3958.5500
"5,345",2021-03-31,,3972.8899
"5,346",2021-04-01,,4019.8701
"5,347",2021-04-05,,4077.9099
"5,348",2021-04-06,,4073.9399
"5,349",2021-04-07,,4079.9500
"5,350",2021-04-08,,4097.1699
"5,351",2021-04-09,,4128.7998
"5,352",2021-04-12,,4127.9902
"5,353",2021-04-13,,4141.5898
"5,354",2021-04-14,,4124.6602
"5,355",2021-04-15,,4170.4199
"5,356",2021-04-16,,4185.4702
"5,357",2021-04-19,,4163.2598
"5,358",2021-04-20,,4134.9399
"5,359",2021-04-21,,4173.4199
"5,360",2021-04-22,,4134.9800
"5,361",2021-04-23,,4180.1699
"5,362",2021-04-26,,4187.6201
"5,363",2021-04-27,,4186.7202
"5,364",2021-04-28,,4183.1802
"5,365",2021-04-29,,4211.4702
"5,366",2021-04-30,,4181.1699
"5,367",2021-05-03,,4192.6602
"5,368",2021-05-04,,4164.6602
"5,369",2021-05-05,,4167.5898
"5,370",2021-05-06,,4201.6201
"5,371",2021-05-07,,4232.6001
"5,372",2021-05-10,,4188.4302
"5,373",2021-05-11,,4152.1001
"5,374",2021-05-12,,4063.0400
"5,375",2021-05-13,,4112.5000
"5,376",2021-05-14,,4173.8501
"5,377",2021-05-17,,4163.2900
"5,378",2021-05-18,,4127.8301
"5,379",2021-05-19,,4115.6802
"5,380",2021-05-20,,4159.1201
"5,381",2021-05-21,,4155.8599
"5,382",2021-05-24,,4197.0498
"5,383",2021-05-25,,4188.1299
"5,384",2021-05-26,,4195.9902
"5,385",2021-05-27,,4200.8799
"5,386",2021-05-28,,4204.1099
"5,387",2021-06-01,,4202.0400
"5,388",2021-06-02,,4208.1201
"5,389",2021-06-03,,4192.8501
"5,390",2021-06-04,,4229.8901
"5,391",2021-06-07,,4226.5200
"5,392",2021-06-08,,4227.2598
"5,393",2021-06-09,,4219.5498
"5,394",2021-06-10,,4239.1802
"5,395",2021-06-11,,4247.4399
"5,396",2021-06-14,,4255.1499
"5,397",2021-06-15,,4246.5898
"5,398",2021-06-16,,4223.7002
"5,399",2021-06-17,,4221.8599
"5,400",2021-06-18,,4166.4502
"5,401",2021-06-21,,4224.7900
"5,402",2021-06-22,,4246.4399
"5,403",2021-06-23,,4241.8398
"5,404",2021-06-24,,4266.4902
"5,405",2021-06-25,,4280.7002
"5,406",2021-06-28,,4290.6099
"5,407",2021-06-29,,4291.7998
"5,408",2021-06-30,,4297.5000
"5,409",2021-07-01,,4319.9399
"5,410",2021-07-02,,4352.3398
"5,411",2021-07-06,,4343.5400
"5,412",2021-07-07,,4358.1299
"5,413",2021-07-08,,4320.8198
"5,414",2021-07-09,,4369.5498
"5,415",2021-07-12,,4384.6299
"5,416",2021-07-13,,4369.2100
"5,417",2021-07-14,,4374.2998
"5,418",2021-07-15,,4360.0298
"5,419",2021-07-16,,4327.1602
"5,420",2021-07-19,,4258.4902
"5,421",2021-07-20,,4323.0601
"5,422",2021-07-21,,4358.6899
"5,423",2021-07-22,,4367.4800
"5,424",2021-07-23,,4411.7900
"5,425",2021-07-26,,4422.2998
"5,426",2021-07-27,,4401.4600
"5,427",2021-07-28,,4400.6401
"5,428",2021-07-29,,4419.1499
"5,429",2021-07-30,,4395.2598
"5,430",2021-08-02,,4387.1602
"5,431",2021-08-03,,4423.1499
"5,432",2021-08-04,,4402.6602
"5,433",2021-08-05,,4429.1001
"5,434",2021-08-06,,4436.5200
"5,435",2021-08-09,,4432.3501
"5,436",2021-08-10,,4436.7500
"5,437",2021-08-11,,4442.4102
"5,438",2021-08-12,,4460.8301
"5,439",2021-08-13,,4468.0000
"5,440",2021-08-16,,4479.7100
"5,441",2021-08-17,,4448.0801
"5,442",2021-08-18,,4400.2700
"5,443",2021-08-19,,4405.7998
"5,444",2021-08-20,,4441.6699
"5,445",2021-08-23,,4479.5298
"5,446",2021-08-24,,4486.2300
"5,447",2021-08-25,,4496.1899
"5,448",2021-08-26,,4470.0000
"5,449",2021-08-27,,4509.3701
"5,450",2021-08-30,,4528.7900
"5,451",2021-08-31,,4522.6802
"5,452",2021-09-01,,4524.0898
"5,453",2021-09-02,,4536.9502
"5,454",2021-09-03,,4535.4302
"5,455",2021-09-07,,4520.0298
"5,456",2021-09-08,,4514.0698
"5,457",2021-09-09,,4493.2798
"5,458",2021-09-10,,4458.5801
"5,459",2021-09-13,,4468.7300
"5,460",2021-09-14,,4443.0498
"5,461",2021-09-15,,4480.7002
"5,462",2021-09-16,,4473.7500
"5,463",2021-09-17,,4432.9902
"5,464",2021-09-20,,4357.7300
"5,465",2021-09-21,,4354.1899
"5,466",2021-09-22,,4395.6401
"5,467",2021-09-23,,4448.9800
"5,468",2021-09-24,,4455.4800
"5,469",2021-09-27,,4443.1099
"5,470",2021-09-28,,4352.6299
"5,471",2021-09-29,,4359.4600
"5,472",2021-09-30,,4307.5400
"5,473",2021-10-01,,4357.0400
"5,474",2021-10-04,,4300.4600
"5,475",2021-10-05,,4345.7202
"5,476",2021-10-06,,4363.5498
"5,477",2021-10-07,,4399.7598
"5,478",2021-10-08,,4391.3398
"5,479",2021-10-11,,4361.1899
"5,480",2021-10-12,,4350.6499
"5,481",2021-10-13,,4363.7998
"5,482",2021-10-14,,4438.2598
"5,483",2021-10-15,,4471.3701
"5,484",2021-10-18,,4486.4600
"5,485",2021-10-19,,4519.6299
"5,486",2021-10-20,,4536.1899
"5,487",2021-10-21,,4549.7798
"5,488",2021-10-22,,4544.8999
"5,489",2021-10-25,,4566.4800
"5,490",2021-10-26,,4574.7900
"5,491",2021-10-27,,4551.6802
"5,492",2021-10-28,,4596.4199
"5,493",2021-10-29,,4605.3799
"5,494",2021-11-01,,4613.6699
"5,495",2021-11-02,,4630.6499
"5,496",2021-11-03,,4660.5698
"5,497",2021-11-04,,4680.0601
"5,498",2021-11-05,,4697.5298
"5,499",2021-11-08,,4701.7002
"5,500",2021-11-09,,4685.2500
"5,501",2021-11-10,,4646.7100
"5,502",2021-11-11,,4649.2700
"5,503",2021-11-12,,4682.8501
"5,504",2021-11-15,,4682.7998
"5,505",2021-11-16,,4700.8999
"5,506",2021-11-17,,4688.6699
"5,507",2021-11-18,,4704.5400
"5,508",2021-11-19,,4697.9600
"5,509",2021-11-22,,4682.9399
"5,510",2021-11-23,,4690.7002
"5,511",2021-11-24,,4701.4600
"5,512",2021-11-26,,4594.6201
"5,513",2021-11-29,,4655.2700
"5,514",2021-11-30,,4567.0000
"5,515",2021-12-01,,4513.0400
"5,516",2021-12-02,,4577.1001
"5,517",2021-12-03,,4538.4302
"5,518",2021-12-06,,4591.6699
"5,519",2021-12-07,,4686.7500
"5,520",2021-12-08,,4701.2100
"5,521",2021-12-09,,4667.4502
"5,522",2021-12-10,,4712.0200
"5,523",2021-12-13,,4668.9702
"5,524",2021-12-14,,4634.0898
"5,525",2021-12-15,,4709.8501
"5,526",2021-12-16,,4668.6699
"5,527",2021-12-17,,4620.6401
"5,528",2021-12-20,,4568.0200
"5,529",2021-12-21,,4649.2300
"5,530",2021-12-22,,4696.5601
"5,531",2021-12-23,,4725.7900
"5,532",2021-12-27,,4791.1899
"5,533",2021-12-28,,4786.3501
"5,534",2021-12-29,,4793.0601
"5,535",2021-12-30,,4778.7300
"5,536",2021-12-31,,4766.1802
"5,537",2022-01-03,,4796.5601
"5,538",2022-01-04,,4793.5400
"5,539",2022-01-05,,4700.5801
"5,540",2022-01-06,,4696.0498
"5,541",2022-01-07,,4677.0298
"5,542",2022-01-10,,4670.2900
"5,543",2022-01-11,,4713.0698
"5,544",2022-01-12,,4726.3501
"5,545",2022-01-13,,4659.0298
"5,546",2022-01-14,,4662.8501
"5,547",2022-01-18,,4577.1099
"5,548",2022-01-19,,4532.7598
"5,549",2022-01-20,,4482.7300
"5,550",2022-01-21,,4397.9399
"5,551",2022-01-24,,4410.1299
"5,552",2022-01-25,,4356.4502
"5,553",2022-01-26,,4349.9302
"5,554",2022-01-27,,4326.5098
"5,555",2022-01-28,,4431.8501
"5,556",2022-01-31,,4515.5498
"5,557",2022-02-01,,4546.5400
"5,558",2022-02-02,,4589.3799
"5,559",2022-02-03,,4477.4399
"5,560",2022-02-04,,4500.5298
"5,561",2022-02-07,,4483.8701
"5,562",2022-02-08,,4521.5400
"5,563",2022-02-09,,4587.1802
"5,564",2022-02-10,,4504.0801
"5,565",2022-02-11,,4418.6401
"5,566",2022-02-14,,4401.6699
"5,567",2022-02-15,,4471.0698
"5,568",2022-02-16,,4475.0098
"5,569",2022-02-17,,4380.2598
"5,570",2022-02-18,,4348.8701
"5,571",2022-02-22,,4304.7598
"5,572",2022-02-23,,4225.5000
"5,573",2022-02-24,,4288.7002
"5,574",2022-02-25,,4384.6499
"5,575",2022-02-28,,4373.9399
"5,576",2022-03-01,,4306.2598
"5,577",2022-03-02,,4386.5400
"5,578",2022-03-03,,4363.4902
"5,579",2022-03-04,,4328.8701
"5,580",2022-03-07,,4201.0898
"5,581",2022-03-08,,4170.7002
"5,582",2022-03-09,,4277.8799
"5,583",2022-03-10,,4259.5200
"5,584",2022-03-11,,4204.3101
"5,585",2022-03-14,,4173.1099
"5,586",2022-03-15,,4262.4502
"5,587",2022-03-16,,4357.8599
"5,588",2022-03-17,,4411.6699
"5,589",2022-03-18,,4463.1201
"5,590",2022-03-21,,4461.1802
"5,591",2022-03-22,,4511.6099
"5,592",2022-03-23,,4456.2402
"5,593",2022-03-24,,4520.1602
"5,594",2022-03-25,,4543.0601
"5,595",2022-03-28,,4575.5200
"5,596",2022-03-29,,4631.6001
"5,597",2022-03-30,,4602.4502
"5,598",2022-03-31,,4530.4102
"5,599",2022-04-01,,4545.8599
"5,600",2022-04-04,,4582.6401
"5,601",2022-04-05,,4525.1201
"5,602",2022-04-06,,4481.1499
"5,603",2022-04-07,,4500.2100
"5,604",2022-04-08,,4488.2798
"5,605",2022-04-11,,4412.5298
"5,606",2022-04-12,,4397.4502
"5,607",2022-04-13,,4446.5898
"5,608",2022-04-14,,4392.5898
"5,609",2022-04-18,,4391.6899
"5,610",2022-04-19,,4462.2100
"5,611",2022-04-20,,4459.4502
"5,612",2022-04-21,,4393.6602
"5,613",2022-04-22,,4271.7798
"5,614",2022-04-25,,4296.1201
"5,615",2022-04-26,,4175.2002
"5,616",2022-04-27,,4183.9600
"5,617",2022-04-28,,4287.5000
"5,618",2022-04-29,,4131.9302
"5,619",2022-05-02,,4155.3799
"5,620",2022-05-03,,4175.4800
"5,621",2022-05-04,,4300.1699
"5,622",2022-05-05,,4146.8701
"5,623",2022-05-06,,4123.3398
"5,624",2022-05-09,,3991.2400
"5,625",2022-05-10,,4001.0500
"5,626",2022-05-11,,3935.1799
"5,627",2022-05-12,,3930.0801
"5,628",2022-05-13,,4023.8899
"5,629",2022-05-16,,4008.0100
"5,630",2022-05-17,,4088.8501
"5,631",2022-05-18,,3923.6799
"5,632",2022-05-19,,3900.7900
"5,633",2022-05-20,,3901.3601
"5,634",2022-05-23,,3973.7500
"5,635",2022-05-24,,3941.4800
"5,636",2022-05-25,,3978.7300
"5,637",2022-05-26,,4057.8401
"5,638",2022-05-27,,4158.2402
"5,639",2022-05-31,,4132.1499
"5,640",2022-06-01,,4101.2300
"5,641",2022-06-02,,4176.8198
"5,642",2022-06-03,,4108.5400
"5,643",2022-06-06,,4121.4302
"5,644",2022-06-07,,4160.6802
"5,645",2022-06-08,,4115.7700
"5,646",2022-06-09,,4017.8201
"5,647",2022-06-10,,3900.8601
"5,648",2022-06-13,,3749.6299
"5,649",2022-06-14,,3735.4800
"5,650",2022-06-15,,3789.9900
"5,651",2022-06-16,,3666.7700
"5,652",2022-06-17,,3674.8401
"5,653",2022-06-21,,3764.7900
"5,654",2022-06-22,,3759.8899
"5,655",2022-06-23,,3795.7300
"5,656",2022-06-24,,3911.7400
"5,657",2022-06-27,,3900.1101
"5,658",2022-06-28,,3821.5500
"5,659",2022-06-29,,3818.8301
"5,660",2022-06-30,,3785.3799
"5,661",2022-07-01,,3825.3301
"5,662",2022-07-05,,3831.3899
"5,663",2022-07-06,,3845.0801
"5,664",2022-07-07,,3902.6201
"5,665",2022-07-08,,3899.3799
"5,666",2022-07-11,,3854.4299
"5,667",2022-07-12,,3818.8000
"5,668",2022-07-13,,3801.7800
"5,669",2022-07-14,,3790.3799
"5,670",2022-07-15,,3863.1599
"5,671",2022-07-18,,3830.8501
"5,672",2022-07-19,,3936.6899
"5,673",2022-07-20,,3959.8999
"5,674",2022-07-21,,3998.9500
"5,675",2022-07-22,,3961.6299
"5,676",2022-07-25,,3966.8401
"5,677",2022-07-26,,3921.0500
"5,678",2022-07-27,,4023.6101
"5,679",2022-07-28,,4072.4299
"5,680",2022-07-29,,4130.2900
"5,681",2022-08-01,,4118.6299
"5,682",2022-08-02,,4091.1899
"5,683",2022-08-03,,4155.1699
"5,684",2022-08-04,,4151.9399
"5,685",2022-08-05,,4145.1899
"5,686",2022-08-08,,4140.0601
"5,687",2022-08-09,,4122.4702
"5,688",2022-08-10,,4210.2402
"5,689",2022-08-11,,4207.2700
"5,690",2022-08-12,,4280.1499
"5,691",2022-08-15,,4297.1401
"5,692",2022-08-16,,4305.2002
"5,693",2022-08-17,,4274.0400
"5,694",2022-08-18,,4283.7402
"5,695",2022-08-19,,4228.4800
"5,696",2022-08-22,,4137.9902
"5,697",2022-08-23,,4128.7300
"5,698",2022-08-24,,4140.7700
"5,699",2022-08-25,,4199.1201
"5,700",2022-08-26,,4057.6599
"5,701",2022-08-29,,4030.6101
"5,702",2022-08-30,,3986.1599
"5,703",2022-08-31,,3955.0000
"5,704",2022-09-01,,3966.8501
"5,705",2022-09-02,,3924.2600
"5,706",2022-09-06,,3908.1899
"5,707",2022-09-07,,3979.8701
"5,708",2022-09-08,,4006.1799
"5,709",2022-09-09,,4067.3601
"5,710",2022-09-12,,4110.4102
"5,711",2022-09-13,,3932.6899
"5,712",2022-09-14,,3946.0100
"5,713",2022-09-15,,3901.3501
"5,714",2022-09-16,,3873.3301
"5,715",2022-09-19,,3899.8899
"5,716",2022-09-20,,3855.9299
"5,717",2022-09-21,,3789.9299
"5,718",2022-09-22,,3757.9900
"5,719",2022-09-23,,3693.2300
"5,720",2022-09-26,,3655.0400
"5,721",2022-09-27,,3647.2900
"5,722",2022-09-28,,3719.0400
"5,723",2022-09-29,,3640.4700
"5,724",2022-09-30,,3585.6201
"5,725",2022-10-03,,3678.4299
"5,726",2022-10-04,,3790.9299
"5,727",2022-10-05,,3783.2800
"5,728",2022-10-06,,3744.5200
"5,729",2022-10-07,,3639.6599
"5,730",2022-10-10,,3612.3899
"5,731",2022-10-11,,3588.8401
"5,732",2022-10-12,,3577.0300
"5,733",2022-10-13,,3669.9099
"5,734",2022-10-14,,3583.0701
"5,735",2022-10-17,,3677.9500
"5,736",2022-10-18,,3719.9800
"5,737",2022-10-19,,3695.1599
"5,738",2022-10-20,,3665.7800
"5,739",2022-10-21,,3752.7500
"5,740",2022-10-24,,3797.3401
"5,741",2022-10-25,,3859.1101
"5,742",2022-10-26,,3830.6001
"5,743",2022-10-27,,3807.3000
"5,744",2022-10-28,,3901.0601
"5,745",2022-10-31,,3871.9800
"5,746",2022-11-01,,3856.1001
"5,747",2022-11-02,,3759.6899
"5,748",2022-11-03,,3719.8899
"5,749",2022-11-04,,3770.5500
"5,750",2022-11-07,,3806.8000
"5,751",2022-11-08,,3828.1101
"5,752",2022-11-09,,3748.5701
"5,753",2022-11-10,,3956.3701
"5,754",2022-11-11,,3992.9299
"5,755",2022-11-14,,3957.2500
"5,756",2022-11-15,,3991.7300
"5,757",2022-11-16,,3958.7900
"5,758",2022-11-17,,3946.5601
"5,759",2022-11-18,,3965.3401
"5,760",2022-11-21,,3949.9399
"5,761",2022-11-22,,4003.5801
"5,762",2022-11-23,,4027.2600
"5,763",2022-11-25,,4026.1201
"5,764",2022-11-28,,3963.9399
"5,765",2022-11-29,,3957.6299
"5,766",2022-11-30,,4080.1101
"5,767",2022-12-01,,4076.5701
"5,768",2022-12-02,,4071.7000
"5,769",2022-12-05,,3998.8401
"5,770",2022-12-06,,3941.2600
"5,771",2022-12-07,,3933.9199
"5,772",2022-12-08,,3963.5100
"5,773",2022-12-09,,3934.3799
"5,774",2022-12-12,,3990.5601
"5,775",2022-12-13,,4019.6499
"5,776",2022-12-14,,3995.3201
"5,777",2022-12-15,,3895.7500
"5,778",2022-12-16,,3852.3601
"5,779",2022-12-19,,3817.6599
"5,780",2022-12-20,,3821.6201
"5,781",2022-12-21,,3878.4399
"5,782",2022-12-22,,3822.3899
"5,783",2022-12-23,,3844.8201
"5,784",2022-12-27,,3829.2500
"5,785",2022-12-28,,3783.2200
"5,786",2022-12-29,,3849.2800
"5,787",2022-12-30,,3839.5000
"5,788",2023-01-03,,3824.1399
"5,789",2023-01-04,,3852.9700
"5,790",2023-01-05,,3808.1001
"5,791",2023-01-06,,3895.0801
"5,792",2023-01-09,,3892.0901
"5,793",2023-01-10,,3919.2500
"5,794",2023-01-11,,3969.6101
"5,795",2023-01-12,,3983.1699
"5,796",2023-01-13,,3999.0901
"5,797",2023-01-17,,3990.9700
"5,798",2023-01-18,,3928.8601
"5,799",2023-01-19,,3898.8501
"5,800",2023-01-20,,3972.6101
"5,801",2023-01-23,,4019.8101
"5,802",2023-01-24,,4016.9500
"5,803",2023-01-25,,4016.2200
"5,804",2023-01-26,,4060.4299
"5,805",2023-01-27,,4070.5601
"5,806",2023-01-30,,4017.7700
"5,807",2023-01-31,,4076.6001
"5,808",2023-02-01,,4119.2100
"5,809",2023-02-02,,4179.7598
"5,810",2023-02-03,,4136.4800
"5,811",2023-02-06,,4111.0801
"5,812",2023-02-07,,4164.0000
"5,813",2023-02-08,,4117.8599
"5,814",2023-02-09,,4081.5000
"5,815",2023-02-10,,4090.4600
"5,816",2023-02-13,,4137.2900
"5,817",2023-02-14,,4136.1299
"5,818",2023-02-15,,4147.6001
"5,819",2023-02-16,,4090.4099
"5,820",2023-02-17,,4079.0901
"5,821",2023-02-21,,3997.3401
"5,822",2023-02-22,,3991.0500
"5,823",2023-02-23,,4012.3201
"5,824",2023-02-24,,3970.0400
"5,825",2023-02-27,,3982.2400
"5,826",2023-02-28,,3970.1499
"5,827",2023-03-01,,3951.3899
"5,828",2023-03-02,,3981.3501
"5,829",2023-03-03,,4045.6399
"5,830",2023-03-06,,4048.4199
"5,831",2023-03-07,,3986.3701
"5,832",2023-03-08,,3992.0100
"5,833",2023-03-09,,3918.3201
"5,834",2023-03-10,,3861.5901
"5,835",2023-03-13,,3855.7600
"5,836",2023-03-14,,3919.2900
"5,837",2023-03-15,,3891.9299
"5,838",2023-03-16,,3960.2800
"5,839",2023-03-17,,3916.6399
"5,840",2023-03-20,,3951.5701
"5,841",2023-03-21,,4002.8701
"5,842",2023-03-22,,3936.9700
"5,843",2023-03-23,,3948.7200
"5,844",2023-03-24,,3970.9900
"5,845",2023-03-27,,3977.5300
"5,846",2023-03-28,,3971.2700
"5,847",2023-03-29,,4027.8101
"5,848",2023-03-30,,4050.8301
"5,849",2023-03-31,,4109.3101
"5,850",2023-04-03,,4124.5098
"5,851",2023-04-04,,4100.6001
"5,852",2023-04-05,,4090.3799
"5,853",2023-04-06,,4105.0200
"5,854",2023-04-10,,4109.1099
"5,855",2023-04-11,,4108.9399
"5,856",2023-04-12,,4091.9500
"5,857",2023-04-13,,4146.2202
"5,858",2023-04-14,,4137.6401
"5,859",2023-04-17,,4151.3198
"5,860",2023-04-18,,4154.8701
"5,861",2023-04-19,,4154.5200
"5,862",2023-04-20,,4129.7900
"5,863",2023-04-21,,4133.5200
"5,864",2023-04-24,,4137.0400
"5,865",2023-04-25,,4071.6299
"5,866",2023-04-26,,4055.9900
"5,867",2023-04-27,,4135.3501
"5,868",2023-04-28,,4169.4800
"5,869",2023-05-01,,4167.8701
"5,870",2023-05-02,,4119.5801
"5,871",2023-05-03,,4090.7500
"5,872",2023-05-04,,4061.2200
"5,873",2023-05-05,,4136.2500
"5,874",2023-05-08,,4138.1201
"5,875",2023-05-09,,4119.1699
"5,876",2023-05-10,,4137.6401
"5,877",2023-05-11,,4130.6201
"5,878",2023-05-12,,4124.0801
"5,879",2023-05-15,,4136.2800
"5,880",2023-05-16,,4109.9000
"5,881",2023-05-17,,4158.7700
"5,882",2023-05-18,,4198.0500
"5,883",2023-05-19,,4191.9800
"5,884",2023-05-22,,4192.6300
"5,885",2023-05-23,,4145.5800
"5,886",2023-05-24,,4115.2400
"5,887",2023-05-25,,4151.2800
"5,888",2023-05-26,,4205.4500
"5,889",2023-05-30,,4205.5200
"5,890",2023-05-31,,4179.8300
"5,891",2023-06-01,,4221.0200
"5,892",2023-06-02,,4282.3700
"5,893",2023-06-05,,4273.7900
"5,894",2023-06-06,,4283.8500
"5,895",2023-06-07,,4267.5200
"5,896",2023-06-08,,4293.9300
"5,897",2023-06-09,,4298.8600
"5,898",2023-06-12,,4338.9300
"5,899",2023-06-13,,4369.0100
"5,900",2023-06-14,,4372.5900
"5,901",2023-06-15,,4425.8400
"5,902",2023-06-16,,4409.5900
"5,903",2023-06-20,,4388.7100
"5,904",2023-06-21,,4365.6900
"5,905",2023-06-22,,4381.8900
"5,906",2023-06-23,,4348.3300
"5,907",2023-06-26,,4328.8200
"5,908",2023-06-27,,4378.4100
"5,909",2023-06-28,,4376.8600
"5,910",2023-06-29,,4396.4400
"5,911",2023-06-30,,4450.3800
"5,912",2023-07-03,,4455.5900
"5,913",2023-07-05,,4446.8200
"5,914",2023-07-06,,4411.5900
"5,915",2023-07-07,,4398.9500
"5,916",2023-07-10,,4409.5300
"5,917",2023-07-11,,4439.2600
"5,918",2023-07-12,,4472.1600
"5,919",2023-07-13,,4510.0400
"5,920",2023-07-14,,4505.4200
"5,921",2023-07-17,,4522.7900
"5,922",2023-07-18,,4554.9800
"5,923",2023-07-19,,4565.7200
"5,924",2023-07-20,,4534.8700
"5,925",2023-07-21,,4536.3400
"5,926",2023-07-24,,4554.6400
"5,927",2023-07-25,,4567.4600
"5,928",2023-07-26,,4566.7500
"5,929",2023-07-27,,4537.4100
"5,930",2023-07-28,,4582.2300
"5,931",2023-07-31,,4588.9600
"5,932",2023-08-01,,4576.7300
"5,933",2023-08-02,,4513.3900
"5,934",2023-08-03,,4501.8900
"5,935",2023-08-04,,4478.0300
"5,936",2023-08-07,,4518.4400
"5,937",2023-08-08,,4499.3800
"5,938",2023-08-09,,4467.7100
"5,939",2023-08-10,,4468.8300
"5,940",2023-08-11,,4464.0500
"5,941",2023-08-14,,4489.7200
"5,942",2023-08-15,,4437.8600
"5,943",2023-08-16,,4404.3300
"5,944",2023-08-17,,4370.3600
"5,945",2023-08-18,,4369.7100
"5,946",2023-08-21,,4399.7700
"5,947",2023-08-22,,4387.5500
"5,948",2023-08-23,,4436.0100
"5,949",2023-08-24,,4376.3100
"5,950",2023-08-25,,4405.7100
"5,951",2023-08-28,,4433.3100
"5,952",2023-08-29,,4497.6300
"5,953",2023-08-30,,4514.8700
"5,954",2023-08-31,,4507.6600
"5,955",2023-09-01,,4515.7700
"5,956",2023-09-05,,4496.8300
"5,957",2023-09-06,,4465.4800
"5,958",2023-09-07,,4451.1400
"5,959",2023-09-08,,4457.4900
"5,960",2023-09-11,,4487.4600
"5,961",2023-09-12,,4461.9000
"5,962",2023-09-13,,4467.4400
"5,963",2023-09-14,,4505.1000
"5,964",2023-09-15,,4450.3200
"5,965",2023-09-18,,4453.5300
"5,966",2023-09-19,,4443.9500
"5,967",2023-09-20,,4402.2000
"5,968",2023-09-21,,4330.0000
"5,969",2023-09-22,,4320.0600
"5,970",2023-09-25,,4337.4400
"5,971",2023-09-26,,4273.5300
"5,972",2023-09-27,,4274.5100
"5,973",2023-09-28,,4299.7000
"5,974",2023-09-29,,4288.0500
"5,975",2023-10-02,,4288.3900
"5,976",2023-10-03,,4229.4500
"5,977",2023-10-04,,4263.7500
"5,978",2023-10-05,,4258.1900
"5,979",2023-10-06,,4308.5000
"5,980",2023-10-09,,4335.6600
"5,981",2023-10-10,,4358.2400
"5,982",2023-10-11,,4376.9500
"5,983",2023-10-12,,4349.6100
"5,984",2023-10-13,,4327.7800
"5,985",2023-10-16,,4373.6300
"5,986",2023-10-17,,4373.2000
"5,987",2023-10-18,,4314.6000
"5,988",2023-10-19,,4278.0000
"5,989",2023-10-20,,4224.1600
"5,990",2023-10-23,,4217.0400
"5,991",2023-10-24,,4247.6800
"5,992",2023-10-25,,4186.7700
"5,993",2023-10-26,,4137.2300
"5,994",2023-10-27,,4117.3700
"5,995",2023-10-30,,4166.8200
"5,996",2023-10-31,,4193.8000
"5,997",2023-11-01,,4237.8600
"5,998",2023-11-02,,4317.7800
"5,999",2023-11-03,,4358.3400
"6,000",2023-11-06,,4365.9800
"6,001",2023-11-07,,4378.3800
"6,002",2023-11-08,,4382.7800
"6,003",2023-11-09,,4347.3500
"6,004",2023-11-10,,4415.2400
"6,005",2023-11-13,,4411.5500
"6,006",2023-11-14,,4495.7000
"6,007",2023-11-15,,4502.8800
"6,008",2023-11-16,,4508.2400
"6,009",2023-11-17,,4514.0200
"6,010",2023-11-20,,4547.3800
"6,011",2023-11-21,,4538.1900
"6,012",2023-11-22,,4556.6200
"6,013",2023-11-24,,4559.3400
"6,014",2023-11-27,,4550.4300
"6,015",2023-11-28,,4554.8900
"6,016",2023-11-29,,4550.5800
"6,017",2023-11-30,,4567.8000
"6,018",2023-12-01,,4594.6300
"6,019",2023-12-04,,4569.7800
"6,020",2023-12-05,,4567.1800
"6,021",2023-12-06,,4549.3400
"6,022",2023-12-07,,4585.5900
"6,023",2023-12-08,,4604.3700
"6,024",2023-12-11,,4622.4400
"6,025",2023-12-12,,4643.7000
"6,026",2023-12-13,,4707.0900
"6,027",2023-12-14,,4719.5500
"6,028",2023-12-15,,4719.1900
"6,029",2023-12-18,,4740.5600
"6,030",2023-12-19,,4768.3700
"6,031",2023-12-20,,4698.3500
"6,032",2023-12-21,,4746.7500
"6,033",2023-12-22,,4754.6300
"6,034",2023-12-26,,4774.7500
"6,035",2023-12-27,,4781.5800
"6,036",2023-12-28,,4783.3500
"6,037",2023-12-29,,4769.8300
"6,038",2024-01-02,,4742.8300
"6,039",2024-01-03,,4704.8100
"6,040",2024-01-04,,4688.6800
"6,041",2024-01-05,,4697.2400
"6,042",2024-01-08,,4763.5400
"6,043",2024-01-09,,4756.5000
"6,044",2024-01-10,,4783.4502
"6,045",2024-01-11,,4780.2402
"6,046",2024-01-12,,4783.8301
"6,047",2024-01-16,,4765.9800
"6,048",2024-01-17,,4739.2100
"6,049",2024-01-18,,4780.9399
"6,050",2024-01-19,,4839.8101
"6,051",2024-01-22,,4850.4302
"6,052",2024-01-23,,4864.6001
"6,053",2024-01-24,,4868.5498
"6,054",2024-01-25,,4894.1602
"6,055",2024-01-26,,4890.9702
"6,056",2024-01-29,,4927.9302
"6,057",2024-01-30,,4924.9702
"6,058",2024-01-31,,4845.6499
"6,059",2024-02-01,,4906.1899
"6,060",2024-02-02,,4958.6099
"6,061",2024-02-05,,4942.8101
"6,062",2024-02-06,,4954.2300
"6,063",2024-02-07,,4995.0601
"6,064",2024-02-08,,4997.9102
"6,065",2024-02-09,,5026.6099
"6,066",2024-02-12,,5021.8398
"6,067",2024-02-13,,4953.1699
"6,068",2024-02-14,,5000.6201
"6,069",2024-02-15,,5029.7300
"6,070",2024-02-16,,5005.5698
"6,071",2024-02-20,,4975.5098
"6,072",2024-02-21,,4981.7998
"6,073",2024-02-22,,5087.0298
"6,074",2024-02-23,,5088.7998
"6,075",2024-02-26,,5069.5298
"6,076",2024-02-27,,5078.1802
"6,077",2024-02-28,,5069.7598
"6,078",2024-02-29,,5096.2700
"6,079",2024-03-01,,5137.0801
"6,080",2024-03-04,,5130.9502
"6,081",2024-03-05,,5078.6499
"6,082",2024-03-06,,5104.7598
"6,083",2024-03-07,,5157.3599
"6,084",2024-03-08,,5123.6899
"6,085",2024-03-11,,5117.9399
"6,086",2024-03-12,,5175.2700
"6,087",2024-03-13,,5165.3101
"6,088",2024-03-14,,5150.4800
"6,089",2024-03-15,,5117.0898
"6,090",2024-03-18,,5149.4199
"6,091",2024-03-19,,5178.5098
"6,092",2024-03-20,,5224.6201
"6,093",2024-03-21,,5241.5298
"6,094",2024-03-22,,5234.1802
"6,095",2024-03-25,,5218.1899
"6,096",2024-03-26,,5203.5801
"6,097",2024-03-27,,5248.4902
"6,098",2024-03-28,,5254.3501
"6,099",2024-04-01,,5243.7700
"6,100",2024-04-02,,5205.8101
"6,101",2024-04-03,,5211.4902
"6,102",2024-04-04,,5147.2100
"6,103",2024-04-05,,5204.3398
"6,104",2024-04-08,,5202.3901
"6,105",2024-04-09,,5209.9102
"6,106",2024-04-10,,5160.6401
"6,107",2024-04-11,,5199.0601
"6,108",2024-04-12,,5123.4102
"6,109",2024-04-15,,5061.8198
"6,110",2024-04-16,,5051.4102
"6,111",2024-04-17,,5022.2100
"6,112",2024-04-18,,5011.1201
"6,113",2024-04-19,,4967.2300
"6,114",2024-04-22,,5010.6001
"6,115",2024-04-23,,5070.5498
"6,116",2024-04-24,,5071.6299
"6,117",2024-04-25,,5048.4199
"6,118",2024-04-26,,5099.9600
"6,119",2024-04-29,,5116.1699
"6,120",2024-04-30,,5035.6899
"6,121",2024-05-01,,5018.3901
"6,122",2024-05-02,,5064.2002
"6,123",2024-05-03,,5127.7900
"6,124",2024-05-06,,5180.7402
"6,125",2024-05-07,,5187.7002
"6,126",2024-05-08,,5187.6699
"6,127",2024-05-09,,5214.0801
"6,128",2024-05-10,,5222.6802
"6,129",2024-05-13,,5221.4199
"6,130",2024-05-14,,5246.6802
"6,131",2024-05-15,,5308.1499
"6,132",2024-05-16,,5297.1001
"6,133",2024-05-17,,5303.2700
"6,134",2024-05-20,,5308.1299
"6,135",2024-05-21,,5321.4102
"6,136",2024-05-22,,5307.0098
"6,137",2024-05-23,,5267.8398
"6,138",2024-05-24,,5304.7202
"6,139",2024-05-28,,5306.0400
"6,140",2024-05-29,,5266.9502
"6,141",2024-05-30,,5235.4800
"6,142",2024-05-31,,5277.5098
"6,143",2024-06-03,,5283.3999
"6,144",2024-06-04,,5291.3398
"6,145",2024-06-05,,5354.0298
"6,146",2024-06-06,,5352.9600
"6,147",2024-06-07,,5346.9902
"6,148",2024-06-10,,5360.7900
"6,149",2024-06-11,,5375.3198
"6,150",2024-06-12,,5421.0298
"6,151",2024-06-13,,5433.7402
"6,152",2024-06-14,,5431.6001
"6,153",2024-06-17,,5473.2300
"6,154",2024-06-18,,5487.0298
"6,155",2024-06-20,,5473.1699
"6,156",2024-06-21,,5464.6201
"6,157",2024-06-24,,5447.8701
"6,158",2024-06-25,,5469.2998
"6,159",2024-06-26,,5477.8999
"6,160",2024-06-27,,5482.8701
"6,161",2024-06-28,,5460.4800
"6,162",2024-07-01,,5475.0898
"6,163",2024-07-02,,5509.0098
"6,164",2024-07-03,,5537.0200
"6,165",2024-07-05,,5567.1899
"6,166",2024-07-08,,5572.8501
"6,167",2024-07-09,,5576.9800
"6,168",2024-07-10,,5633.9102
"6,169",2024-07-11,,5584.5400
"6,170",2024-07-12,,5615.3501
"6,171",2024-07-15,,5631.2202
"6,172",2024-07-16,,5667.2002
"6,173",2024-07-17,,5588.2700
"6,174",2024-07-18,,5544.5898
"6,175",2024-07-19,,5505.0000
"6,176",2024-07-22,,5564.4102
"6,177",2024-07-23,,5555.7402
"6,178",2024-07-24,,5427.1299
"6,179",2024-07-25,,5399.2202
"6,180",2024-07-26,,5459.1001
"6,181",2024-07-29,,5463.5400
"6,182",2024-07-30,,5436.4399
"6,183",2024-07-31,,5522.2998
"6,184",2024-08-01,,5446.6802
"6,185",2024-08-02,,5346.5601
"6,186",2024-08-05,,5186.3301
"6,187",2024-08-06,,5240.0298
"6,188",2024-08-07,,5199.5000
"6,189",2024-08-08,,5319.3101
"6,190",2024-08-09,,5344.1602
"6,191",2024-08-12,,5344.3901
"6,192",2024-08-13,,5434.4302
"6,193",2024-08-14,,5455.2100
"6,194",2024-08-15,,5543.2202
"6,195",2024-08-16,,5554.2500
"6,196",2024-08-19,,5608.2500
"6,197",2024-08-20,,5597.1201
"6,198",2024-08-21,,5620.8501
"6,199",2024-08-22,,5570.6401
"6,200",2024-08-23,,5634.6099
"6,201",2024-08-26,,5616.8398
"6,202",2024-08-27,,5625.7998
"6,203",2024-08-28,,5592.1802
"6,204",2024-08-29,,5591.9600
"6,205",2024-08-30,,5648.3999
"6,206",2024-09-03,,5528.9302
"6,207",2024-09-04,,5520.0698
"6,208",2024-09-05,,5503.4102
"6,209",2024-09-06,,5408.4199
"6,210",2024-09-09,,5453.9600
"6,211",2024-09-10,,5495.5200
"6,212",2024-09-11,,5554.1299
"6,213",2024-09-12,,5591.4302
"6,214",2024-09-13,,5618.6499
"6,215",2024-09-16,,5633.0898
"6,216",2024-09-17,,5622.8398
"6,217",2024-09-18,,5626.1699
"6,218",2024-09-19,,5713.6401
"6,219",2024-09-20,,5702.5498
"6,220",2024-09-23,,5717.3398
"6,221",2024-09-24,,5732.9302
"6,222",2024-09-25,,5722.2598
"6,223",2024-09-26,,5745.3701
"6,224",2024-09-27,,5738.1699
"6,225",2024-09-30,,5725.5898
"6,226",2024-10-01,,5708.7500
"6,227",2024-10-02,,5709.5400
"6,228",2024-10-03,,5699.9399
"6,229",2024-10-04,,5751.0698
"6,230",2024-10-07,,5695.9399
"6,231",2024-10-08,,5751.1299
"6,232",2024-10-09,,5792.0400
"6,233",2024-10-10,,5780.0498
"6,234",2024-10-11,,5816.4800
"6,235",2024-10-14,,5859.8501
"6,236",2024-10-15,,5812.7402
"6,237",2024-10-16,,5842.4702
"6,238",2024-10-17,,5847.5601
"6,239",2024-10-18,,5864.9102
"6,240",2024-10-21,,5841.3198
"6,241",2024-10-22,,5849.6802
"6,242",2024-10-23,,5797.4199
"6,243",2024-10-24,,5809.8599
"6,244",2024-10-25,,5808.1201
"6,245",2024-10-28,,5823.5200
"6,246",2024-10-29,,5842.1001
"6,247",2024-10-30,,5813.6699
"6,248",2024-10-31,,5705.4502
"6,249",2024-11-01,,5728.7998
"6,250",2024-11-04,,5731.3398
"6,251",2024-11-05,,5782.7598
"6,252",2024-11-06,,5929.0400
"6,253",2024-11-07,,5973.1001
"6,254",2024-11-08,,5994.1899
"6,255",2024-11-11,,6001.3501
"6,256",2024-11-12,,5983.9902
"6,257",2024-11-13,,5985.3799
"6,258",2024-11-14,,5949.1699
"6,259",2024-11-15,,5870.6201
"6,260",2024-11-18,,5893.6201
"6,261",2024-11-19,,5916.9800
"6,262",2024-11-20,,5917.1099
"6,263",2024-11-21,,5948.7100
"6,264",2024-11-22,,5969.3398
"6,265",2024-11-25,,5987.3701
"6,266",2024-11-26,,6021.6299
"6,267",2024-11-27,,5998.7402
"6,268",2024-11-29,,6032.3799
"6,269",2024-12-02,,6047.1499
"6,270",2024-12-03,,6049.8799
"6,271",2024-12-04,,6086.4902
"6,272",2024-12-05,,6075.1099
"6,273",2024-12-06,,6090.2700
"6,274",2024-12-09,,6052.8501
"6,275",2024-12-10,,6034.9102
"6,276",2024-12-11,,6085.8501
"6,277",2024-12-12,,6051.2500
"6,278",2024-12-13,,6051.0898
"6,279",2024-12-16,,6074.0801
"6,280",2024-12-17,,6044.7598
"6,281",2024-12-18,,6042.3198
"6,282",2024-12-19,,5867.0801
"6,283",2024-12-20,,5930.8501
"6,284",2024-12-23,,5974.0698
"6,285",2024-12-24,,6040.0400
"6,286",2024-12-26,,6037.5898
"6,287",2024-12-27,,5970.8398
"6,288",2024-12-30,,5906.9399
"6,289",2024-12-31,,5881.6299
"6,290",2025-01-02,,5868.5498
"6,291",2025-01-03,,5942.4702
"6,292",2025-01-06,,5975.3799
"6,293",2025-01-07,,5909.0298
"6,294",2025-01-08,,5918.2500
"6,295",2025-01-10,,5827.0400
"6,296",2025-01-13,,5836.2202
"6,297",2025-01-14,,5842.9102
"6,298",2025-01-15,,5949.9102
"6,299",2025-01-16,,5937.3398
"6,300",2025-01-17,,5996.6602
"6,301",2025-01-21,,6049.2402
"6,302",2025-01-22,,6086.3701
"6,303",2025-01-23,,6118.7100
"6,304",2025-01-24,,6101.2402
"6,305",2025-01-27,,5996.2900
"6,306",2025-01-28,,6067.7002
"6,307",2025-01-29,,6039.3101
"6,308",2025-01-30,,6068.0200
"6,309",2025-01-31,,6067.9600
"6,310",2025-02-03,,6007.9600
"6,311",2025-02-04,,6031.5298
"6,312",2025-02-05,,6050.4302
"6,313",2025-02-06,,6071.7402
"6,314",2025-02-07,,6034.3799
"6,315",2025-02-10,,6067.8501
"6,316",2025-02-11,,6066.1802
"6,317",2025-02-12,,6045.7402
"6,318",2025-02-13,,6093.7002
"6,319",2025-02-14,,6114.6299
"6,320",2025-02-18,,6112.7998
"6,321",2025-02-19,,6144.1499
"6,322",2025-02-20,,6117.5200
"6,323",2025-02-21,,6013.1299
"6,324",2025-02-24,,5983.2500
"6,325",2025-02-25,,5955.2500
"6,326",2025-02-26,,5956.0601
"6,327",2025-02-27,,5861.5698
"6,328",2025-02-28,,5954.5000
"6,329",2025-03-03,,5849.7202
"6,330",2025-03-04,,5778.1499
"6,331",2025-03-05,,5769.4302
"6,332",2025-03-06,,5738.5200
"6,333",2025-03-07,,5770.2002
"6,334",2025-03-10,,5614.5601
"6,335",2025-03-11,,5572.0698
"6,336",2025-03-12,,5599.2998
"6,337",2025-03-13,,5521.5200
"6,338",2025-03-14,,5638.9399
"6,339",2025-03-17,,5675.1201
"6,340",2025-03-18,,5614.6602
"6,341",2025-03-19,,5675.2900
"6,342",2025-03-20,,5662.8901
"6,343",2025-03-21,,5667.5601
"6,344",2025-03-24,,5767.5698
"6,345",2025-03-25,,5776.6499
"6,346",2025-03-26,,5712.2002
"6,347",2025-03-27,,5693.3101
"6,348",2025-03-28,,5580.9399
"6,349",2025-03-31,,5611.8501
"6,350",2025-04-01,,5633.0698
"6,351",2025-04-02,,5670.9702
"6,352",2025-04-03,,5396.5200
"6,353",2025-04-04,,5074.0801
"6,354",2025-04-07,,5062.2500
"6,355",2025-04-08,,4982.7700
"6,356",2025-04-09,,5456.8999
"6,357",2025-04-10,,5268.0498
"6,358",2025-04-11,,5363.3599
"6,359",2025-04-14,,5405.9702
"6,360",2025-04-15,,5396.6299
"6,361",2025-04-16,,5241.7100
"6,362",2025-04-17,,5301.6899
"6,363",2025-04-21,,5114.5400
"6,364",2025-04-22,,5286.6802
"6,365",2025-04-23,,5372.1499
"6,366",2025-04-24,,5470.5601
"6,367",2025-04-25,,5521.7998
"6,368",2025-04-28,,5511.4702
"6,369",2025-04-29,,5561.3701
"6,370",2025-04-30,,5519.8701
"6,371",2025-05-01,,5637.0298
"6,372",2025-05-02,,5682.6201
"6,373",2025-05-05,,5674.2998
"6,374",2025-05-06,,5606.9102
"6,375",2025-05-07,,5617.2798
"6,376",2025-05-08,,5700.1602
"6,377",2025-05-09,,5668.6401
"6,378",2025-05-12,,5835.4902
"6,379",2025-05-13,,5900.6602
"6,380",2025-05-14,,5887.7700
"6,381",2025-05-15,,5914.4502
"6,382",2025-05-16,,5953.7798
"6,383",2025-05-19,,5954.9902
"6,384",2025-05-20,,5911.3799
"6,385",2025-05-21,,5854.9502
"6,386",2025-05-22,,5874.0098
"6,387",2025-05-23,,5815.2100
"6,388",2025-05-27,,5915.7002
"6,389",2025-05-28,,5911.6001
"6,390",2025-05-29,,5903.7500
"6,391",2025-05-30,,5905.2002
"6,392",2025-06-02,,5931.1201
"6,393",2025-06-03,,5972.9502
"6,394",2025-06-04,,5981.7202
"6,395",2025-06-05,,5960.0898
"6,396",2025-06-06,,6007.7500
"6,397",2025-06-09,,6000.8999
"6,398",2025-06-10,,6037.9702
"6,399",2025-06-11,,6013.1802
"6,400",2025-06-12,,6042.2402
"6,401",2025-06-13,,5975.7002
"6,402",2025-06-16,,6028.2998
"6,403",2025-06-17,,5981.7202
"6,404",2025-06-18,,5987.9302
"6,405",2025-06-20,,5967.8398
"6,406",2025-06-23,,6015.3501
"6,407",2025-06-24,,6098.8301
"6,408",2025-06-25,,6090.5298
"6,409",2025-06-26,,6139.7300
"6,410",2025-06-27,,6173.0698
"6,411",2025-06-30,,6195.1201
"6,412",2025-07-01,,6198.0098
"6,413",2025-07-02,,6223.6401
"6,414",2025-07-03,,6279.3501
"6,415",2025-07-07,,6219.5098
"6,416",2025-07-08,,6226.4902
"6,417",2025-07-09,,6255.9902
"6,418",2025-07-10,,6280.4600
"6,419",2025-07-11,,6259.7500
"6,420",2025-07-14,,6268.5601
"6,421",2025-07-15,,6256.6499
"6,422",2025-07-16,,6263.7002
"6,423",2025-07-17,,6304.0098
"6,424",2025-07-18,,6291.7500
"6,425",2025-07-21,,6321.3301
"6,426",2025-07-22,,6311.8701
"6,427",2025-07-23,,6352.0601
"6,428",2025-07-24,,6373.3901
"6,429",2025-07-25,,6388.6401
"6,430",2025-07-28,,6379.6699
"6,431",2025-07-29,,6374.7100
"6,432",2025-07-30,,6342.3799
"6,433",2025-07-31,,6364.8901
"6,434",2025-08-01,,6230.5098
"6,435",2025-08-04,,6317.5698
"6,436",2025-08-05,,6307.1201
"6,437",2025-08-06,,6347.2598
"6,438",2025-08-07,,6323.6699
"6,439",2025-08-08,,6389.8999
"6,440",2025-08-11,,6382.9600
"6,441",2025-08-12,,6439.7900
"6,442",2025-08-13,,6458.0698
"6,443",2025-08-14,,6468.5400
"6,444",2025-08-15,,6449.7998
"6,445",2025-08-18,,6450.2002
"6,446",2025-08-19,,6402.9600
"6,447",2025-08-20,,6385.6602
"6,448",2025-08-21,,6375.9102
"6,449",2025-08-22,,6469.9199
"6,450",2025-08-25,,6453.0298
"6,451",2025-08-26,,6450.9399
"6,452",2025-08-27,,6481.3999
"6,453",2025-08-28,,6501.8599
"6,454",2025-08-29,,6460.2598
"6,455",2025-09-02,,6415.5400
"6,456",2025-09-03,,6448.2598
"6,457",2025-09-04,,6450.4600
"6,458",2025-09-05,,6473.7598
"6,459",2025-09-08,,6495.1499
"6,460",2025-09-09,,6508.8101
"6,461",2025-09-10,,6532.0400
"6,462",2025-09-11,,6587.4702
"6,463",2025-09-12,,6598.3501
"6,464",2025-09-15,,6615.2798
"6,465",2025-09-16,,6606.7598
"6,466",2025-09-17,,6600.3501
"6,467",2025-09-18,,6631.9600
"6,468",2025-09-19,,6664.3599
"6,469",2025-09-22,,6695.2998
"6,470",2025-09-23,,6648.8198
"6,471",2025-09-24,,6633.8901
"6,472",2025-09-25,,6604.4902
"6,473",2025-09-26,,6643.9902
"6,474",2025-09-29,,6657.1899
"6,475",2025-09-30,,6669.2002
"6,476",2025-10-01,,6718.2500
"6,477",2025-10-02,,6715.3501
"6,478",2025-10-03,,6715.7900
"6,479",2025-10-06,,6744.1899
"6,480",2025-10-07,,6712.5498
"6,481",2025-10-08,,6749.3198
"6,482",2025-10-09,,6735.1099
"6,483",2025-10-10,,6552.5098
"6,484",2025-10-13,,6654.7202
"6,485",2025-10-14,,6644.3101
"6,486",2025-10-15,,6671.0601
"6,487",2025-10-16,,6629.0698
"6,488",2025-10-17,,6664.0098
"6,489",2025-10-20,,6735.1299
"6,490",2025-10-21,,6735.3501
"6,491",2025-10-22,,6699.3999
"6,492",2025-10-23,,6738.4399
"6,493",2025-10-24,,6791.6899
"6,494",2025-10-27,,6863.0298
"6,495",2025-10-28,,6902.9800
"6,496",2025-10-29,,6875.6099
"6,497",2025-10-30,,6841.4102
"6,498",2025-10-31,,6846.8501
"6,499",2025-11-03,,6851.9702
"6,500",2025-11-04,,6771.5498
"6,501",2025-11-05,,6823.8599
"6,502",2025-11-06,,6744.7900
"6,503",2025-11-07,,6661.5898
"6,504",2025-11-10,,6832.4302
"6,505",2025-11-11,,6846.6099
"6,506",2025-11-12,,6850.9199
"6,507",2025-11-13,,6737.4902
"6,508",2025-11-14,,6734.1099
"6,509",2025-11-17,,6672.4102
"6,510",2025-11-18,,6617.3198
"6,511",2025-11-19,,6642.1602
"6,512",2025-11-20,,6555.6602
"6,513",2025-11-21,,6645.8701
"6,514",2025-11-24,,6705.1201
"6,515",2025-11-25,,6751.0298
"6,516",2025-11-26,,6812.6099
"6,517",2025-11-28,,6849.0898
"6,518",2025-12-01,,6835.2402
"6,519",2025-12-02,,6830.6699
"6,520",2025-12-03,,6849.7202
"6,521",2025-12-04,,6857.1201
"6,522",2025-12-05,,6872.2300
"6,523",2025-12-08,,6831.3301
"6,524",2025-12-09,,6840.5098
"6,525",2025-12-10,,6886.6802
"6,526",2025-12-11,,6901.0000
"6,527",2025-12-12,,6827.4102
"6,528",2025-12-15,,6816.5098
"6,529",2025-12-16,,6806.9199
"6,530",2025-12-17,,6721.4302
"6,531",2025-12-18,,6774.7598
"6,532",2025-12-19,,6834.5000
"6,533",2025-12-22,,6878.4902
"6,534",2025-12-23,,6909.7900
"6,535",2025-12-24,,6932.0498
"6,536",2025-12-26,,6929.9399
"6,537",2025-12-29,,6905.7402
"6,538",2025-12-30,,6896.2402
"6,539",2025-12-31,,6845.5000
"6,540",2026-01-02,,6858.4702
"6,541",2026-01-05,,6902.0498
"6,542",2026-01-06,,6943.2402
"6,543",2026-01-07,,6920.9302
"6,544",2026-01-08,,6921.4600
"6,545",2026-01-09,,6971.0098
"6,546",2026-01-12,,6975.1099
"6,547",2026-01-13,,6948.2500
"6,548",2026-01-14,,6926.6001
"6,549",2026-01-15,,6966.3799
"6,550",2026-01-16,,6958.6699
"6,551",2026-01-20,,6810.8599
"6,552",2026-01-21,,6875.6201
"6,553",2026-01-22,,6913.3501
"6,554",2026-01-23,,6915.6099
"6,555",2026-01-26,,6950.2300
"6,556",2026-01-27,,6978.6001
"6,557",2026-01-28,,6978.0298
"6,558",2026-01-29,,6969.0098
"6,559",2026-01-30,,6939.0298
"6,560",2026-02-02,,6989.3198
"6,561",2026-02-03,,6865.8301
"6,562",2026-02-04,,6857.2500
"6,563",2026-02-05,,6798.3999
"6,564",2026-02-06,,6915.5801
"6,565",2026-02-09,,6972.1602
"6,566",2026-02-10,,6941.8101
"6,567",2026-02-11,,6947.2998
"6,568",2026-02-12,,6866.8599
"6,569",2026-02-13,,6836.1699
"6,570",2026-02-17,,6860.8101
"6,571",2026-02-18,,6890.9102
"6,572",2026-02-19,,6861.8901
"6,573",2026-02-20,,6909.5098
"6,574",2026-02-23,,6837.7500
"6,575",2026-02-24,,6890.0698
"6,576",2026-02-25,,6946.1299
"6,577",2026-02-26,,6908.8599
"6,578",2026-02-27,,6878.8799
"6,579",2026-03-02,,6881.6201
"6,580",2026-03-03,,6826.7202
"6,581",2026-03-04,,6883.2100
"6,582",2026-03-05,,6830.7100
"6,583",2026-03-06,,6752.0801
"6,584",2026-03-09,,6795.9902
"6,585",2026-03-10,,6797.9800
"6,586",2026-03-11,,6775.7998
"6,587",2026-03-12,,6684.4102
"6,588",2026-03-13,,6632.1899
"6,589",2026-03-16,,6699.3799
"6,590",2026-03-17,,6716.0898
"6,591",2026-03-18,,6624.7002
"6,592",2026-03-19,,6606.4902
"6,593",2026-03-20,,6506.4800
"6,594",2026-03-23,,6581.0000
"6,595",2026-03-24,,6556.3701
"6,596",2026-03-25,,6591.8999
"6,597",2026-03-26,,6477.1602
"6,598",2026-03-27,,6368.8501
"6,599",2026-03-30,,6343.7202
"6,600",2026-03-31,,6528.5200
"6,601",2026-04-01,,6575.3198
"6,602",2026-04-02,,6582.6899
"6,603",2026-04-06,,6611.8301
"6,604",2026-04-07,,6562.2402
"6,605",2026-04-08,,6782.8101
"6,606",2026-04-09,,6819.7598
"6,607",2026-04-10,,6816.8901
"6,608",2026-04-13,,6886.2402
"6,609",2026-04-14,,6967.3799
"6,610",2026-04-15,,7022.9502
"6,611",2026-04-16,,7041.2798
"6,612",2026-04-17,,7126.0601
"6,613",2026-04-20,,7109.1401
"6,614",2026-04-21,,7064.0098
"6,615",2026-04-22,,7119.4399
"6,616",2026-04-23,,7108.3999
"6,617",2026-04-24,,7165.0801
"6,618",2026-04-27,,7173.9102
"6,619",2026-04-28,,7139.8301
"6,620",2026-04-29,,7124.6802
"6,621",2026-04-30,,7209.0098
"6,622",2026-05-01,,7238.0898
