id,date,label,value
1,2002-11-13,ICE - BofAML MOVE Index [MOVE],122.8800
2,2002-11-14,ICE - BofAML MOVE Index [MOVE],130.2900
3,2002-11-15,ICE - BofAML MOVE Index [MOVE],132.3500
4,2002-11-18,ICE - BofAML MOVE Index [MOVE],129.1400
5,2002-11-19,ICE - BofAML MOVE Index [MOVE],126.4900
6,2002-11-20,ICE - BofAML MOVE Index [MOVE],125.8700
7,2002-11-21,ICE - BofAML MOVE Index [MOVE],127.0200
8,2002-11-22,ICE - BofAML MOVE Index [MOVE],126.2700
9,2002-11-25,ICE - BofAML MOVE Index [MOVE],120.8400
10,2002-11-26,ICE - BofAML MOVE Index [MOVE],120.8100
11,2002-11-27,ICE - BofAML MOVE Index [MOVE],128.3100
12,2002-11-29,ICE - BofAML MOVE Index [MOVE],127.5200
13,2002-12-02,ICE - BofAML MOVE Index [MOVE],127.5200
14,2002-12-03,ICE - BofAML MOVE Index [MOVE],130.6400
15,2002-12-04,ICE - BofAML MOVE Index [MOVE],131.0600
16,2002-12-05,ICE - BofAML MOVE Index [MOVE],130.4400
17,2002-12-06,ICE - BofAML MOVE Index [MOVE],128.4600
18,2002-12-09,ICE - BofAML MOVE Index [MOVE],122.9600
19,2002-12-10,ICE - BofAML MOVE Index [MOVE],115.5900
20,2002-12-11,ICE - BofAML MOVE Index [MOVE],118.3300
21,2002-12-12,ICE - BofAML MOVE Index [MOVE],117.1600
22,2002-12-13,ICE - BofAML MOVE Index [MOVE],116.2100
23,2002-12-16,ICE - BofAML MOVE Index [MOVE],120.3300
24,2002-12-17,ICE - BofAML MOVE Index [MOVE],119.8300
25,2002-12-18,ICE - BofAML MOVE Index [MOVE],118.6300
26,2002-12-19,ICE - BofAML MOVE Index [MOVE],124.0700
27,2002-12-20,ICE - BofAML MOVE Index [MOVE],125.2500
28,2002-12-23,ICE - BofAML MOVE Index [MOVE],124.7800
29,2002-12-24,ICE - BofAML MOVE Index [MOVE],121.2500
30,2002-12-26,ICE - BofAML MOVE Index [MOVE],118.6100
31,2002-12-27,ICE - BofAML MOVE Index [MOVE],123.8700
32,2002-12-30,ICE - BofAML MOVE Index [MOVE],123.7200
33,2002-12-31,ICE - BofAML MOVE Index [MOVE],123.8900
34,2003-01-02,ICE - BofAML MOVE Index [MOVE],130.8700
35,2003-01-06,ICE - BofAML MOVE Index [MOVE],124.8300
36,2003-01-07,ICE - BofAML MOVE Index [MOVE],117.5300
37,2003-01-08,ICE - BofAML MOVE Index [MOVE],119.4200
38,2003-01-09,ICE - BofAML MOVE Index [MOVE],125.0800
39,2003-01-10,ICE - BofAML MOVE Index [MOVE],120.0200
40,2003-01-13,ICE - BofAML MOVE Index [MOVE],119.7900
41,2003-01-14,ICE - BofAML MOVE Index [MOVE],114.1600
42,2003-01-15,ICE - BofAML MOVE Index [MOVE],115.3500
43,2003-01-16,ICE - BofAML MOVE Index [MOVE],115.1500
44,2003-01-17,ICE - BofAML MOVE Index [MOVE],116.0200
45,2003-01-21,ICE - BofAML MOVE Index [MOVE],114.8000
46,2003-01-22,ICE - BofAML MOVE Index [MOVE],109.9400
47,2003-01-23,ICE - BofAML MOVE Index [MOVE],107.7300
48,2003-01-24,ICE - BofAML MOVE Index [MOVE],109.4100
49,2003-01-27,ICE - BofAML MOVE Index [MOVE],117.7300
50,2003-01-28,ICE - BofAML MOVE Index [MOVE],116.8900
51,2003-01-29,ICE - BofAML MOVE Index [MOVE],114.4900
52,2003-01-30,ICE - BofAML MOVE Index [MOVE],115.6200
53,2003-01-31,ICE - BofAML MOVE Index [MOVE],110.8900
54,2003-02-03,ICE - BofAML MOVE Index [MOVE],109.1200
55,2003-02-04,ICE - BofAML MOVE Index [MOVE],112.0600
56,2003-02-05,ICE - BofAML MOVE Index [MOVE],122.1300
57,2003-02-06,ICE - BofAML MOVE Index [MOVE],117.2200
58,2003-02-07,ICE - BofAML MOVE Index [MOVE],115.4900
59,2003-02-10,ICE - BofAML MOVE Index [MOVE],114.0700
60,2003-02-11,ICE - BofAML MOVE Index [MOVE],112.3200
61,2003-02-12,ICE - BofAML MOVE Index [MOVE],113.1400
62,2003-02-13,ICE - BofAML MOVE Index [MOVE],116.3400
63,2003-02-18,ICE - BofAML MOVE Index [MOVE],115.7800
64,2003-02-19,ICE - BofAML MOVE Index [MOVE],107.1300
65,2003-02-20,ICE - BofAML MOVE Index [MOVE],109.1700
66,2003-02-21,ICE - BofAML MOVE Index [MOVE],104.8500
67,2003-02-24,ICE - BofAML MOVE Index [MOVE],104.0500
68,2003-02-25,ICE - BofAML MOVE Index [MOVE],103.1000
69,2003-02-26,ICE - BofAML MOVE Index [MOVE],114.1600
70,2003-02-27,ICE - BofAML MOVE Index [MOVE],103.8000
71,2003-02-28,ICE - BofAML MOVE Index [MOVE],105.3600
72,2003-03-03,ICE - BofAML MOVE Index [MOVE],101.7600
73,2003-03-04,ICE - BofAML MOVE Index [MOVE],100.9400
74,2003-03-05,ICE - BofAML MOVE Index [MOVE],103.1500
75,2003-03-06,ICE - BofAML MOVE Index [MOVE],102.8400
76,2003-03-07,ICE - BofAML MOVE Index [MOVE],104.6000
77,2003-03-10,ICE - BofAML MOVE Index [MOVE],105.9800
78,2003-03-11,ICE - BofAML MOVE Index [MOVE],104.2800
79,2003-03-12,ICE - BofAML MOVE Index [MOVE],104.3300
80,2003-03-13,ICE - BofAML MOVE Index [MOVE],110.9900
81,2003-03-14,ICE - BofAML MOVE Index [MOVE],110.3500
82,2003-03-17,ICE - BofAML MOVE Index [MOVE],118.3700
83,2003-03-18,ICE - BofAML MOVE Index [MOVE],124.8800
84,2003-03-19,ICE - BofAML MOVE Index [MOVE],130.2800
85,2003-03-20,ICE - BofAML MOVE Index [MOVE],125.8300
86,2003-03-21,ICE - BofAML MOVE Index [MOVE],124.1800
87,2003-03-24,ICE - BofAML MOVE Index [MOVE],119.9700
88,2003-03-25,ICE - BofAML MOVE Index [MOVE],116.4500
89,2003-03-26,ICE - BofAML MOVE Index [MOVE],116.3000
90,2003-03-27,ICE - BofAML MOVE Index [MOVE],115.0600
91,2003-03-28,ICE - BofAML MOVE Index [MOVE],114.5000
92,2003-03-31,ICE - BofAML MOVE Index [MOVE],112.0900
93,2003-04-01,ICE - BofAML MOVE Index [MOVE],109.6600
94,2003-04-02,ICE - BofAML MOVE Index [MOVE],116.7900
95,2003-04-03,ICE - BofAML MOVE Index [MOVE],115.9400
96,2003-04-04,ICE - BofAML MOVE Index [MOVE],114.3700
97,2003-04-07,ICE - BofAML MOVE Index [MOVE],113.4800
98,2003-04-08,ICE - BofAML MOVE Index [MOVE],110.0800
99,2003-04-09,ICE - BofAML MOVE Index [MOVE],105.8800
100,2003-04-10,ICE - BofAML MOVE Index [MOVE],103.5700
101,2003-04-11,ICE - BofAML MOVE Index [MOVE],103.6600
102,2003-04-14,ICE - BofAML MOVE Index [MOVE],102.7200
103,2003-04-15,ICE - BofAML MOVE Index [MOVE],98.5700
104,2003-04-16,ICE - BofAML MOVE Index [MOVE],96.0300
105,2003-04-17,ICE - BofAML MOVE Index [MOVE],96.2000
106,2003-04-21,ICE - BofAML MOVE Index [MOVE],95.8000
107,2003-04-22,ICE - BofAML MOVE Index [MOVE],98.5700
108,2003-04-23,ICE - BofAML MOVE Index [MOVE],95.7900
109,2003-04-24,ICE - BofAML MOVE Index [MOVE],92.4300
110,2003-04-25,ICE - BofAML MOVE Index [MOVE],91.6600
111,2003-04-28,ICE - BofAML MOVE Index [MOVE],91.0600
112,2003-04-29,ICE - BofAML MOVE Index [MOVE],90.6400
113,2003-04-30,ICE - BofAML MOVE Index [MOVE],89.2700
114,2003-05-01,ICE - BofAML MOVE Index [MOVE],89.6700
115,2003-05-02,ICE - BofAML MOVE Index [MOVE],90.6700
116,2003-05-05,ICE - BofAML MOVE Index [MOVE],88.0700
117,2003-05-06,ICE - BofAML MOVE Index [MOVE],84.7300
118,2003-05-07,ICE - BofAML MOVE Index [MOVE],86.3700
119,2003-05-08,ICE - BofAML MOVE Index [MOVE],85.2900
120,2003-05-09,ICE - BofAML MOVE Index [MOVE],82.5600
121,2003-05-12,ICE - BofAML MOVE Index [MOVE],83.2100
122,2003-05-13,ICE - BofAML MOVE Index [MOVE],84.9700
123,2003-05-14,ICE - BofAML MOVE Index [MOVE],88.9200
124,2003-05-15,ICE - BofAML MOVE Index [MOVE],94.3900
125,2003-05-16,ICE - BofAML MOVE Index [MOVE],94.6400
126,2003-05-19,ICE - BofAML MOVE Index [MOVE],97.8800
127,2003-05-20,ICE - BofAML MOVE Index [MOVE],104.3900
128,2003-05-21,ICE - BofAML MOVE Index [MOVE],108.5400
129,2003-05-22,ICE - BofAML MOVE Index [MOVE],102.7800
130,2003-05-23,ICE - BofAML MOVE Index [MOVE],99.5300
131,2003-05-27,ICE - BofAML MOVE Index [MOVE],99.6100
132,2003-05-28,ICE - BofAML MOVE Index [MOVE],100.3500
133,2003-05-29,ICE - BofAML MOVE Index [MOVE],99.4300
134,2003-05-30,ICE - BofAML MOVE Index [MOVE],99.8100
135,2003-06-02,ICE - BofAML MOVE Index [MOVE],101.6500
136,2003-06-04,ICE - BofAML MOVE Index [MOVE],105.1800
137,2003-06-05,ICE - BofAML MOVE Index [MOVE],108.3800
138,2003-06-06,ICE - BofAML MOVE Index [MOVE],103.3500
139,2003-06-09,ICE - BofAML MOVE Index [MOVE],103.0700
140,2003-06-11,ICE - BofAML MOVE Index [MOVE],104.7000
141,2003-06-12,ICE - BofAML MOVE Index [MOVE],101.5800
142,2003-06-13,ICE - BofAML MOVE Index [MOVE],103.1800
143,2003-06-16,ICE - BofAML MOVE Index [MOVE],101.6000
144,2003-06-17,ICE - BofAML MOVE Index [MOVE],105.3500
145,2003-06-18,ICE - BofAML MOVE Index [MOVE],111.4600
146,2003-06-19,ICE - BofAML MOVE Index [MOVE],113.3900
147,2003-06-23,ICE - BofAML MOVE Index [MOVE],108.4500
148,2003-06-24,ICE - BofAML MOVE Index [MOVE],105.6600
149,2003-06-25,ICE - BofAML MOVE Index [MOVE],106.0900
150,2003-06-26,ICE - BofAML MOVE Index [MOVE],106.6000
151,2003-06-27,ICE - BofAML MOVE Index [MOVE],108.1900
152,2003-06-30,ICE - BofAML MOVE Index [MOVE],103.6000
153,2003-07-01,ICE - BofAML MOVE Index [MOVE],100.5600
154,2003-07-02,ICE - BofAML MOVE Index [MOVE],106.1000
155,2003-07-03,ICE - BofAML MOVE Index [MOVE],107.5100
156,2003-07-07,ICE - BofAML MOVE Index [MOVE],104.8800
157,2003-07-09,ICE - BofAML MOVE Index [MOVE],101.9800
158,2003-07-10,ICE - BofAML MOVE Index [MOVE],103.0900
159,2003-07-11,ICE - BofAML MOVE Index [MOVE],98.8700
160,2003-07-14,ICE - BofAML MOVE Index [MOVE],99.3000
161,2003-07-15,ICE - BofAML MOVE Index [MOVE],106.4200
162,2003-07-16,ICE - BofAML MOVE Index [MOVE],109.8900
163,2003-07-17,ICE - BofAML MOVE Index [MOVE],110.0600
164,2003-07-18,ICE - BofAML MOVE Index [MOVE],104.9200
165,2003-07-21,ICE - BofAML MOVE Index [MOVE],114.7400
166,2003-07-22,ICE - BofAML MOVE Index [MOVE],120.5000
167,2003-07-23,ICE - BofAML MOVE Index [MOVE],117.2000
168,2003-07-24,ICE - BofAML MOVE Index [MOVE],115.1200
169,2003-07-25,ICE - BofAML MOVE Index [MOVE],115.9300
170,2003-07-28,ICE - BofAML MOVE Index [MOVE],126.3600
171,2003-07-29,ICE - BofAML MOVE Index [MOVE],141.4400
172,2003-07-30,ICE - BofAML MOVE Index [MOVE],146.9900
173,2003-07-31,ICE - BofAML MOVE Index [MOVE],160.8600
174,2003-08-01,ICE - BofAML MOVE Index [MOVE],157.2200
175,2003-08-04,ICE - BofAML MOVE Index [MOVE],145.7100
176,2003-08-05,ICE - BofAML MOVE Index [MOVE],144.5000
177,2003-08-06,ICE - BofAML MOVE Index [MOVE],144.3800
178,2003-08-07,ICE - BofAML MOVE Index [MOVE],129.1500
179,2003-08-08,ICE - BofAML MOVE Index [MOVE],130.9600
180,2003-08-11,ICE - BofAML MOVE Index [MOVE],139.8300
181,2003-08-12,ICE - BofAML MOVE Index [MOVE],131.6700
182,2003-08-13,ICE - BofAML MOVE Index [MOVE],144.7500
183,2003-08-14,ICE - BofAML MOVE Index [MOVE],147.3900
184,2003-08-15,ICE - BofAML MOVE Index [MOVE],140.5900
185,2003-08-18,ICE - BofAML MOVE Index [MOVE],132.0100
186,2003-08-19,ICE - BofAML MOVE Index [MOVE],124.1200
187,2003-08-20,ICE - BofAML MOVE Index [MOVE],128.3200
188,2003-08-22,ICE - BofAML MOVE Index [MOVE],135.0900
189,2003-08-25,ICE - BofAML MOVE Index [MOVE],132.7900
190,2003-08-26,ICE - BofAML MOVE Index [MOVE],130.8000
191,2003-08-27,ICE - BofAML MOVE Index [MOVE],127.7200
192,2003-08-28,ICE - BofAML MOVE Index [MOVE],128.7300
193,2003-08-29,ICE - BofAML MOVE Index [MOVE],126.5500
194,2003-09-02,ICE - BofAML MOVE Index [MOVE],135.6000
195,2003-09-03,ICE - BofAML MOVE Index [MOVE],134.0900
196,2003-09-04,ICE - BofAML MOVE Index [MOVE],127.7800
197,2003-09-05,ICE - BofAML MOVE Index [MOVE],124.7300
198,2003-09-08,ICE - BofAML MOVE Index [MOVE],120.0900
199,2003-09-09,ICE - BofAML MOVE Index [MOVE],125.5600
200,2003-09-10,ICE - BofAML MOVE Index [MOVE],118.7600
201,2003-09-11,ICE - BofAML MOVE Index [MOVE],120.4100
202,2003-09-12,ICE - BofAML MOVE Index [MOVE],120.8700
203,2003-09-15,ICE - BofAML MOVE Index [MOVE],119.2800
204,2003-09-16,ICE - BofAML MOVE Index [MOVE],118.7000
205,2003-09-17,ICE - BofAML MOVE Index [MOVE],117.8200
206,2003-09-18,ICE - BofAML MOVE Index [MOVE],116.8900
207,2003-09-19,ICE - BofAML MOVE Index [MOVE],112.4000
208,2003-09-22,ICE - BofAML MOVE Index [MOVE],115.5000
209,2003-09-23,ICE - BofAML MOVE Index [MOVE],115.2000
210,2003-09-24,ICE - BofAML MOVE Index [MOVE],115.0000
211,2003-09-25,ICE - BofAML MOVE Index [MOVE],112.7000
212,2003-09-26,ICE - BofAML MOVE Index [MOVE],113.5000
213,2003-09-29,ICE - BofAML MOVE Index [MOVE],115.4300
214,2003-09-30,ICE - BofAML MOVE Index [MOVE],116.6900
215,2003-10-01,ICE - BofAML MOVE Index [MOVE],118.2400
216,2003-10-02,ICE - BofAML MOVE Index [MOVE],122.6600
217,2003-10-03,ICE - BofAML MOVE Index [MOVE],124.8000
218,2003-10-06,ICE - BofAML MOVE Index [MOVE],121.6000
219,2003-10-07,ICE - BofAML MOVE Index [MOVE],119.1600
220,2003-10-08,ICE - BofAML MOVE Index [MOVE],121.7000
221,2003-10-09,ICE - BofAML MOVE Index [MOVE],120.1600
222,2003-10-10,ICE - BofAML MOVE Index [MOVE],118.2700
223,2003-10-13,ICE - BofAML MOVE Index [MOVE],118.2700
224,2003-10-14,ICE - BofAML MOVE Index [MOVE],118.1500
225,2003-10-15,ICE - BofAML MOVE Index [MOVE],122.2900
226,2003-10-16,ICE - BofAML MOVE Index [MOVE],127.3800
227,2003-10-17,ICE - BofAML MOVE Index [MOVE],125.5500
228,2003-10-20,ICE - BofAML MOVE Index [MOVE],124.4100
229,2003-10-21,ICE - BofAML MOVE Index [MOVE],117.6600
230,2003-10-22,ICE - BofAML MOVE Index [MOVE],118.1700
231,2003-10-23,ICE - BofAML MOVE Index [MOVE],120.1000
232,2003-10-24,ICE - BofAML MOVE Index [MOVE],119.5600
233,2003-10-27,ICE - BofAML MOVE Index [MOVE],118.2000
234,2003-10-28,ICE - BofAML MOVE Index [MOVE],116.5200
235,2003-10-29,ICE - BofAML MOVE Index [MOVE],111.8400
236,2003-10-30,ICE - BofAML MOVE Index [MOVE],119.0200
237,2003-10-31,ICE - BofAML MOVE Index [MOVE],118.7600
238,2003-11-04,ICE - BofAML MOVE Index [MOVE],116.2300
239,2003-11-05,ICE - BofAML MOVE Index [MOVE],119.4600
240,2003-11-06,ICE - BofAML MOVE Index [MOVE],123.8800
241,2003-11-07,ICE - BofAML MOVE Index [MOVE],120.5700
242,2003-11-10,ICE - BofAML MOVE Index [MOVE],117.8200
243,2003-11-12,ICE - BofAML MOVE Index [MOVE],115.8100
244,2003-11-13,ICE - BofAML MOVE Index [MOVE],113.6800
245,2003-11-14,ICE - BofAML MOVE Index [MOVE],114.2500
246,2003-11-17,ICE - BofAML MOVE Index [MOVE],113.9800
247,2003-11-18,ICE - BofAML MOVE Index [MOVE],114.1000
248,2003-11-19,ICE - BofAML MOVE Index [MOVE],114.8500
249,2003-11-20,ICE - BofAML MOVE Index [MOVE],114.8500
250,2003-11-21,ICE - BofAML MOVE Index [MOVE],114.4400
251,2003-11-24,ICE - BofAML MOVE Index [MOVE],109.9700
252,2003-11-25,ICE - BofAML MOVE Index [MOVE],106.7300
253,2003-11-26,ICE - BofAML MOVE Index [MOVE],104.8500
254,2003-11-28,ICE - BofAML MOVE Index [MOVE],104.9100
255,2003-12-01,ICE - BofAML MOVE Index [MOVE],113.1400
256,2003-12-02,ICE - BofAML MOVE Index [MOVE],116.5300
257,2003-12-03,ICE - BofAML MOVE Index [MOVE],117.8800
258,2003-12-04,ICE - BofAML MOVE Index [MOVE],120.1800
259,2003-12-05,ICE - BofAML MOVE Index [MOVE],116.4200
260,2003-12-08,ICE - BofAML MOVE Index [MOVE],113.7600
261,2003-12-09,ICE - BofAML MOVE Index [MOVE],115.2800
262,2003-12-10,ICE - BofAML MOVE Index [MOVE],112.9100
263,2003-12-11,ICE - BofAML MOVE Index [MOVE],109.2000
264,2003-12-12,ICE - BofAML MOVE Index [MOVE],111.0500
265,2003-12-15,ICE - BofAML MOVE Index [MOVE],111.0100
266,2003-12-16,ICE - BofAML MOVE Index [MOVE],110.0500
267,2003-12-17,ICE - BofAML MOVE Index [MOVE],109.5800
268,2003-12-18,ICE - BofAML MOVE Index [MOVE],107.1100
269,2003-12-19,ICE - BofAML MOVE Index [MOVE],109.2300
270,2003-12-22,ICE - BofAML MOVE Index [MOVE],114.0900
271,2003-12-23,ICE - BofAML MOVE Index [MOVE],115.2800
272,2003-12-24,ICE - BofAML MOVE Index [MOVE],116.2300
273,2003-12-26,ICE - BofAML MOVE Index [MOVE],116.2300
274,2003-12-29,ICE - BofAML MOVE Index [MOVE],116.4700
275,2003-12-30,ICE - BofAML MOVE Index [MOVE],116.5400
276,2003-12-31,ICE - BofAML MOVE Index [MOVE],117.9100
277,2004-01-02,ICE - BofAML MOVE Index [MOVE],118.0100
278,2004-01-05,ICE - BofAML MOVE Index [MOVE],113.8400
279,2004-01-06,ICE - BofAML MOVE Index [MOVE],108.7700
280,2004-01-07,ICE - BofAML MOVE Index [MOVE],110.9100
281,2004-01-08,ICE - BofAML MOVE Index [MOVE],109.7100
282,2004-01-09,ICE - BofAML MOVE Index [MOVE],102.8200
283,2004-01-12,ICE - BofAML MOVE Index [MOVE],100.2100
284,2004-01-13,ICE - BofAML MOVE Index [MOVE],97.5400
285,2004-01-14,ICE - BofAML MOVE Index [MOVE],100.8300
286,2004-01-15,ICE - BofAML MOVE Index [MOVE],103.6400
287,2004-01-16,ICE - BofAML MOVE Index [MOVE],104.5300
288,2004-01-20,ICE - BofAML MOVE Index [MOVE],102.7300
289,2004-01-21,ICE - BofAML MOVE Index [MOVE],103.4300
290,2004-01-22,ICE - BofAML MOVE Index [MOVE],105.7300
291,2004-01-23,ICE - BofAML MOVE Index [MOVE],112.2200
292,2004-01-26,ICE - BofAML MOVE Index [MOVE],114.4400
293,2004-01-27,ICE - BofAML MOVE Index [MOVE],111.6000
294,2004-01-28,ICE - BofAML MOVE Index [MOVE],116.5300
295,2004-01-29,ICE - BofAML MOVE Index [MOVE],124.9300
296,2004-01-30,ICE - BofAML MOVE Index [MOVE],116.7500
297,2004-02-02,ICE - BofAML MOVE Index [MOVE],116.2100
298,2004-02-03,ICE - BofAML MOVE Index [MOVE],116.4000
299,2004-02-04,ICE - BofAML MOVE Index [MOVE],120.7100
300,2004-02-05,ICE - BofAML MOVE Index [MOVE],125.7300
301,2004-02-06,ICE - BofAML MOVE Index [MOVE],115.1100
302,2004-02-09,ICE - BofAML MOVE Index [MOVE],107.4300
303,2004-02-10,ICE - BofAML MOVE Index [MOVE],107.4200
304,2004-02-11,ICE - BofAML MOVE Index [MOVE],95.6200
305,2004-02-12,ICE - BofAML MOVE Index [MOVE],96.3400
306,2004-02-13,ICE - BofAML MOVE Index [MOVE],96.3300
307,2004-02-17,ICE - BofAML MOVE Index [MOVE],93.6100
308,2004-02-18,ICE - BofAML MOVE Index [MOVE],92.6300
309,2004-02-19,ICE - BofAML MOVE Index [MOVE],91.6500
310,2004-02-20,ICE - BofAML MOVE Index [MOVE],92.8300
311,2004-02-23,ICE - BofAML MOVE Index [MOVE],91.0400
312,2004-02-24,ICE - BofAML MOVE Index [MOVE],90.9400
313,2004-02-25,ICE - BofAML MOVE Index [MOVE],92.3600
314,2004-02-26,ICE - BofAML MOVE Index [MOVE],93.2000
315,2004-02-27,ICE - BofAML MOVE Index [MOVE],90.1400
316,2004-03-01,ICE - BofAML MOVE Index [MOVE],90.1400
317,2004-03-02,ICE - BofAML MOVE Index [MOVE],96.0800
318,2004-03-03,ICE - BofAML MOVE Index [MOVE],104.3700
319,2004-03-04,ICE - BofAML MOVE Index [MOVE],100.2300
320,2004-03-05,ICE - BofAML MOVE Index [MOVE],92.3000
321,2004-03-08,ICE - BofAML MOVE Index [MOVE],91.5800
322,2004-03-09,ICE - BofAML MOVE Index [MOVE],93.3000
323,2004-03-10,ICE - BofAML MOVE Index [MOVE],95.4900
324,2004-03-11,ICE - BofAML MOVE Index [MOVE],99.8500
325,2004-03-12,ICE - BofAML MOVE Index [MOVE],97.7500
326,2004-03-15,ICE - BofAML MOVE Index [MOVE],96.4100
327,2004-03-16,ICE - BofAML MOVE Index [MOVE],95.0200
328,2004-03-17,ICE - BofAML MOVE Index [MOVE],96.3200
329,2004-03-18,ICE - BofAML MOVE Index [MOVE],97.6000
330,2004-03-19,ICE - BofAML MOVE Index [MOVE],97.6000
331,2004-03-22,ICE - BofAML MOVE Index [MOVE],97.6000
332,2004-03-23,ICE - BofAML MOVE Index [MOVE],96.7000
333,2004-03-24,ICE - BofAML MOVE Index [MOVE],96.7000
334,2004-03-25,ICE - BofAML MOVE Index [MOVE],97.4000
335,2004-03-26,ICE - BofAML MOVE Index [MOVE],105.3000
336,2004-03-29,ICE - BofAML MOVE Index [MOVE],101.7400
337,2004-03-30,ICE - BofAML MOVE Index [MOVE],102.0000
338,2004-03-31,ICE - BofAML MOVE Index [MOVE],105.9200
339,2004-04-01,ICE - BofAML MOVE Index [MOVE],112.4000
340,2004-04-02,ICE - BofAML MOVE Index [MOVE],112.1600
341,2004-04-05,ICE - BofAML MOVE Index [MOVE],115.9600
342,2004-04-06,ICE - BofAML MOVE Index [MOVE],103.0800
343,2004-04-07,ICE - BofAML MOVE Index [MOVE],117.3400
344,2004-04-08,ICE - BofAML MOVE Index [MOVE],115.5000
345,2004-04-12,ICE - BofAML MOVE Index [MOVE],112.1400
346,2004-04-13,ICE - BofAML MOVE Index [MOVE],113.1200
347,2004-04-14,ICE - BofAML MOVE Index [MOVE],115.3000
348,2004-04-15,ICE - BofAML MOVE Index [MOVE],117.5700
349,2004-04-16,ICE - BofAML MOVE Index [MOVE],117.4600
350,2004-04-19,ICE - BofAML MOVE Index [MOVE],115.0900
351,2004-04-20,ICE - BofAML MOVE Index [MOVE],118.3500
352,2004-04-21,ICE - BofAML MOVE Index [MOVE],117.7900
353,2004-04-22,ICE - BofAML MOVE Index [MOVE],113.1400
354,2004-04-23,ICE - BofAML MOVE Index [MOVE],114.6800
355,2004-04-26,ICE - BofAML MOVE Index [MOVE],114.2100
356,2004-04-27,ICE - BofAML MOVE Index [MOVE],119.9700
357,2004-04-28,ICE - BofAML MOVE Index [MOVE],120.2400
358,2004-04-29,ICE - BofAML MOVE Index [MOVE],121.5500
359,2004-04-30,ICE - BofAML MOVE Index [MOVE],122.9300
360,2004-05-03,ICE - BofAML MOVE Index [MOVE],123.0600
361,2004-05-04,ICE - BofAML MOVE Index [MOVE],119.9800
362,2004-05-05,ICE - BofAML MOVE Index [MOVE],132.9900
363,2004-05-06,ICE - BofAML MOVE Index [MOVE],137.8100
364,2004-05-07,ICE - BofAML MOVE Index [MOVE],122.8900
365,2004-05-10,ICE - BofAML MOVE Index [MOVE],109.7500
366,2004-05-11,ICE - BofAML MOVE Index [MOVE],106.3300
367,2004-05-12,ICE - BofAML MOVE Index [MOVE],108.8000
368,2004-05-13,ICE - BofAML MOVE Index [MOVE],114.5300
369,2004-05-14,ICE - BofAML MOVE Index [MOVE],114.5300
370,2004-05-17,ICE - BofAML MOVE Index [MOVE],112.4300
371,2004-05-18,ICE - BofAML MOVE Index [MOVE],109.9600
372,2004-05-19,ICE - BofAML MOVE Index [MOVE],109.4900
373,2004-05-20,ICE - BofAML MOVE Index [MOVE],108.2900
374,2004-05-21,ICE - BofAML MOVE Index [MOVE],107.7700
375,2004-05-24,ICE - BofAML MOVE Index [MOVE],103.1000
376,2004-05-25,ICE - BofAML MOVE Index [MOVE],103.5900
377,2004-05-26,ICE - BofAML MOVE Index [MOVE],107.1800
378,2004-05-27,ICE - BofAML MOVE Index [MOVE],104.7800
379,2004-05-28,ICE - BofAML MOVE Index [MOVE],106.1200
380,2004-06-01,ICE - BofAML MOVE Index [MOVE],108.7100
381,2004-06-02,ICE - BofAML MOVE Index [MOVE],121.5000
382,2004-06-03,ICE - BofAML MOVE Index [MOVE],116.6600
383,2004-06-04,ICE - BofAML MOVE Index [MOVE],102.3300
384,2004-06-07,ICE - BofAML MOVE Index [MOVE],96.0200
385,2004-06-08,ICE - BofAML MOVE Index [MOVE],97.1200
386,2004-06-09,ICE - BofAML MOVE Index [MOVE],97.6800
387,2004-06-10,ICE - BofAML MOVE Index [MOVE],98.7100
388,2004-06-14,ICE - BofAML MOVE Index [MOVE],103.8600
389,2004-06-15,ICE - BofAML MOVE Index [MOVE],101.1000
390,2004-06-16,ICE - BofAML MOVE Index [MOVE],101.7900
391,2004-06-17,ICE - BofAML MOVE Index [MOVE],101.3300
392,2004-06-18,ICE - BofAML MOVE Index [MOVE],99.1200
393,2004-06-21,ICE - BofAML MOVE Index [MOVE],97.3600
394,2004-06-22,ICE - BofAML MOVE Index [MOVE],100.3600
395,2004-06-23,ICE - BofAML MOVE Index [MOVE],101.3600
396,2004-06-24,ICE - BofAML MOVE Index [MOVE],103.7700
397,2004-06-25,ICE - BofAML MOVE Index [MOVE],100.9500
398,2004-06-28,ICE - BofAML MOVE Index [MOVE],102.0300
399,2004-06-29,ICE - BofAML MOVE Index [MOVE],99.9600
400,2004-06-30,ICE - BofAML MOVE Index [MOVE],93.9100
401,2004-07-01,ICE - BofAML MOVE Index [MOVE],99.7200
402,2004-07-02,ICE - BofAML MOVE Index [MOVE],94.7100
403,2004-07-06,ICE - BofAML MOVE Index [MOVE],91.1300
404,2004-07-07,ICE - BofAML MOVE Index [MOVE],95.0400
405,2004-07-08,ICE - BofAML MOVE Index [MOVE],94.4300
406,2004-07-09,ICE - BofAML MOVE Index [MOVE],97.0700
407,2004-07-12,ICE - BofAML MOVE Index [MOVE],97.5300
408,2004-07-13,ICE - BofAML MOVE Index [MOVE],103.8400
409,2004-07-14,ICE - BofAML MOVE Index [MOVE],102.1900
410,2004-07-15,ICE - BofAML MOVE Index [MOVE],99.6300
411,2004-07-16,ICE - BofAML MOVE Index [MOVE],99.7100
412,2004-07-19,ICE - BofAML MOVE Index [MOVE],95.3200
413,2004-07-20,ICE - BofAML MOVE Index [MOVE],97.1800
414,2004-07-21,ICE - BofAML MOVE Index [MOVE],93.7100
415,2004-07-22,ICE - BofAML MOVE Index [MOVE],91.8600
416,2004-07-23,ICE - BofAML MOVE Index [MOVE],90.5300
417,2004-07-26,ICE - BofAML MOVE Index [MOVE],90.2300
418,2004-07-27,ICE - BofAML MOVE Index [MOVE],94.7900
419,2004-07-28,ICE - BofAML MOVE Index [MOVE],98.0900
420,2004-07-29,ICE - BofAML MOVE Index [MOVE],97.1300
421,2004-07-30,ICE - BofAML MOVE Index [MOVE],97.2100
422,2004-08-02,ICE - BofAML MOVE Index [MOVE],99.3100
423,2004-08-03,ICE - BofAML MOVE Index [MOVE],98.9000
424,2004-08-04,ICE - BofAML MOVE Index [MOVE],106.4600
425,2004-08-05,ICE - BofAML MOVE Index [MOVE],106.8300
426,2004-08-06,ICE - BofAML MOVE Index [MOVE],103.1100
427,2004-08-09,ICE - BofAML MOVE Index [MOVE],98.8500
428,2004-08-10,ICE - BofAML MOVE Index [MOVE],96.5300
429,2004-08-11,ICE - BofAML MOVE Index [MOVE],89.7200
430,2004-08-12,ICE - BofAML MOVE Index [MOVE],93.3400
431,2004-08-13,ICE - BofAML MOVE Index [MOVE],96.1300
432,2004-08-16,ICE - BofAML MOVE Index [MOVE],94.4600
433,2004-08-17,ICE - BofAML MOVE Index [MOVE],102.4200
434,2004-08-18,ICE - BofAML MOVE Index [MOVE],106.7100
435,2004-08-19,ICE - BofAML MOVE Index [MOVE],100.6800
436,2004-08-20,ICE - BofAML MOVE Index [MOVE],100.8800
437,2004-08-23,ICE - BofAML MOVE Index [MOVE],104.4200
438,2004-08-24,ICE - BofAML MOVE Index [MOVE],103.4500
439,2004-08-25,ICE - BofAML MOVE Index [MOVE],102.9400
440,2004-08-26,ICE - BofAML MOVE Index [MOVE],102.5300
441,2004-08-27,ICE - BofAML MOVE Index [MOVE],102.0000
442,2004-08-30,ICE - BofAML MOVE Index [MOVE],100.0300
443,2004-08-31,ICE - BofAML MOVE Index [MOVE],102.6600
444,2004-09-01,ICE - BofAML MOVE Index [MOVE],105.4400
445,2004-09-02,ICE - BofAML MOVE Index [MOVE],106.8600
446,2004-09-03,ICE - BofAML MOVE Index [MOVE],89.2900
447,2004-09-07,ICE - BofAML MOVE Index [MOVE],84.9500
448,2004-09-08,ICE - BofAML MOVE Index [MOVE],100.5100
449,2004-09-09,ICE - BofAML MOVE Index [MOVE],98.7300
450,2004-09-10,ICE - BofAML MOVE Index [MOVE],96.5800
451,2004-09-13,ICE - BofAML MOVE Index [MOVE],91.7300
452,2004-09-14,ICE - BofAML MOVE Index [MOVE],92.2200
453,2004-09-15,ICE - BofAML MOVE Index [MOVE],91.9800
454,2004-09-16,ICE - BofAML MOVE Index [MOVE],91.0800
455,2004-09-17,ICE - BofAML MOVE Index [MOVE],93.6600
456,2004-09-20,ICE - BofAML MOVE Index [MOVE],92.2300
457,2004-09-21,ICE - BofAML MOVE Index [MOVE],88.2400
458,2004-09-22,ICE - BofAML MOVE Index [MOVE],91.6000
459,2004-09-23,ICE - BofAML MOVE Index [MOVE],98.1900
460,2004-09-24,ICE - BofAML MOVE Index [MOVE],95.6300
461,2004-09-27,ICE - BofAML MOVE Index [MOVE],93.3900
462,2004-09-28,ICE - BofAML MOVE Index [MOVE],92.3400
463,2004-09-29,ICE - BofAML MOVE Index [MOVE],92.5600
464,2004-09-30,ICE - BofAML MOVE Index [MOVE],92.8900
465,2004-10-01,ICE - BofAML MOVE Index [MOVE],93.0800
466,2004-10-04,ICE - BofAML MOVE Index [MOVE],90.7600
467,2004-10-05,ICE - BofAML MOVE Index [MOVE],87.4200
468,2004-10-06,ICE - BofAML MOVE Index [MOVE],96.2900
469,2004-10-07,ICE - BofAML MOVE Index [MOVE],100.6000
470,2004-10-08,ICE - BofAML MOVE Index [MOVE],91.3800
471,2004-10-12,ICE - BofAML MOVE Index [MOVE],92.5400
472,2004-10-13,ICE - BofAML MOVE Index [MOVE],91.8300
473,2004-10-14,ICE - BofAML MOVE Index [MOVE],91.2200
474,2004-10-15,ICE - BofAML MOVE Index [MOVE],90.5900
475,2004-10-18,ICE - BofAML MOVE Index [MOVE],86.8800
476,2004-10-19,ICE - BofAML MOVE Index [MOVE],85.8500
477,2004-10-20,ICE - BofAML MOVE Index [MOVE],92.1000
478,2004-10-21,ICE - BofAML MOVE Index [MOVE],86.5400
479,2004-10-22,ICE - BofAML MOVE Index [MOVE],85.8400
480,2004-10-25,ICE - BofAML MOVE Index [MOVE],88.4200
481,2004-10-26,ICE - BofAML MOVE Index [MOVE],91.9100
482,2004-10-27,ICE - BofAML MOVE Index [MOVE],95.4200
483,2004-10-28,ICE - BofAML MOVE Index [MOVE],97.2700
484,2004-10-29,ICE - BofAML MOVE Index [MOVE],96.4500
485,2004-11-01,ICE - BofAML MOVE Index [MOVE],96.7900
486,2004-11-02,ICE - BofAML MOVE Index [MOVE],98.5200
487,2004-11-03,ICE - BofAML MOVE Index [MOVE],105.3800
488,2004-11-04,ICE - BofAML MOVE Index [MOVE],102.8100
489,2004-11-05,ICE - BofAML MOVE Index [MOVE],92.6800
490,2004-11-08,ICE - BofAML MOVE Index [MOVE],91.2000
491,2004-11-09,ICE - BofAML MOVE Index [MOVE],89.0400
492,2004-11-10,ICE - BofAML MOVE Index [MOVE],86.7700
493,2004-11-12,ICE - BofAML MOVE Index [MOVE],85.9300
494,2004-11-15,ICE - BofAML MOVE Index [MOVE],86.7200
495,2004-11-16,ICE - BofAML MOVE Index [MOVE],86.8300
496,2004-11-17,ICE - BofAML MOVE Index [MOVE],86.2100
497,2004-11-18,ICE - BofAML MOVE Index [MOVE],86.0000
498,2004-11-19,ICE - BofAML MOVE Index [MOVE],87.6000
499,2004-11-22,ICE - BofAML MOVE Index [MOVE],86.0400
500,2004-11-23,ICE - BofAML MOVE Index [MOVE],85.6800
501,2004-11-24,ICE - BofAML MOVE Index [MOVE],83.2000
502,2004-11-26,ICE - BofAML MOVE Index [MOVE],84.9000
503,2004-11-29,ICE - BofAML MOVE Index [MOVE],90.6500
504,2004-11-30,ICE - BofAML MOVE Index [MOVE],89.5600
505,2004-12-01,ICE - BofAML MOVE Index [MOVE],88.2300
506,2004-12-02,ICE - BofAML MOVE Index [MOVE],91.2300
507,2004-12-03,ICE - BofAML MOVE Index [MOVE],78.1200
508,2004-12-06,ICE - BofAML MOVE Index [MOVE],72.3300
509,2004-12-07,ICE - BofAML MOVE Index [MOVE],66.7600
510,2004-12-08,ICE - BofAML MOVE Index [MOVE],82.0200
511,2004-12-09,ICE - BofAML MOVE Index [MOVE],83.0200
512,2004-12-10,ICE - BofAML MOVE Index [MOVE],82.9800
513,2004-12-13,ICE - BofAML MOVE Index [MOVE],82.2200
514,2004-12-14,ICE - BofAML MOVE Index [MOVE],80.2300
515,2004-12-15,ICE - BofAML MOVE Index [MOVE],82.3000
516,2004-12-16,ICE - BofAML MOVE Index [MOVE],86.3000
517,2004-12-17,ICE - BofAML MOVE Index [MOVE],86.4300
518,2004-12-20,ICE - BofAML MOVE Index [MOVE],81.6400
519,2004-12-21,ICE - BofAML MOVE Index [MOVE],80.5500
520,2004-12-22,ICE - BofAML MOVE Index [MOVE],81.0800
521,2004-12-23,ICE - BofAML MOVE Index [MOVE],80.6700
522,2004-12-27,ICE - BofAML MOVE Index [MOVE],82.6300
523,2004-12-28,ICE - BofAML MOVE Index [MOVE],85.8000
524,2004-12-29,ICE - BofAML MOVE Index [MOVE],85.1000
525,2004-12-30,ICE - BofAML MOVE Index [MOVE],86.6000
526,2004-12-31,ICE - BofAML MOVE Index [MOVE],86.6000
527,2005-01-03,ICE - BofAML MOVE Index [MOVE],83.9000
528,2005-01-04,ICE - BofAML MOVE Index [MOVE],83.3000
529,2005-01-05,ICE - BofAML MOVE Index [MOVE],93.2000
530,2005-01-06,ICE - BofAML MOVE Index [MOVE],92.4000
531,2005-01-07,ICE - BofAML MOVE Index [MOVE],92.3800
532,2005-01-10,ICE - BofAML MOVE Index [MOVE],79.0100
533,2005-01-11,ICE - BofAML MOVE Index [MOVE],77.8500
534,2005-01-12,ICE - BofAML MOVE Index [MOVE],76.9500
535,2005-01-13,ICE - BofAML MOVE Index [MOVE],75.7700
536,2005-01-14,ICE - BofAML MOVE Index [MOVE],76.6100
537,2005-01-18,ICE - BofAML MOVE Index [MOVE],76.5300
538,2005-01-19,ICE - BofAML MOVE Index [MOVE],75.9600
539,2005-01-20,ICE - BofAML MOVE Index [MOVE],74.4600
540,2005-01-21,ICE - BofAML MOVE Index [MOVE],76.3000
541,2005-01-24,ICE - BofAML MOVE Index [MOVE],76.9500
542,2005-01-25,ICE - BofAML MOVE Index [MOVE],77.3200
543,2005-01-26,ICE - BofAML MOVE Index [MOVE],78.1900
544,2005-01-27,ICE - BofAML MOVE Index [MOVE],80.2100
545,2005-01-28,ICE - BofAML MOVE Index [MOVE],78.6200
546,2005-01-31,ICE - BofAML MOVE Index [MOVE],79.2900
547,2005-02-01,ICE - BofAML MOVE Index [MOVE],75.9600
548,2005-02-02,ICE - BofAML MOVE Index [MOVE],83.9000
549,2005-02-03,ICE - BofAML MOVE Index [MOVE],83.7800
550,2005-02-04,ICE - BofAML MOVE Index [MOVE],75.5100
551,2005-02-07,ICE - BofAML MOVE Index [MOVE],72.2400
552,2005-02-08,ICE - BofAML MOVE Index [MOVE],72.8400
553,2005-02-09,ICE - BofAML MOVE Index [MOVE],77.1000
554,2005-02-10,ICE - BofAML MOVE Index [MOVE],80.4000
555,2005-02-11,ICE - BofAML MOVE Index [MOVE],81.9500
556,2005-02-14,ICE - BofAML MOVE Index [MOVE],84.6600
557,2005-02-15,ICE - BofAML MOVE Index [MOVE],84.1200
558,2005-02-16,ICE - BofAML MOVE Index [MOVE],84.1000
559,2005-02-17,ICE - BofAML MOVE Index [MOVE],74.2400
560,2005-02-18,ICE - BofAML MOVE Index [MOVE],78.4600
561,2005-02-22,ICE - BofAML MOVE Index [MOVE],83.9900
562,2005-02-23,ICE - BofAML MOVE Index [MOVE],81.6900
563,2005-02-24,ICE - BofAML MOVE Index [MOVE],82.9400
564,2005-02-25,ICE - BofAML MOVE Index [MOVE],80.7000
565,2005-02-28,ICE - BofAML MOVE Index [MOVE],90.0500
566,2005-03-01,ICE - BofAML MOVE Index [MOVE],89.2300
567,2005-03-02,ICE - BofAML MOVE Index [MOVE],101.4100
568,2005-03-03,ICE - BofAML MOVE Index [MOVE],99.4400
569,2005-03-04,ICE - BofAML MOVE Index [MOVE],83.0000
570,2005-03-07,ICE - BofAML MOVE Index [MOVE],76.3000
571,2005-03-08,ICE - BofAML MOVE Index [MOVE],81.9300
572,2005-03-09,ICE - BofAML MOVE Index [MOVE],92.1000
573,2005-03-10,ICE - BofAML MOVE Index [MOVE],91.1400
574,2005-03-11,ICE - BofAML MOVE Index [MOVE],93.7000
575,2005-03-14,ICE - BofAML MOVE Index [MOVE],93.2000
576,2005-03-15,ICE - BofAML MOVE Index [MOVE],92.0000
577,2005-03-16,ICE - BofAML MOVE Index [MOVE],90.7700
578,2005-03-17,ICE - BofAML MOVE Index [MOVE],92.1200
579,2005-03-18,ICE - BofAML MOVE Index [MOVE],90.1000
580,2005-03-21,ICE - BofAML MOVE Index [MOVE],91.3000
581,2005-03-22,ICE - BofAML MOVE Index [MOVE],90.7000
582,2005-03-23,ICE - BofAML MOVE Index [MOVE],89.0000
583,2005-03-24,ICE - BofAML MOVE Index [MOVE],88.3700
584,2005-03-28,ICE - BofAML MOVE Index [MOVE],88.9100
585,2005-03-29,ICE - BofAML MOVE Index [MOVE],89.5900
586,2005-03-30,ICE - BofAML MOVE Index [MOVE],91.0000
587,2005-03-31,ICE - BofAML MOVE Index [MOVE],87.7000
588,2005-04-01,ICE - BofAML MOVE Index [MOVE],75.1600
589,2005-04-04,ICE - BofAML MOVE Index [MOVE],75.1100
590,2005-04-05,ICE - BofAML MOVE Index [MOVE],73.6400
591,2005-04-06,ICE - BofAML MOVE Index [MOVE],81.1500
592,2005-04-07,ICE - BofAML MOVE Index [MOVE],79.2800
593,2005-04-08,ICE - BofAML MOVE Index [MOVE],81.4000
594,2005-04-11,ICE - BofAML MOVE Index [MOVE],78.2000
595,2005-04-12,ICE - BofAML MOVE Index [MOVE],75.9400
596,2005-04-13,ICE - BofAML MOVE Index [MOVE],75.5900
597,2005-04-14,ICE - BofAML MOVE Index [MOVE],74.4200
598,2005-04-15,ICE - BofAML MOVE Index [MOVE],83.8400
599,2005-04-18,ICE - BofAML MOVE Index [MOVE],83.8400
600,2005-04-19,ICE - BofAML MOVE Index [MOVE],84.1100
601,2005-04-20,ICE - BofAML MOVE Index [MOVE],84.0000
602,2005-04-21,ICE - BofAML MOVE Index [MOVE],85.8100
603,2005-04-22,ICE - BofAML MOVE Index [MOVE],84.1800
604,2005-04-25,ICE - BofAML MOVE Index [MOVE],78.5500
605,2005-04-26,ICE - BofAML MOVE Index [MOVE],79.2000
606,2005-04-27,ICE - BofAML MOVE Index [MOVE],79.1200
607,2005-04-28,ICE - BofAML MOVE Index [MOVE],78.2500
608,2005-04-29,ICE - BofAML MOVE Index [MOVE],82.5300
609,2005-05-02,ICE - BofAML MOVE Index [MOVE],82.3000
610,2005-05-03,ICE - BofAML MOVE Index [MOVE],81.5000
611,2005-05-04,ICE - BofAML MOVE Index [MOVE],86.9000
612,2005-05-05,ICE - BofAML MOVE Index [MOVE],82.9800
613,2005-05-06,ICE - BofAML MOVE Index [MOVE],78.4000
614,2005-05-09,ICE - BofAML MOVE Index [MOVE],78.7000
615,2005-05-10,ICE - BofAML MOVE Index [MOVE],78.9000
616,2005-05-11,ICE - BofAML MOVE Index [MOVE],83.0000
617,2005-05-12,ICE - BofAML MOVE Index [MOVE],82.1700
618,2005-05-13,ICE - BofAML MOVE Index [MOVE],87.1000
619,2005-05-16,ICE - BofAML MOVE Index [MOVE],88.5000
620,2005-05-17,ICE - BofAML MOVE Index [MOVE],84.7000
621,2005-05-18,ICE - BofAML MOVE Index [MOVE],81.2200
622,2005-05-19,ICE - BofAML MOVE Index [MOVE],77.1900
623,2005-05-20,ICE - BofAML MOVE Index [MOVE],76.6000
624,2005-05-23,ICE - BofAML MOVE Index [MOVE],73.8600
625,2005-05-24,ICE - BofAML MOVE Index [MOVE],73.8200
626,2005-05-25,ICE - BofAML MOVE Index [MOVE],74.0600
627,2005-05-26,ICE - BofAML MOVE Index [MOVE],72.6000
628,2005-05-27,ICE - BofAML MOVE Index [MOVE],73.7500
629,2005-05-31,ICE - BofAML MOVE Index [MOVE],75.0000
630,2005-06-01,ICE - BofAML MOVE Index [MOVE],79.1300
631,2005-06-02,ICE - BofAML MOVE Index [MOVE],80.7600
632,2005-06-03,ICE - BofAML MOVE Index [MOVE],78.9000
633,2005-06-06,ICE - BofAML MOVE Index [MOVE],78.4400
634,2005-06-07,ICE - BofAML MOVE Index [MOVE],77.8600
635,2005-06-08,ICE - BofAML MOVE Index [MOVE],82.9600
636,2005-06-09,ICE - BofAML MOVE Index [MOVE],80.8600
637,2005-06-10,ICE - BofAML MOVE Index [MOVE],82.5300
638,2005-06-13,ICE - BofAML MOVE Index [MOVE],80.5300
639,2005-06-14,ICE - BofAML MOVE Index [MOVE],80.1700
640,2005-06-15,ICE - BofAML MOVE Index [MOVE],75.2400
641,2005-06-16,ICE - BofAML MOVE Index [MOVE],73.4000
642,2005-06-17,ICE - BofAML MOVE Index [MOVE],72.4000
643,2005-06-20,ICE - BofAML MOVE Index [MOVE],72.2000
644,2005-06-21,ICE - BofAML MOVE Index [MOVE],73.5000
645,2005-06-22,ICE - BofAML MOVE Index [MOVE],77.1800
646,2005-06-23,ICE - BofAML MOVE Index [MOVE],76.5100
647,2005-06-24,ICE - BofAML MOVE Index [MOVE],76.0000
648,2005-06-27,ICE - BofAML MOVE Index [MOVE],74.5000
649,2005-06-28,ICE - BofAML MOVE Index [MOVE],75.7000
650,2005-06-29,ICE - BofAML MOVE Index [MOVE],76.7900
651,2005-06-30,ICE - BofAML MOVE Index [MOVE],75.6000
652,2005-07-01,ICE - BofAML MOVE Index [MOVE],78.8500
653,2005-07-05,ICE - BofAML MOVE Index [MOVE],78.3500
654,2005-07-06,ICE - BofAML MOVE Index [MOVE],86.2900
655,2005-07-07,ICE - BofAML MOVE Index [MOVE],87.8500
656,2005-07-08,ICE - BofAML MOVE Index [MOVE],80.1200
657,2005-07-11,ICE - BofAML MOVE Index [MOVE],82.9300
658,2005-07-12,ICE - BofAML MOVE Index [MOVE],81.0800
659,2005-07-13,ICE - BofAML MOVE Index [MOVE],81.4900
660,2005-07-14,ICE - BofAML MOVE Index [MOVE],76.4700
661,2005-07-15,ICE - BofAML MOVE Index [MOVE],77.5000
662,2005-07-18,ICE - BofAML MOVE Index [MOVE],76.6200
663,2005-07-19,ICE - BofAML MOVE Index [MOVE],77.4200
664,2005-07-20,ICE - BofAML MOVE Index [MOVE],74.1600
665,2005-07-21,ICE - BofAML MOVE Index [MOVE],78.5000
666,2005-07-22,ICE - BofAML MOVE Index [MOVE],75.5400
667,2005-07-25,ICE - BofAML MOVE Index [MOVE],75.7700
668,2005-07-26,ICE - BofAML MOVE Index [MOVE],74.0700
669,2005-07-27,ICE - BofAML MOVE Index [MOVE],73.7800
670,2005-07-28,ICE - BofAML MOVE Index [MOVE],72.5100
671,2005-07-29,ICE - BofAML MOVE Index [MOVE],74.8000
672,2005-08-01,ICE - BofAML MOVE Index [MOVE],76.5200
673,2005-08-02,ICE - BofAML MOVE Index [MOVE],76.8000
674,2005-08-03,ICE - BofAML MOVE Index [MOVE],78.1900
675,2005-08-04,ICE - BofAML MOVE Index [MOVE],77.6000
676,2005-08-05,ICE - BofAML MOVE Index [MOVE],75.9700
677,2005-08-08,ICE - BofAML MOVE Index [MOVE],75.1900
678,2005-08-09,ICE - BofAML MOVE Index [MOVE],72.6300
679,2005-08-10,ICE - BofAML MOVE Index [MOVE],72.9700
680,2005-08-11,ICE - BofAML MOVE Index [MOVE],72.2500
681,2005-08-12,ICE - BofAML MOVE Index [MOVE],74.0100
682,2005-08-15,ICE - BofAML MOVE Index [MOVE],73.5300
683,2005-08-16,ICE - BofAML MOVE Index [MOVE],73.8500
684,2005-08-17,ICE - BofAML MOVE Index [MOVE],73.3000
685,2005-08-18,ICE - BofAML MOVE Index [MOVE],72.4200
686,2005-08-19,ICE - BofAML MOVE Index [MOVE],73.3000
687,2005-08-22,ICE - BofAML MOVE Index [MOVE],71.7000
688,2005-08-23,ICE - BofAML MOVE Index [MOVE],71.3600
689,2005-08-24,ICE - BofAML MOVE Index [MOVE],71.5000
690,2005-08-25,ICE - BofAML MOVE Index [MOVE],72.1600
691,2005-08-26,ICE - BofAML MOVE Index [MOVE],73.6300
692,2005-08-29,ICE - BofAML MOVE Index [MOVE],72.2200
693,2005-08-30,ICE - BofAML MOVE Index [MOVE],75.0000
694,2005-08-31,ICE - BofAML MOVE Index [MOVE],78.2000
695,2005-09-01,ICE - BofAML MOVE Index [MOVE],85.0700
696,2005-09-02,ICE - BofAML MOVE Index [MOVE],80.6600
697,2005-09-06,ICE - BofAML MOVE Index [MOVE],76.5800
698,2005-09-07,ICE - BofAML MOVE Index [MOVE],80.3000
699,2005-09-08,ICE - BofAML MOVE Index [MOVE],80.3300
700,2005-09-09,ICE - BofAML MOVE Index [MOVE],79.9100
701,2005-09-12,ICE - BofAML MOVE Index [MOVE],78.2100
702,2005-09-13,ICE - BofAML MOVE Index [MOVE],78.8900
703,2005-09-14,ICE - BofAML MOVE Index [MOVE],77.9400
704,2005-09-15,ICE - BofAML MOVE Index [MOVE],79.5000
705,2005-09-16,ICE - BofAML MOVE Index [MOVE],82.5000
706,2005-09-19,ICE - BofAML MOVE Index [MOVE],82.4000
707,2005-09-20,ICE - BofAML MOVE Index [MOVE],77.5300
708,2005-09-21,ICE - BofAML MOVE Index [MOVE],77.3000
709,2005-09-22,ICE - BofAML MOVE Index [MOVE],77.9200
710,2005-09-23,ICE - BofAML MOVE Index [MOVE],78.1700
711,2005-09-26,ICE - BofAML MOVE Index [MOVE],78.1400
712,2005-09-27,ICE - BofAML MOVE Index [MOVE],75.9000
713,2005-09-28,ICE - BofAML MOVE Index [MOVE],75.4600
714,2005-09-29,ICE - BofAML MOVE Index [MOVE],75.9600
715,2005-09-30,ICE - BofAML MOVE Index [MOVE],76.7100
716,2005-10-03,ICE - BofAML MOVE Index [MOVE],80.3000
717,2005-10-04,ICE - BofAML MOVE Index [MOVE],77.8700
718,2005-10-05,ICE - BofAML MOVE Index [MOVE],81.6500
719,2005-10-06,ICE - BofAML MOVE Index [MOVE],80.2800
720,2005-10-07,ICE - BofAML MOVE Index [MOVE],77.4800
721,2005-10-11,ICE - BofAML MOVE Index [MOVE],77.5400
722,2005-10-12,ICE - BofAML MOVE Index [MOVE],77.6000
723,2005-10-13,ICE - BofAML MOVE Index [MOVE],80.0000
724,2005-10-14,ICE - BofAML MOVE Index [MOVE],80.7000
725,2005-10-17,ICE - BofAML MOVE Index [MOVE],81.1000
726,2005-10-18,ICE - BofAML MOVE Index [MOVE],80.1000
727,2005-10-19,ICE - BofAML MOVE Index [MOVE],80.0900
728,2005-10-20,ICE - BofAML MOVE Index [MOVE],79.1000
729,2005-10-21,ICE - BofAML MOVE Index [MOVE],78.4000
730,2005-10-24,ICE - BofAML MOVE Index [MOVE],78.0000
731,2005-10-25,ICE - BofAML MOVE Index [MOVE],77.0200
732,2005-10-26,ICE - BofAML MOVE Index [MOVE],82.1000
733,2005-10-27,ICE - BofAML MOVE Index [MOVE],80.7000
734,2005-10-28,ICE - BofAML MOVE Index [MOVE],80.2000
735,2005-10-31,ICE - BofAML MOVE Index [MOVE],80.0800
736,2005-11-01,ICE - BofAML MOVE Index [MOVE],77.9600
737,2005-11-02,ICE - BofAML MOVE Index [MOVE],82.5000
738,2005-11-03,ICE - BofAML MOVE Index [MOVE],83.4000
739,2005-11-04,ICE - BofAML MOVE Index [MOVE],76.5000
740,2005-11-07,ICE - BofAML MOVE Index [MOVE],76.5000
741,2005-11-08,ICE - BofAML MOVE Index [MOVE],78.2000
742,2005-11-09,ICE - BofAML MOVE Index [MOVE],80.5000
743,2005-11-10,ICE - BofAML MOVE Index [MOVE],79.8800
744,2005-11-14,ICE - BofAML MOVE Index [MOVE],80.9000
745,2005-11-15,ICE - BofAML MOVE Index [MOVE],80.3000
746,2005-11-16,ICE - BofAML MOVE Index [MOVE],79.0900
747,2005-11-17,ICE - BofAML MOVE Index [MOVE],78.8300
748,2005-11-18,ICE - BofAML MOVE Index [MOVE],76.5100
749,2005-11-21,ICE - BofAML MOVE Index [MOVE],73.1000
750,2005-11-22,ICE - BofAML MOVE Index [MOVE],73.1000
751,2005-11-23,ICE - BofAML MOVE Index [MOVE],73.3100
752,2005-11-25,ICE - BofAML MOVE Index [MOVE],72.0600
753,2005-11-28,ICE - BofAML MOVE Index [MOVE],72.1300
754,2005-11-29,ICE - BofAML MOVE Index [MOVE],73.9900
755,2005-11-30,ICE - BofAML MOVE Index [MOVE],73.5000
756,2005-12-01,ICE - BofAML MOVE Index [MOVE],73.5000
757,2005-12-02,ICE - BofAML MOVE Index [MOVE],69.3900
758,2005-12-05,ICE - BofAML MOVE Index [MOVE],67.7000
759,2005-12-06,ICE - BofAML MOVE Index [MOVE],67.3000
760,2005-12-07,ICE - BofAML MOVE Index [MOVE],71.4400
761,2005-12-08,ICE - BofAML MOVE Index [MOVE],70.6000
762,2005-12-09,ICE - BofAML MOVE Index [MOVE],71.8900
763,2005-12-12,ICE - BofAML MOVE Index [MOVE],72.2000
764,2005-12-13,ICE - BofAML MOVE Index [MOVE],68.3600
765,2005-12-14,ICE - BofAML MOVE Index [MOVE],70.9200
766,2005-12-15,ICE - BofAML MOVE Index [MOVE],71.2000
767,2005-12-16,ICE - BofAML MOVE Index [MOVE],70.2700
768,2005-12-19,ICE - BofAML MOVE Index [MOVE],67.7000
769,2005-12-20,ICE - BofAML MOVE Index [MOVE],66.3100
770,2005-12-21,ICE - BofAML MOVE Index [MOVE],66.4000
771,2005-12-22,ICE - BofAML MOVE Index [MOVE],66.5000
772,2005-12-23,ICE - BofAML MOVE Index [MOVE],67.8900
773,2005-12-27,ICE - BofAML MOVE Index [MOVE],68.4300
774,2005-12-28,ICE - BofAML MOVE Index [MOVE],70.2600
775,2005-12-29,ICE - BofAML MOVE Index [MOVE],71.2300
776,2005-12-30,ICE - BofAML MOVE Index [MOVE],72.0900
777,2006-01-03,ICE - BofAML MOVE Index [MOVE],73.2900
778,2006-01-04,ICE - BofAML MOVE Index [MOVE],74.6900
779,2006-01-05,ICE - BofAML MOVE Index [MOVE],72.8600
780,2006-01-06,ICE - BofAML MOVE Index [MOVE],69.1200
781,2006-01-09,ICE - BofAML MOVE Index [MOVE],64.9000
782,2006-01-10,ICE - BofAML MOVE Index [MOVE],65.5100
783,2006-01-11,ICE - BofAML MOVE Index [MOVE],64.5000
784,2006-01-12,ICE - BofAML MOVE Index [MOVE],64.9000
785,2006-01-13,ICE - BofAML MOVE Index [MOVE],64.9000
786,2006-01-17,ICE - BofAML MOVE Index [MOVE],63.5000
787,2006-01-18,ICE - BofAML MOVE Index [MOVE],66.5500
788,2006-01-19,ICE - BofAML MOVE Index [MOVE],66.2400
789,2006-01-20,ICE - BofAML MOVE Index [MOVE],66.2000
790,2006-01-23,ICE - BofAML MOVE Index [MOVE],67.7200
791,2006-01-24,ICE - BofAML MOVE Index [MOVE],67.5000
792,2006-01-25,ICE - BofAML MOVE Index [MOVE],72.2000
793,2006-01-26,ICE - BofAML MOVE Index [MOVE],74.9100
794,2006-01-27,ICE - BofAML MOVE Index [MOVE],73.7000
795,2006-01-30,ICE - BofAML MOVE Index [MOVE],75.6500
796,2006-01-31,ICE - BofAML MOVE Index [MOVE],73.7000
797,2006-02-01,ICE - BofAML MOVE Index [MOVE],72.8000
798,2006-02-02,ICE - BofAML MOVE Index [MOVE],72.1400
799,2006-02-03,ICE - BofAML MOVE Index [MOVE],68.7400
800,2006-02-06,ICE - BofAML MOVE Index [MOVE],67.3000
801,2006-02-07,ICE - BofAML MOVE Index [MOVE],68.0400
802,2006-02-08,ICE - BofAML MOVE Index [MOVE],70.0000
803,2006-02-09,ICE - BofAML MOVE Index [MOVE],71.4000
804,2006-02-10,ICE - BofAML MOVE Index [MOVE],72.4000
805,2006-02-13,ICE - BofAML MOVE Index [MOVE],71.1400
806,2006-02-14,ICE - BofAML MOVE Index [MOVE],71.4000
807,2006-02-15,ICE - BofAML MOVE Index [MOVE],67.0000
808,2006-02-16,ICE - BofAML MOVE Index [MOVE],62.5000
809,2006-02-17,ICE - BofAML MOVE Index [MOVE],62.5300
810,2006-02-21,ICE - BofAML MOVE Index [MOVE],60.4000
811,2006-02-22,ICE - BofAML MOVE Index [MOVE],57.5000
812,2006-02-23,ICE - BofAML MOVE Index [MOVE],57.8000
813,2006-02-24,ICE - BofAML MOVE Index [MOVE],55.2400
814,2006-02-27,ICE - BofAML MOVE Index [MOVE],56.2200
815,2006-02-28,ICE - BofAML MOVE Index [MOVE],56.8600
816,2006-03-01,ICE - BofAML MOVE Index [MOVE],58.3100
817,2006-03-02,ICE - BofAML MOVE Index [MOVE],62.6600
818,2006-03-03,ICE - BofAML MOVE Index [MOVE],63.1100
819,2006-03-06,ICE - BofAML MOVE Index [MOVE],66.3100
820,2006-03-07,ICE - BofAML MOVE Index [MOVE],68.5000
821,2006-03-08,ICE - BofAML MOVE Index [MOVE],69.5000
822,2006-03-09,ICE - BofAML MOVE Index [MOVE],66.6000
823,2006-03-10,ICE - BofAML MOVE Index [MOVE],62.5000
824,2006-03-13,ICE - BofAML MOVE Index [MOVE],63.2000
825,2006-03-14,ICE - BofAML MOVE Index [MOVE],64.4000
826,2006-03-15,ICE - BofAML MOVE Index [MOVE],63.3600
827,2006-03-16,ICE - BofAML MOVE Index [MOVE],65.4300
828,2006-03-17,ICE - BofAML MOVE Index [MOVE],64.5100
829,2006-03-20,ICE - BofAML MOVE Index [MOVE],63.2000
830,2006-03-21,ICE - BofAML MOVE Index [MOVE],64.6000
831,2006-03-22,ICE - BofAML MOVE Index [MOVE],63.2000
832,2006-03-23,ICE - BofAML MOVE Index [MOVE],64.2100
833,2006-03-24,ICE - BofAML MOVE Index [MOVE],65.7000
834,2006-03-27,ICE - BofAML MOVE Index [MOVE],64.0000
835,2006-03-28,ICE - BofAML MOVE Index [MOVE],62.5000
836,2006-03-29,ICE - BofAML MOVE Index [MOVE],65.9700
837,2006-03-30,ICE - BofAML MOVE Index [MOVE],69.9000
838,2006-03-31,ICE - BofAML MOVE Index [MOVE],68.6000
839,2006-04-03,ICE - BofAML MOVE Index [MOVE],68.6000
840,2006-04-04,ICE - BofAML MOVE Index [MOVE],67.0000
841,2006-04-05,ICE - BofAML MOVE Index [MOVE],68.3000
842,2006-04-06,ICE - BofAML MOVE Index [MOVE],68.6000
843,2006-04-07,ICE - BofAML MOVE Index [MOVE],70.8000
844,2006-04-10,ICE - BofAML MOVE Index [MOVE],67.7700
845,2006-04-11,ICE - BofAML MOVE Index [MOVE],69.8000
846,2006-04-12,ICE - BofAML MOVE Index [MOVE],69.4000
847,2006-04-13,ICE - BofAML MOVE Index [MOVE],71.7000
848,2006-04-17,ICE - BofAML MOVE Index [MOVE],69.7000
849,2006-04-18,ICE - BofAML MOVE Index [MOVE],68.8300
850,2006-04-19,ICE - BofAML MOVE Index [MOVE],67.9500
851,2006-04-20,ICE - BofAML MOVE Index [MOVE],66.5000
852,2006-04-21,ICE - BofAML MOVE Index [MOVE],66.0000
853,2006-04-24,ICE - BofAML MOVE Index [MOVE],64.4000
854,2006-04-25,ICE - BofAML MOVE Index [MOVE],67.1000
855,2006-04-26,ICE - BofAML MOVE Index [MOVE],66.8000
856,2006-04-27,ICE - BofAML MOVE Index [MOVE],65.1000
857,2006-04-28,ICE - BofAML MOVE Index [MOVE],63.0000
858,2006-05-01,ICE - BofAML MOVE Index [MOVE],63.9000
859,2006-05-02,ICE - BofAML MOVE Index [MOVE],66.1000
860,2006-05-03,ICE - BofAML MOVE Index [MOVE],70.6000
861,2006-05-04,ICE - BofAML MOVE Index [MOVE],69.1000
862,2006-05-05,ICE - BofAML MOVE Index [MOVE],65.6000
863,2006-05-08,ICE - BofAML MOVE Index [MOVE],64.5000
864,2006-05-09,ICE - BofAML MOVE Index [MOVE],65.1000
865,2006-05-10,ICE - BofAML MOVE Index [MOVE],63.2000
866,2006-05-11,ICE - BofAML MOVE Index [MOVE],63.8000
867,2006-05-12,ICE - BofAML MOVE Index [MOVE],65.8000
868,2006-05-15,ICE - BofAML MOVE Index [MOVE],65.8000
869,2006-05-16,ICE - BofAML MOVE Index [MOVE],64.4000
870,2006-05-17,ICE - BofAML MOVE Index [MOVE],65.2000
871,2006-05-18,ICE - BofAML MOVE Index [MOVE],65.2000
872,2006-05-19,ICE - BofAML MOVE Index [MOVE],68.8000
873,2006-05-22,ICE - BofAML MOVE Index [MOVE],71.1000
874,2006-05-23,ICE - BofAML MOVE Index [MOVE],68.3000
875,2006-05-24,ICE - BofAML MOVE Index [MOVE],71.9000
876,2006-05-25,ICE - BofAML MOVE Index [MOVE],68.7000
877,2006-05-26,ICE - BofAML MOVE Index [MOVE],67.1000
878,2006-05-30,ICE - BofAML MOVE Index [MOVE],66.0000
879,2006-05-31,ICE - BofAML MOVE Index [MOVE],67.1000
880,2006-06-01,ICE - BofAML MOVE Index [MOVE],66.5000
881,2006-06-02,ICE - BofAML MOVE Index [MOVE],65.5000
882,2006-06-05,ICE - BofAML MOVE Index [MOVE],64.3000
883,2006-06-06,ICE - BofAML MOVE Index [MOVE],64.0000
884,2006-06-07,ICE - BofAML MOVE Index [MOVE],66.4000
885,2006-06-08,ICE - BofAML MOVE Index [MOVE],67.1000
886,2006-06-09,ICE - BofAML MOVE Index [MOVE],66.1000
887,2006-06-12,ICE - BofAML MOVE Index [MOVE],64.3000
888,2006-06-13,ICE - BofAML MOVE Index [MOVE],64.6000
889,2006-06-14,ICE - BofAML MOVE Index [MOVE],64.3000
890,2006-06-15,ICE - BofAML MOVE Index [MOVE],64.2000
891,2006-06-16,ICE - BofAML MOVE Index [MOVE],65.4000
892,2006-06-19,ICE - BofAML MOVE Index [MOVE],66.3000
893,2006-06-20,ICE - BofAML MOVE Index [MOVE],66.8000
894,2006-06-21,ICE - BofAML MOVE Index [MOVE],67.0000
895,2006-06-22,ICE - BofAML MOVE Index [MOVE],69.3000
896,2006-06-23,ICE - BofAML MOVE Index [MOVE],70.7000
897,2006-06-26,ICE - BofAML MOVE Index [MOVE],69.0000
898,2006-06-27,ICE - BofAML MOVE Index [MOVE],67.5000
899,2006-06-28,ICE - BofAML MOVE Index [MOVE],67.2000
900,2006-06-29,ICE - BofAML MOVE Index [MOVE],65.1000
901,2006-06-30,ICE - BofAML MOVE Index [MOVE],65.5000
902,2006-07-03,ICE - BofAML MOVE Index [MOVE],65.5000
903,2006-07-05,ICE - BofAML MOVE Index [MOVE],67.6000
904,2006-07-06,ICE - BofAML MOVE Index [MOVE],66.9000
905,2006-07-07,ICE - BofAML MOVE Index [MOVE],64.0000
906,2006-07-10,ICE - BofAML MOVE Index [MOVE],65.0000
907,2006-07-11,ICE - BofAML MOVE Index [MOVE],64.3000
908,2006-07-12,ICE - BofAML MOVE Index [MOVE],64.9000
909,2006-07-13,ICE - BofAML MOVE Index [MOVE],68.0000
910,2006-07-14,ICE - BofAML MOVE Index [MOVE],68.9000
911,2006-07-17,ICE - BofAML MOVE Index [MOVE],69.5000
912,2006-07-18,ICE - BofAML MOVE Index [MOVE],69.8000
913,2006-07-19,ICE - BofAML MOVE Index [MOVE],66.1000
914,2006-07-20,ICE - BofAML MOVE Index [MOVE],66.4000
915,2006-07-21,ICE - BofAML MOVE Index [MOVE],66.1000
916,2006-07-24,ICE - BofAML MOVE Index [MOVE],64.9000
917,2006-07-25,ICE - BofAML MOVE Index [MOVE],63.7000
918,2006-07-26,ICE - BofAML MOVE Index [MOVE],63.7000
919,2006-07-27,ICE - BofAML MOVE Index [MOVE],63.6000
920,2006-07-28,ICE - BofAML MOVE Index [MOVE],63.7000
921,2006-07-31,ICE - BofAML MOVE Index [MOVE],63.4000
922,2006-08-01,ICE - BofAML MOVE Index [MOVE],61.8000
923,2006-08-02,ICE - BofAML MOVE Index [MOVE],66.2000
924,2006-08-03,ICE - BofAML MOVE Index [MOVE],66.1000
925,2006-08-04,ICE - BofAML MOVE Index [MOVE],62.5000
926,2006-08-07,ICE - BofAML MOVE Index [MOVE],61.6000
927,2006-08-08,ICE - BofAML MOVE Index [MOVE],59.2000
928,2006-08-09,ICE - BofAML MOVE Index [MOVE],58.4000
929,2006-08-10,ICE - BofAML MOVE Index [MOVE],60.7000
930,2006-08-11,ICE - BofAML MOVE Index [MOVE],58.8000
931,2006-08-14,ICE - BofAML MOVE Index [MOVE],58.0000
932,2006-08-15,ICE - BofAML MOVE Index [MOVE],59.4000
933,2006-08-16,ICE - BofAML MOVE Index [MOVE],59.9000
934,2006-08-17,ICE - BofAML MOVE Index [MOVE],59.9000
935,2006-08-18,ICE - BofAML MOVE Index [MOVE],59.3000
936,2006-08-21,ICE - BofAML MOVE Index [MOVE],58.0000
937,2006-08-22,ICE - BofAML MOVE Index [MOVE],59.6000
938,2006-08-23,ICE - BofAML MOVE Index [MOVE],59.4000
939,2006-08-24,ICE - BofAML MOVE Index [MOVE],58.7000
940,2006-08-25,ICE - BofAML MOVE Index [MOVE],58.3000
941,2006-08-28,ICE - BofAML MOVE Index [MOVE],57.1000
942,2006-08-29,ICE - BofAML MOVE Index [MOVE],57.7000
943,2006-08-30,ICE - BofAML MOVE Index [MOVE],58.1000
944,2006-08-31,ICE - BofAML MOVE Index [MOVE],59.8000
945,2006-09-01,ICE - BofAML MOVE Index [MOVE],56.7000
946,2006-09-05,ICE - BofAML MOVE Index [MOVE],55.1000
947,2006-09-06,ICE - BofAML MOVE Index [MOVE],57.4000
948,2006-09-07,ICE - BofAML MOVE Index [MOVE],55.8000
949,2006-09-08,ICE - BofAML MOVE Index [MOVE],56.4000
950,2006-09-11,ICE - BofAML MOVE Index [MOVE],56.3000
951,2006-09-12,ICE - BofAML MOVE Index [MOVE],56.9000
952,2006-09-13,ICE - BofAML MOVE Index [MOVE],57.5000
953,2006-09-14,ICE - BofAML MOVE Index [MOVE],57.5000
954,2006-09-15,ICE - BofAML MOVE Index [MOVE],55.9000
955,2006-09-18,ICE - BofAML MOVE Index [MOVE],56.2000
956,2006-09-19,ICE - BofAML MOVE Index [MOVE],56.2000
957,2006-09-20,ICE - BofAML MOVE Index [MOVE],55.0000
958,2006-09-21,ICE - BofAML MOVE Index [MOVE],59.5000
959,2006-09-22,ICE - BofAML MOVE Index [MOVE],69.5000
960,2006-09-25,ICE - BofAML MOVE Index [MOVE],70.2000
961,2006-09-26,ICE - BofAML MOVE Index [MOVE],66.7000
962,2006-09-27,ICE - BofAML MOVE Index [MOVE],65.8000
963,2006-09-28,ICE - BofAML MOVE Index [MOVE],63.5000
964,2006-09-29,ICE - BofAML MOVE Index [MOVE],63.1000
965,2006-10-02,ICE - BofAML MOVE Index [MOVE],62.6000
966,2006-10-03,ICE - BofAML MOVE Index [MOVE],61.0000
967,2006-10-04,ICE - BofAML MOVE Index [MOVE],66.3000
968,2006-10-05,ICE - BofAML MOVE Index [MOVE],66.0000
969,2006-10-06,ICE - BofAML MOVE Index [MOVE],63.7000
970,2006-10-10,ICE - BofAML MOVE Index [MOVE],63.1000
971,2006-10-11,ICE - BofAML MOVE Index [MOVE],62.0000
972,2006-10-12,ICE - BofAML MOVE Index [MOVE],60.7000
973,2006-10-13,ICE - BofAML MOVE Index [MOVE],60.3000
974,2006-10-16,ICE - BofAML MOVE Index [MOVE],59.1000
975,2006-10-17,ICE - BofAML MOVE Index [MOVE],61.1000
976,2006-10-18,ICE - BofAML MOVE Index [MOVE],59.1000
977,2006-10-19,ICE - BofAML MOVE Index [MOVE],58.4000
978,2006-10-20,ICE - BofAML MOVE Index [MOVE],56.6000
979,2006-10-23,ICE - BofAML MOVE Index [MOVE],58.6000
980,2006-10-24,ICE - BofAML MOVE Index [MOVE],57.7000
981,2006-10-25,ICE - BofAML MOVE Index [MOVE],57.1000
982,2006-10-26,ICE - BofAML MOVE Index [MOVE],58.3000
983,2006-10-27,ICE - BofAML MOVE Index [MOVE],59.5000
984,2006-10-30,ICE - BofAML MOVE Index [MOVE],58.5000
985,2006-10-31,ICE - BofAML MOVE Index [MOVE],60.9000
986,2006-11-01,ICE - BofAML MOVE Index [MOVE],63.8000
987,2006-11-02,ICE - BofAML MOVE Index [MOVE],63.5000
988,2006-11-03,ICE - BofAML MOVE Index [MOVE],60.9000
989,2006-11-06,ICE - BofAML MOVE Index [MOVE],58.9000
990,2006-11-07,ICE - BofAML MOVE Index [MOVE],60.9000
991,2006-11-08,ICE - BofAML MOVE Index [MOVE],63.5000
992,2006-11-09,ICE - BofAML MOVE Index [MOVE],62.0000
993,2006-11-10,ICE - BofAML MOVE Index [MOVE],63.5000
994,2006-11-13,ICE - BofAML MOVE Index [MOVE],65.1000
995,2006-11-14,ICE - BofAML MOVE Index [MOVE],66.3000
996,2006-11-15,ICE - BofAML MOVE Index [MOVE],66.2000
997,2006-11-16,ICE - BofAML MOVE Index [MOVE],64.5000
998,2006-11-17,ICE - BofAML MOVE Index [MOVE],65.0000
999,2006-11-20,ICE - BofAML MOVE Index [MOVE],63.6000
"1,000",2006-11-21,ICE - BofAML MOVE Index [MOVE],62.7000
"1,001",2006-11-22,ICE - BofAML MOVE Index [MOVE],62.9000
"1,002",2006-11-24,ICE - BofAML MOVE Index [MOVE],63.0000
"1,003",2006-11-27,ICE - BofAML MOVE Index [MOVE],65.1000
"1,004",2006-11-28,ICE - BofAML MOVE Index [MOVE],67.1000
"1,005",2006-11-29,ICE - BofAML MOVE Index [MOVE],66.9000
"1,006",2006-11-30,ICE - BofAML MOVE Index [MOVE],68.5000
"1,007",2006-12-01,ICE - BofAML MOVE Index [MOVE],72.2500
"1,008",2006-12-04,ICE - BofAML MOVE Index [MOVE],70.1000
"1,009",2006-12-05,ICE - BofAML MOVE Index [MOVE],71.6000
"1,010",2006-12-06,ICE - BofAML MOVE Index [MOVE],75.0000
"1,011",2006-12-07,ICE - BofAML MOVE Index [MOVE],75.6000
"1,012",2006-12-08,ICE - BofAML MOVE Index [MOVE],71.1000
"1,013",2006-12-11,ICE - BofAML MOVE Index [MOVE],68.3000
"1,014",2006-12-12,ICE - BofAML MOVE Index [MOVE],64.7000
"1,015",2006-12-13,ICE - BofAML MOVE Index [MOVE],65.2000
"1,016",2006-12-14,ICE - BofAML MOVE Index [MOVE],64.5000
"1,017",2006-12-15,ICE - BofAML MOVE Index [MOVE],64.2500
"1,018",2006-12-18,ICE - BofAML MOVE Index [MOVE],62.7000
"1,019",2006-12-19,ICE - BofAML MOVE Index [MOVE],63.4000
"1,020",2006-12-20,ICE - BofAML MOVE Index [MOVE],61.5000
"1,021",2006-12-21,ICE - BofAML MOVE Index [MOVE],61.8000
"1,022",2006-12-22,ICE - BofAML MOVE Index [MOVE],65.3000
"1,023",2006-12-26,ICE - BofAML MOVE Index [MOVE],64.6000
"1,024",2006-12-27,ICE - BofAML MOVE Index [MOVE],65.1000
"1,025",2006-12-28,ICE - BofAML MOVE Index [MOVE],65.9000
"1,026",2006-12-29,ICE - BofAML MOVE Index [MOVE],66.8000
"1,027",2007-01-02,ICE - BofAML MOVE Index [MOVE],67.6000
"1,028",2007-01-03,ICE - BofAML MOVE Index [MOVE],70.9000
"1,029",2007-01-04,ICE - BofAML MOVE Index [MOVE],72.0000
"1,030",2007-01-05,ICE - BofAML MOVE Index [MOVE],67.4000
"1,031",2007-01-08,ICE - BofAML MOVE Index [MOVE],64.3000
"1,032",2007-01-09,ICE - BofAML MOVE Index [MOVE],61.8000
"1,033",2007-01-10,ICE - BofAML MOVE Index [MOVE],62.2000
"1,034",2007-01-11,ICE - BofAML MOVE Index [MOVE],63.0000
"1,035",2007-01-12,ICE - BofAML MOVE Index [MOVE],61.2000
"1,036",2007-01-16,ICE - BofAML MOVE Index [MOVE],60.9000
"1,037",2007-01-17,ICE - BofAML MOVE Index [MOVE],60.1000
"1,038",2007-01-18,ICE - BofAML MOVE Index [MOVE],58.0000
"1,039",2007-01-19,ICE - BofAML MOVE Index [MOVE],57.2000
"1,040",2007-01-22,ICE - BofAML MOVE Index [MOVE],57.2000
"1,041",2007-01-23,ICE - BofAML MOVE Index [MOVE],57.2000
"1,042",2007-01-24,ICE - BofAML MOVE Index [MOVE],57.5000
"1,043",2007-01-25,ICE - BofAML MOVE Index [MOVE],60.7500
"1,044",2007-01-26,ICE - BofAML MOVE Index [MOVE],60.3000
"1,045",2007-01-29,ICE - BofAML MOVE Index [MOVE],60.0000
"1,046",2007-01-30,ICE - BofAML MOVE Index [MOVE],61.9000
"1,047",2007-01-31,ICE - BofAML MOVE Index [MOVE],61.6000
"1,048",2007-02-01,ICE - BofAML MOVE Index [MOVE],61.3000
"1,049",2007-02-02,ICE - BofAML MOVE Index [MOVE],56.1000
"1,050",2007-02-05,ICE - BofAML MOVE Index [MOVE],54.9000
"1,051",2007-02-06,ICE - BofAML MOVE Index [MOVE],56.3000
"1,052",2007-02-07,ICE - BofAML MOVE Index [MOVE],60.5000
"1,053",2007-02-08,ICE - BofAML MOVE Index [MOVE],58.9000
"1,054",2007-02-09,ICE - BofAML MOVE Index [MOVE],60.1000
"1,055",2007-02-12,ICE - BofAML MOVE Index [MOVE],60.0000
"1,056",2007-02-13,ICE - BofAML MOVE Index [MOVE],59.8000
"1,057",2007-02-14,ICE - BofAML MOVE Index [MOVE],59.8000
"1,058",2007-02-15,ICE - BofAML MOVE Index [MOVE],61.1000
"1,059",2007-02-16,ICE - BofAML MOVE Index [MOVE],60.7000
"1,060",2007-02-20,ICE - BofAML MOVE Index [MOVE],60.9000
"1,061",2007-02-21,ICE - BofAML MOVE Index [MOVE],57.8000
"1,062",2007-02-22,ICE - BofAML MOVE Index [MOVE],57.5000
"1,063",2007-02-23,ICE - BofAML MOVE Index [MOVE],57.8000
"1,064",2007-02-26,ICE - BofAML MOVE Index [MOVE],61.6000
"1,065",2007-02-27,ICE - BofAML MOVE Index [MOVE],70.3000
"1,066",2007-02-28,ICE - BofAML MOVE Index [MOVE],69.8000
"1,067",2007-03-01,ICE - BofAML MOVE Index [MOVE],72.9000
"1,068",2007-03-02,ICE - BofAML MOVE Index [MOVE],76.7000
"1,069",2007-03-05,ICE - BofAML MOVE Index [MOVE],74.5000
"1,070",2007-03-06,ICE - BofAML MOVE Index [MOVE],67.1000
"1,071",2007-03-07,ICE - BofAML MOVE Index [MOVE],71.3000
"1,072",2007-03-08,ICE - BofAML MOVE Index [MOVE],69.8000
"1,073",2007-03-09,ICE - BofAML MOVE Index [MOVE],63.6000
"1,074",2007-03-12,ICE - BofAML MOVE Index [MOVE],65.3000
"1,075",2007-03-13,ICE - BofAML MOVE Index [MOVE],72.2000
"1,076",2007-03-14,ICE - BofAML MOVE Index [MOVE],69.7000
"1,077",2007-03-15,ICE - BofAML MOVE Index [MOVE],67.9000
"1,078",2007-03-16,ICE - BofAML MOVE Index [MOVE],67.0000
"1,079",2007-03-19,ICE - BofAML MOVE Index [MOVE],66.0000
"1,080",2007-03-20,ICE - BofAML MOVE Index [MOVE],66.0000
"1,081",2007-03-21,ICE - BofAML MOVE Index [MOVE],66.2000
"1,082",2007-03-22,ICE - BofAML MOVE Index [MOVE],67.2000
"1,083",2007-03-23,ICE - BofAML MOVE Index [MOVE],68.7000
"1,084",2007-03-26,ICE - BofAML MOVE Index [MOVE],68.2000
"1,085",2007-03-27,ICE - BofAML MOVE Index [MOVE],69.7000
"1,086",2007-03-28,ICE - BofAML MOVE Index [MOVE],69.9000
"1,087",2007-03-29,ICE - BofAML MOVE Index [MOVE],65.9000
"1,088",2007-03-30,ICE - BofAML MOVE Index [MOVE],67.9000
"1,089",2007-04-02,ICE - BofAML MOVE Index [MOVE],65.9000
"1,090",2007-04-03,ICE - BofAML MOVE Index [MOVE],63.8000
"1,091",2007-04-04,ICE - BofAML MOVE Index [MOVE],66.1000
"1,092",2007-04-05,ICE - BofAML MOVE Index [MOVE],64.0000
"1,093",2007-04-09,ICE - BofAML MOVE Index [MOVE],58.3000
"1,094",2007-04-10,ICE - BofAML MOVE Index [MOVE],60.2000
"1,095",2007-04-11,ICE - BofAML MOVE Index [MOVE],58.7000
"1,096",2007-04-12,ICE - BofAML MOVE Index [MOVE],57.9000
"1,097",2007-04-13,ICE - BofAML MOVE Index [MOVE],57.8000
"1,098",2007-04-16,ICE - BofAML MOVE Index [MOVE],58.7000
"1,099",2007-04-17,ICE - BofAML MOVE Index [MOVE],59.3000
"1,100",2007-04-18,ICE - BofAML MOVE Index [MOVE],59.2000
"1,101",2007-04-19,ICE - BofAML MOVE Index [MOVE],59.4000
"1,102",2007-04-20,ICE - BofAML MOVE Index [MOVE],59.1000
"1,103",2007-04-23,ICE - BofAML MOVE Index [MOVE],57.8000
"1,104",2007-04-24,ICE - BofAML MOVE Index [MOVE],58.8000
"1,105",2007-04-25,ICE - BofAML MOVE Index [MOVE],57.8000
"1,106",2007-04-26,ICE - BofAML MOVE Index [MOVE],58.7000
"1,107",2007-04-27,ICE - BofAML MOVE Index [MOVE],57.8000
"1,108",2007-04-30,ICE - BofAML MOVE Index [MOVE],59.8000
"1,109",2007-05-01,ICE - BofAML MOVE Index [MOVE],58.9000
"1,110",2007-05-02,ICE - BofAML MOVE Index [MOVE],61.1000
"1,111",2007-05-03,ICE - BofAML MOVE Index [MOVE],60.8000
"1,112",2007-05-04,ICE - BofAML MOVE Index [MOVE],57.1000
"1,113",2007-05-07,ICE - BofAML MOVE Index [MOVE],54.5000
"1,114",2007-05-08,ICE - BofAML MOVE Index [MOVE],54.3000
"1,115",2007-05-09,ICE - BofAML MOVE Index [MOVE],53.3000
"1,116",2007-05-10,ICE - BofAML MOVE Index [MOVE],52.8000
"1,117",2007-05-11,ICE - BofAML MOVE Index [MOVE],52.4000
"1,118",2007-05-14,ICE - BofAML MOVE Index [MOVE],52.5000
"1,119",2007-05-15,ICE - BofAML MOVE Index [MOVE],51.2000
"1,120",2007-05-16,ICE - BofAML MOVE Index [MOVE],51.6000
"1,121",2007-05-17,ICE - BofAML MOVE Index [MOVE],52.7000
"1,122",2007-05-18,ICE - BofAML MOVE Index [MOVE],56.7000
"1,123",2007-05-21,ICE - BofAML MOVE Index [MOVE],55.4000
"1,124",2007-05-22,ICE - BofAML MOVE Index [MOVE],54.6000
"1,125",2007-05-23,ICE - BofAML MOVE Index [MOVE],56.0000
"1,126",2007-05-24,ICE - BofAML MOVE Index [MOVE],56.5000
"1,127",2007-05-25,ICE - BofAML MOVE Index [MOVE],56.9000
"1,128",2007-05-29,ICE - BofAML MOVE Index [MOVE],56.5000
"1,129",2007-05-30,ICE - BofAML MOVE Index [MOVE],57.6000
"1,130",2007-05-31,ICE - BofAML MOVE Index [MOVE],58.9000
"1,131",2007-06-01,ICE - BofAML MOVE Index [MOVE],58.0000
"1,132",2007-06-04,ICE - BofAML MOVE Index [MOVE],54.7000
"1,133",2007-06-05,ICE - BofAML MOVE Index [MOVE],55.3000
"1,134",2007-06-06,ICE - BofAML MOVE Index [MOVE],58.9000
"1,135",2007-06-07,ICE - BofAML MOVE Index [MOVE],70.8000
"1,136",2007-06-08,ICE - BofAML MOVE Index [MOVE],79.1000
"1,137",2007-06-11,ICE - BofAML MOVE Index [MOVE],69.5000
"1,138",2007-06-12,ICE - BofAML MOVE Index [MOVE],85.2000
"1,139",2007-06-13,ICE - BofAML MOVE Index [MOVE],84.6000
"1,140",2007-06-14,ICE - BofAML MOVE Index [MOVE],78.3000
"1,141",2007-06-15,ICE - BofAML MOVE Index [MOVE],70.6000
"1,142",2007-06-18,ICE - BofAML MOVE Index [MOVE],68.1000
"1,143",2007-06-19,ICE - BofAML MOVE Index [MOVE],68.4000
"1,144",2007-06-20,ICE - BofAML MOVE Index [MOVE],71.4000
"1,145",2007-06-21,ICE - BofAML MOVE Index [MOVE],76.3000
"1,146",2007-06-22,ICE - BofAML MOVE Index [MOVE],76.3000
"1,147",2007-06-25,ICE - BofAML MOVE Index [MOVE],79.0000
"1,148",2007-06-26,ICE - BofAML MOVE Index [MOVE],77.2000
"1,149",2007-06-27,ICE - BofAML MOVE Index [MOVE],79.4000
"1,150",2007-06-28,ICE - BofAML MOVE Index [MOVE],75.5000
"1,151",2007-06-29,ICE - BofAML MOVE Index [MOVE],77.5000
"1,152",2007-07-02,ICE - BofAML MOVE Index [MOVE],76.0000
"1,153",2007-07-03,ICE - BofAML MOVE Index [MOVE],73.5000
"1,154",2007-07-05,ICE - BofAML MOVE Index [MOVE],76.5000
"1,155",2007-07-06,ICE - BofAML MOVE Index [MOVE],74.4000
"1,156",2007-07-09,ICE - BofAML MOVE Index [MOVE],74.4000
"1,157",2007-07-10,ICE - BofAML MOVE Index [MOVE],78.1000
"1,158",2007-07-11,ICE - BofAML MOVE Index [MOVE],77.0000
"1,159",2007-07-12,ICE - BofAML MOVE Index [MOVE],75.5000
"1,160",2007-07-13,ICE - BofAML MOVE Index [MOVE],73.1000
"1,161",2007-07-16,ICE - BofAML MOVE Index [MOVE],71.1000
"1,162",2007-07-17,ICE - BofAML MOVE Index [MOVE],69.8000
"1,163",2007-07-18,ICE - BofAML MOVE Index [MOVE],71.4000
"1,164",2007-07-19,ICE - BofAML MOVE Index [MOVE],68.9000
"1,165",2007-07-20,ICE - BofAML MOVE Index [MOVE],72.2000
"1,166",2007-07-23,ICE - BofAML MOVE Index [MOVE],75.3000
"1,167",2007-07-24,ICE - BofAML MOVE Index [MOVE],76.7000
"1,168",2007-07-25,ICE - BofAML MOVE Index [MOVE],78.4000
"1,169",2007-07-26,ICE - BofAML MOVE Index [MOVE],93.5000
"1,170",2007-07-27,ICE - BofAML MOVE Index [MOVE],92.6000
"1,171",2007-07-30,ICE - BofAML MOVE Index [MOVE],97.9000
"1,172",2007-07-31,ICE - BofAML MOVE Index [MOVE],96.4000
"1,173",2007-08-01,ICE - BofAML MOVE Index [MOVE],94.3000
"1,174",2007-08-02,ICE - BofAML MOVE Index [MOVE],92.0000
"1,175",2007-08-03,ICE - BofAML MOVE Index [MOVE],95.4000
"1,176",2007-08-06,ICE - BofAML MOVE Index [MOVE],97.5000
"1,177",2007-08-07,ICE - BofAML MOVE Index [MOVE],86.9000
"1,178",2007-08-08,ICE - BofAML MOVE Index [MOVE],92.9000
"1,179",2007-08-09,ICE - BofAML MOVE Index [MOVE],118.5000
"1,180",2007-08-10,ICE - BofAML MOVE Index [MOVE],116.4000
"1,181",2007-08-13,ICE - BofAML MOVE Index [MOVE],111.7000
"1,182",2007-08-14,ICE - BofAML MOVE Index [MOVE],106.8000
"1,183",2007-08-15,ICE - BofAML MOVE Index [MOVE],102.7000
"1,184",2007-08-16,ICE - BofAML MOVE Index [MOVE],109.8000
"1,185",2007-08-17,ICE - BofAML MOVE Index [MOVE],106.9000
"1,186",2007-08-20,ICE - BofAML MOVE Index [MOVE],109.5000
"1,187",2007-08-21,ICE - BofAML MOVE Index [MOVE],114.4000
"1,188",2007-08-22,ICE - BofAML MOVE Index [MOVE],112.6000
"1,189",2007-08-23,ICE - BofAML MOVE Index [MOVE],111.4000
"1,190",2007-08-24,ICE - BofAML MOVE Index [MOVE],104.4000
"1,191",2007-08-27,ICE - BofAML MOVE Index [MOVE],103.9000
"1,192",2007-08-28,ICE - BofAML MOVE Index [MOVE],106.6000
"1,193",2007-08-29,ICE - BofAML MOVE Index [MOVE],107.5000
"1,194",2007-08-30,ICE - BofAML MOVE Index [MOVE],110.3000
"1,195",2007-08-31,ICE - BofAML MOVE Index [MOVE],111.0000
"1,196",2007-09-04,ICE - BofAML MOVE Index [MOVE],110.2400
"1,197",2007-09-05,ICE - BofAML MOVE Index [MOVE],113.5000
"1,198",2007-09-06,ICE - BofAML MOVE Index [MOVE],110.5000
"1,199",2007-09-07,ICE - BofAML MOVE Index [MOVE],116.9000
"1,200",2007-09-10,ICE - BofAML MOVE Index [MOVE],120.4000
"1,201",2007-09-11,ICE - BofAML MOVE Index [MOVE],123.5000
"1,202",2007-09-12,ICE - BofAML MOVE Index [MOVE],124.5000
"1,203",2007-09-13,ICE - BofAML MOVE Index [MOVE],122.1000
"1,204",2007-09-14,ICE - BofAML MOVE Index [MOVE],123.4000
"1,205",2007-09-17,ICE - BofAML MOVE Index [MOVE],121.6000
"1,206",2007-09-18,ICE - BofAML MOVE Index [MOVE],114.4000
"1,207",2007-09-19,ICE - BofAML MOVE Index [MOVE],106.2500
"1,208",2007-09-20,ICE - BofAML MOVE Index [MOVE],118.8000
"1,209",2007-09-21,ICE - BofAML MOVE Index [MOVE],103.2000
"1,210",2007-09-24,ICE - BofAML MOVE Index [MOVE],102.8000
"1,211",2007-09-25,ICE - BofAML MOVE Index [MOVE],106.5000
"1,212",2007-09-26,ICE - BofAML MOVE Index [MOVE],104.9000
"1,213",2007-09-27,ICE - BofAML MOVE Index [MOVE],103.3000
"1,214",2007-09-28,ICE - BofAML MOVE Index [MOVE],103.7000
"1,215",2007-10-01,ICE - BofAML MOVE Index [MOVE],104.9000
"1,216",2007-10-02,ICE - BofAML MOVE Index [MOVE],103.6000
"1,217",2007-10-03,ICE - BofAML MOVE Index [MOVE],101.8000
"1,218",2007-10-04,ICE - BofAML MOVE Index [MOVE],102.0000
"1,219",2007-10-05,ICE - BofAML MOVE Index [MOVE],98.1000
"1,220",2007-10-09,ICE - BofAML MOVE Index [MOVE],91.4000
"1,221",2007-10-10,ICE - BofAML MOVE Index [MOVE],86.6000
"1,222",2007-10-11,ICE - BofAML MOVE Index [MOVE],82.4000
"1,223",2007-10-12,ICE - BofAML MOVE Index [MOVE],79.6000
"1,224",2007-10-15,ICE - BofAML MOVE Index [MOVE],79.3000
"1,225",2007-10-16,ICE - BofAML MOVE Index [MOVE],82.8000
"1,226",2007-10-17,ICE - BofAML MOVE Index [MOVE],93.5000
"1,227",2007-10-18,ICE - BofAML MOVE Index [MOVE],92.3000
"1,228",2007-10-19,ICE - BofAML MOVE Index [MOVE],95.8000
"1,229",2007-10-22,ICE - BofAML MOVE Index [MOVE],97.4000
"1,230",2007-10-23,ICE - BofAML MOVE Index [MOVE],96.3000
"1,231",2007-10-24,ICE - BofAML MOVE Index [MOVE],104.9000
"1,232",2007-10-25,ICE - BofAML MOVE Index [MOVE],103.8000
"1,233",2007-10-26,ICE - BofAML MOVE Index [MOVE],102.0400
"1,234",2007-10-29,ICE - BofAML MOVE Index [MOVE],99.1000
"1,235",2007-10-30,ICE - BofAML MOVE Index [MOVE],96.3400
"1,236",2007-10-31,ICE - BofAML MOVE Index [MOVE],90.1800
"1,237",2007-11-01,ICE - BofAML MOVE Index [MOVE],100.2500
"1,238",2007-11-02,ICE - BofAML MOVE Index [MOVE],103.6400
"1,239",2007-11-05,ICE - BofAML MOVE Index [MOVE],102.5600
"1,240",2007-11-06,ICE - BofAML MOVE Index [MOVE],98.4000
"1,241",2007-11-07,ICE - BofAML MOVE Index [MOVE],107.9800
"1,242",2007-11-08,ICE - BofAML MOVE Index [MOVE],112.0800
"1,243",2007-11-09,ICE - BofAML MOVE Index [MOVE],112.0800
"1,244",2007-11-13,ICE - BofAML MOVE Index [MOVE],102.5000
"1,245",2007-11-14,ICE - BofAML MOVE Index [MOVE],95.3600
"1,246",2007-11-15,ICE - BofAML MOVE Index [MOVE],102.2200
"1,247",2007-11-16,ICE - BofAML MOVE Index [MOVE],99.1400
"1,248",2007-11-19,ICE - BofAML MOVE Index [MOVE],101.0400
"1,249",2007-11-20,ICE - BofAML MOVE Index [MOVE],109.2000
"1,250",2007-11-21,ICE - BofAML MOVE Index [MOVE],112.2000
"1,251",2007-11-23,ICE - BofAML MOVE Index [MOVE],112.1000
"1,252",2007-11-26,ICE - BofAML MOVE Index [MOVE],126.9000
"1,253",2007-11-27,ICE - BofAML MOVE Index [MOVE],133.4000
"1,254",2007-11-28,ICE - BofAML MOVE Index [MOVE],127.4000
"1,255",2007-11-29,ICE - BofAML MOVE Index [MOVE],133.6000
"1,256",2007-11-30,ICE - BofAML MOVE Index [MOVE],131.5000
"1,257",2007-12-03,ICE - BofAML MOVE Index [MOVE],136.1100
"1,258",2007-12-04,ICE - BofAML MOVE Index [MOVE],141.7000
"1,259",2007-12-05,ICE - BofAML MOVE Index [MOVE],140.4000
"1,260",2007-12-06,ICE - BofAML MOVE Index [MOVE],138.5000
"1,261",2007-12-07,ICE - BofAML MOVE Index [MOVE],139.9600
"1,262",2007-12-10,ICE - BofAML MOVE Index [MOVE],126.8900
"1,263",2007-12-11,ICE - BofAML MOVE Index [MOVE],140.6000
"1,264",2007-12-12,ICE - BofAML MOVE Index [MOVE],142.8000
"1,265",2007-12-13,ICE - BofAML MOVE Index [MOVE],139.2000
"1,266",2007-12-14,ICE - BofAML MOVE Index [MOVE],139.3800
"1,267",2007-12-17,ICE - BofAML MOVE Index [MOVE],138.7300
"1,268",2007-12-18,ICE - BofAML MOVE Index [MOVE],141.5000
"1,269",2007-12-19,ICE - BofAML MOVE Index [MOVE],147.8300
"1,270",2007-12-20,ICE - BofAML MOVE Index [MOVE],154.7000
"1,271",2007-12-21,ICE - BofAML MOVE Index [MOVE],145.5000
"1,272",2007-12-24,ICE - BofAML MOVE Index [MOVE],144.0000
"1,273",2007-12-26,ICE - BofAML MOVE Index [MOVE],141.3000
"1,274",2007-12-27,ICE - BofAML MOVE Index [MOVE],140.9000
"1,275",2007-12-28,ICE - BofAML MOVE Index [MOVE],144.0000
"1,276",2007-12-31,ICE - BofAML MOVE Index [MOVE],145.4000
"1,277",2008-01-02,ICE - BofAML MOVE Index [MOVE],148.7000
"1,278",2008-01-03,ICE - BofAML MOVE Index [MOVE],145.6000
"1,279",2008-01-04,ICE - BofAML MOVE Index [MOVE],138.1000
"1,280",2008-01-07,ICE - BofAML MOVE Index [MOVE],130.9000
"1,281",2008-01-08,ICE - BofAML MOVE Index [MOVE],124.0000
"1,282",2008-01-09,ICE - BofAML MOVE Index [MOVE],128.0000
"1,283",2008-01-10,ICE - BofAML MOVE Index [MOVE],125.3000
"1,284",2008-01-11,ICE - BofAML MOVE Index [MOVE],130.9000
"1,285",2008-01-14,ICE - BofAML MOVE Index [MOVE],130.5600
"1,286",2008-01-15,ICE - BofAML MOVE Index [MOVE],131.9000
"1,287",2008-01-16,ICE - BofAML MOVE Index [MOVE],133.0000
"1,288",2008-01-17,ICE - BofAML MOVE Index [MOVE],135.1000
"1,289",2008-01-18,ICE - BofAML MOVE Index [MOVE],137.1000
"1,290",2008-01-22,ICE - BofAML MOVE Index [MOVE],147.3000
"1,291",2008-01-23,ICE - BofAML MOVE Index [MOVE],165.1000
"1,292",2008-01-24,ICE - BofAML MOVE Index [MOVE],171.7000
"1,293",2008-01-25,ICE - BofAML MOVE Index [MOVE],178.8000
"1,294",2008-01-28,ICE - BofAML MOVE Index [MOVE],170.2000
"1,295",2008-01-29,ICE - BofAML MOVE Index [MOVE],161.8000
"1,296",2008-01-30,ICE - BofAML MOVE Index [MOVE],146.7100
"1,297",2008-01-31,ICE - BofAML MOVE Index [MOVE],153.7000
"1,298",2008-02-01,ICE - BofAML MOVE Index [MOVE],144.7000
"1,299",2008-02-04,ICE - BofAML MOVE Index [MOVE],142.0000
"1,300",2008-02-05,ICE - BofAML MOVE Index [MOVE],145.9000
"1,301",2008-02-06,ICE - BofAML MOVE Index [MOVE],146.2000
"1,302",2008-02-07,ICE - BofAML MOVE Index [MOVE],150.4000
"1,303",2008-02-08,ICE - BofAML MOVE Index [MOVE],153.0000
"1,304",2008-02-11,ICE - BofAML MOVE Index [MOVE],149.8000
"1,305",2008-02-12,ICE - BofAML MOVE Index [MOVE],148.5000
"1,306",2008-02-13,ICE - BofAML MOVE Index [MOVE],146.1000
"1,307",2008-02-14,ICE - BofAML MOVE Index [MOVE],144.2000
"1,308",2008-02-15,ICE - BofAML MOVE Index [MOVE],146.6000
"1,309",2008-02-19,ICE - BofAML MOVE Index [MOVE],147.5000
"1,310",2008-02-20,ICE - BofAML MOVE Index [MOVE],154.3000
"1,311",2008-02-21,ICE - BofAML MOVE Index [MOVE],160.6000
"1,312",2008-02-22,ICE - BofAML MOVE Index [MOVE],161.5000
"1,313",2008-02-25,ICE - BofAML MOVE Index [MOVE],158.1000
"1,314",2008-02-26,ICE - BofAML MOVE Index [MOVE],149.2000
"1,315",2008-02-27,ICE - BofAML MOVE Index [MOVE],142.9100
"1,316",2008-02-28,ICE - BofAML MOVE Index [MOVE],145.2000
"1,317",2008-02-29,ICE - BofAML MOVE Index [MOVE],155.2000
"1,318",2008-03-03,ICE - BofAML MOVE Index [MOVE],152.2000
"1,319",2008-03-04,ICE - BofAML MOVE Index [MOVE],155.7000
"1,320",2008-03-05,ICE - BofAML MOVE Index [MOVE],164.9000
"1,321",2008-03-06,ICE - BofAML MOVE Index [MOVE],171.4000
"1,322",2008-03-07,ICE - BofAML MOVE Index [MOVE],172.6000
"1,323",2008-03-10,ICE - BofAML MOVE Index [MOVE],169.6000
"1,324",2008-03-11,ICE - BofAML MOVE Index [MOVE],155.3000
"1,325",2008-03-12,ICE - BofAML MOVE Index [MOVE],154.3000
"1,326",2008-03-13,ICE - BofAML MOVE Index [MOVE],162.7000
"1,327",2008-03-14,ICE - BofAML MOVE Index [MOVE],167.2000
"1,328",2008-03-17,ICE - BofAML MOVE Index [MOVE],168.8000
"1,329",2008-03-18,ICE - BofAML MOVE Index [MOVE],159.2000
"1,330",2008-03-19,ICE - BofAML MOVE Index [MOVE],159.9000
"1,331",2008-03-20,ICE - BofAML MOVE Index [MOVE],158.6000
"1,332",2008-03-24,ICE - BofAML MOVE Index [MOVE],161.0000
"1,333",2008-03-25,ICE - BofAML MOVE Index [MOVE],160.7000
"1,334",2008-03-26,ICE - BofAML MOVE Index [MOVE],157.7000
"1,335",2008-03-27,ICE - BofAML MOVE Index [MOVE],152.4000
"1,336",2008-03-28,ICE - BofAML MOVE Index [MOVE],145.9000
"1,337",2008-03-31,ICE - BofAML MOVE Index [MOVE],145.5000
"1,338",2008-04-01,ICE - BofAML MOVE Index [MOVE],141.9000
"1,339",2008-04-02,ICE - BofAML MOVE Index [MOVE],146.2000
"1,340",2008-04-03,ICE - BofAML MOVE Index [MOVE],139.7000
"1,341",2008-04-04,ICE - BofAML MOVE Index [MOVE],140.2000
"1,342",2008-04-07,ICE - BofAML MOVE Index [MOVE],132.9000
"1,343",2008-04-08,ICE - BofAML MOVE Index [MOVE],128.2000
"1,344",2008-04-09,ICE - BofAML MOVE Index [MOVE],128.7000
"1,345",2008-04-10,ICE - BofAML MOVE Index [MOVE],127.8000
"1,346",2008-04-11,ICE - BofAML MOVE Index [MOVE],129.4000
"1,347",2008-04-14,ICE - BofAML MOVE Index [MOVE],127.4000
"1,348",2008-04-15,ICE - BofAML MOVE Index [MOVE],129.9000
"1,349",2008-04-16,ICE - BofAML MOVE Index [MOVE],144.0000
"1,350",2008-04-17,ICE - BofAML MOVE Index [MOVE],149.7000
"1,351",2008-04-18,ICE - BofAML MOVE Index [MOVE],144.1000
"1,352",2008-04-21,ICE - BofAML MOVE Index [MOVE],135.2000
"1,353",2008-04-22,ICE - BofAML MOVE Index [MOVE],129.1000
"1,354",2008-04-23,ICE - BofAML MOVE Index [MOVE],125.6000
"1,355",2008-04-24,ICE - BofAML MOVE Index [MOVE],129.2000
"1,356",2008-04-25,ICE - BofAML MOVE Index [MOVE],131.0000
"1,357",2008-04-28,ICE - BofAML MOVE Index [MOVE],130.1000
"1,358",2008-04-29,ICE - BofAML MOVE Index [MOVE],126.5000
"1,359",2008-04-30,ICE - BofAML MOVE Index [MOVE],119.1000
"1,360",2008-05-01,ICE - BofAML MOVE Index [MOVE],115.2000
"1,361",2008-05-02,ICE - BofAML MOVE Index [MOVE],111.8000
"1,362",2008-05-05,ICE - BofAML MOVE Index [MOVE],108.9000
"1,363",2008-05-06,ICE - BofAML MOVE Index [MOVE],110.4000
"1,364",2008-05-07,ICE - BofAML MOVE Index [MOVE],116.1000
"1,365",2008-05-08,ICE - BofAML MOVE Index [MOVE],119.7000
"1,366",2008-05-09,ICE - BofAML MOVE Index [MOVE],121.1000
"1,367",2008-05-12,ICE - BofAML MOVE Index [MOVE],118.3000
"1,368",2008-05-13,ICE - BofAML MOVE Index [MOVE],120.9000
"1,369",2008-05-14,ICE - BofAML MOVE Index [MOVE],127.2000
"1,370",2008-05-15,ICE - BofAML MOVE Index [MOVE],125.3000
"1,371",2008-05-16,ICE - BofAML MOVE Index [MOVE],122.5000
"1,372",2008-05-19,ICE - BofAML MOVE Index [MOVE],117.5000
"1,373",2008-05-20,ICE - BofAML MOVE Index [MOVE],116.6000
"1,374",2008-05-21,ICE - BofAML MOVE Index [MOVE],115.9000
"1,375",2008-05-22,ICE - BofAML MOVE Index [MOVE],120.9000
"1,376",2008-05-23,ICE - BofAML MOVE Index [MOVE],120.4000
"1,377",2008-05-27,ICE - BofAML MOVE Index [MOVE],121.1000
"1,378",2008-05-28,ICE - BofAML MOVE Index [MOVE],126.6000
"1,379",2008-05-29,ICE - BofAML MOVE Index [MOVE],131.6000
"1,380",2008-05-30,ICE - BofAML MOVE Index [MOVE],130.2000
"1,381",2008-06-02,ICE - BofAML MOVE Index [MOVE],130.5000
"1,382",2008-06-03,ICE - BofAML MOVE Index [MOVE],132.7000
"1,383",2008-06-04,ICE - BofAML MOVE Index [MOVE],131.9000
"1,384",2008-06-05,ICE - BofAML MOVE Index [MOVE],133.8000
"1,385",2008-06-06,ICE - BofAML MOVE Index [MOVE],139.6000
"1,386",2008-06-09,ICE - BofAML MOVE Index [MOVE],151.0000
"1,387",2008-06-10,ICE - BofAML MOVE Index [MOVE],149.6000
"1,388",2008-06-11,ICE - BofAML MOVE Index [MOVE],144.6000
"1,389",2008-06-12,ICE - BofAML MOVE Index [MOVE],148.9000
"1,390",2008-06-13,ICE - BofAML MOVE Index [MOVE],153.7000
"1,391",2008-06-16,ICE - BofAML MOVE Index [MOVE],143.5000
"1,392",2008-06-17,ICE - BofAML MOVE Index [MOVE],142.2000
"1,393",2008-06-18,ICE - BofAML MOVE Index [MOVE],140.4000
"1,394",2008-06-19,ICE - BofAML MOVE Index [MOVE],136.8000
"1,395",2008-06-20,ICE - BofAML MOVE Index [MOVE],137.8000
"1,396",2008-06-23,ICE - BofAML MOVE Index [MOVE],136.7000
"1,397",2008-06-24,ICE - BofAML MOVE Index [MOVE],134.8000
"1,398",2008-06-25,ICE - BofAML MOVE Index [MOVE],129.8000
"1,399",2008-06-26,ICE - BofAML MOVE Index [MOVE],133.7000
"1,400",2008-06-27,ICE - BofAML MOVE Index [MOVE],132.5000
"1,401",2008-06-30,ICE - BofAML MOVE Index [MOVE],126.0000
"1,402",2008-07-01,ICE - BofAML MOVE Index [MOVE],128.5000
"1,403",2008-07-02,ICE - BofAML MOVE Index [MOVE],133.1000
"1,404",2008-07-03,ICE - BofAML MOVE Index [MOVE],125.1000
"1,405",2008-07-07,ICE - BofAML MOVE Index [MOVE],123.0000
"1,406",2008-07-08,ICE - BofAML MOVE Index [MOVE],118.9000
"1,407",2008-07-09,ICE - BofAML MOVE Index [MOVE],116.1000
"1,408",2008-07-10,ICE - BofAML MOVE Index [MOVE],118.7000
"1,409",2008-07-11,ICE - BofAML MOVE Index [MOVE],129.2000
"1,410",2008-07-14,ICE - BofAML MOVE Index [MOVE],126.0000
"1,411",2008-07-15,ICE - BofAML MOVE Index [MOVE],126.0000
"1,412",2008-07-16,ICE - BofAML MOVE Index [MOVE],123.4000
"1,413",2008-07-17,ICE - BofAML MOVE Index [MOVE],129.4000
"1,414",2008-07-18,ICE - BofAML MOVE Index [MOVE],131.0000
"1,415",2008-07-21,ICE - BofAML MOVE Index [MOVE],131.1000
"1,416",2008-07-22,ICE - BofAML MOVE Index [MOVE],124.9000
"1,417",2008-07-23,ICE - BofAML MOVE Index [MOVE],123.7000
"1,418",2008-07-24,ICE - BofAML MOVE Index [MOVE],123.8000
"1,419",2008-07-25,ICE - BofAML MOVE Index [MOVE],123.4000
"1,420",2008-07-28,ICE - BofAML MOVE Index [MOVE],122.7000
"1,421",2008-07-29,ICE - BofAML MOVE Index [MOVE],121.3000
"1,422",2008-07-30,ICE - BofAML MOVE Index [MOVE],133.8000
"1,423",2008-07-31,ICE - BofAML MOVE Index [MOVE],131.7000
"1,424",2008-08-01,ICE - BofAML MOVE Index [MOVE],118.3000
"1,425",2008-08-04,ICE - BofAML MOVE Index [MOVE],117.2000
"1,426",2008-08-05,ICE - BofAML MOVE Index [MOVE],110.3000
"1,427",2008-08-06,ICE - BofAML MOVE Index [MOVE],112.3000
"1,428",2008-08-07,ICE - BofAML MOVE Index [MOVE],118.8000
"1,429",2008-08-08,ICE - BofAML MOVE Index [MOVE],109.1000
"1,430",2008-08-11,ICE - BofAML MOVE Index [MOVE],107.4000
"1,431",2008-08-12,ICE - BofAML MOVE Index [MOVE],110.9000
"1,432",2008-08-13,ICE - BofAML MOVE Index [MOVE],112.3000
"1,433",2008-08-14,ICE - BofAML MOVE Index [MOVE],111.8000
"1,434",2008-08-15,ICE - BofAML MOVE Index [MOVE],112.1000
"1,435",2008-08-18,ICE - BofAML MOVE Index [MOVE],112.8000
"1,436",2008-08-19,ICE - BofAML MOVE Index [MOVE],110.1000
"1,437",2008-08-20,ICE - BofAML MOVE Index [MOVE],110.7000
"1,438",2008-08-21,ICE - BofAML MOVE Index [MOVE],109.4000
"1,439",2008-08-22,ICE - BofAML MOVE Index [MOVE],109.8000
"1,440",2008-08-25,ICE - BofAML MOVE Index [MOVE],109.6000
"1,441",2008-08-26,ICE - BofAML MOVE Index [MOVE],108.2000
"1,442",2008-08-27,ICE - BofAML MOVE Index [MOVE],104.1000
"1,443",2008-08-28,ICE - BofAML MOVE Index [MOVE],103.0000
"1,444",2008-08-29,ICE - BofAML MOVE Index [MOVE],103.0000
"1,445",2008-09-02,ICE - BofAML MOVE Index [MOVE],102.4000
"1,446",2008-09-03,ICE - BofAML MOVE Index [MOVE],105.9000
"1,447",2008-09-04,ICE - BofAML MOVE Index [MOVE],115.2000
"1,448",2008-09-05,ICE - BofAML MOVE Index [MOVE],111.8000
"1,449",2008-09-08,ICE - BofAML MOVE Index [MOVE],116.3000
"1,450",2008-09-09,ICE - BofAML MOVE Index [MOVE],123.8000
"1,451",2008-09-10,ICE - BofAML MOVE Index [MOVE],123.7000
"1,452",2008-09-11,ICE - BofAML MOVE Index [MOVE],126.1000
"1,453",2008-09-12,ICE - BofAML MOVE Index [MOVE],125.4000
"1,454",2008-09-15,ICE - BofAML MOVE Index [MOVE],160.3000
"1,455",2008-09-16,ICE - BofAML MOVE Index [MOVE],168.4000
"1,456",2008-09-17,ICE - BofAML MOVE Index [MOVE],162.0000
"1,457",2008-09-18,ICE - BofAML MOVE Index [MOVE],163.5000
"1,458",2008-09-19,ICE - BofAML MOVE Index [MOVE],162.3000
"1,459",2008-09-22,ICE - BofAML MOVE Index [MOVE],158.1000
"1,460",2008-09-23,ICE - BofAML MOVE Index [MOVE],159.5000
"1,461",2008-09-24,ICE - BofAML MOVE Index [MOVE],163.8000
"1,462",2008-09-25,ICE - BofAML MOVE Index [MOVE],176.3000
"1,463",2008-09-26,ICE - BofAML MOVE Index [MOVE],183.6000
"1,464",2008-09-29,ICE - BofAML MOVE Index [MOVE],201.0000
"1,465",2008-09-30,ICE - BofAML MOVE Index [MOVE],208.5000
"1,466",2008-10-01,ICE - BofAML MOVE Index [MOVE],200.5000
"1,467",2008-10-02,ICE - BofAML MOVE Index [MOVE],206.7000
"1,468",2008-10-03,ICE - BofAML MOVE Index [MOVE],204.8000
"1,469",2008-10-06,ICE - BofAML MOVE Index [MOVE],217.3000
"1,470",2008-10-07,ICE - BofAML MOVE Index [MOVE],221.1000
"1,471",2008-10-08,ICE - BofAML MOVE Index [MOVE],239.8000
"1,472",2008-10-09,ICE - BofAML MOVE Index [MOVE],250.1000
"1,473",2008-10-10,ICE - BofAML MOVE Index [MOVE],264.6000
"1,474",2008-10-14,ICE - BofAML MOVE Index [MOVE],230.4000
"1,475",2008-10-15,ICE - BofAML MOVE Index [MOVE],220.5000
"1,476",2008-10-16,ICE - BofAML MOVE Index [MOVE],218.9000
"1,477",2008-10-17,ICE - BofAML MOVE Index [MOVE],207.3000
"1,478",2008-10-20,ICE - BofAML MOVE Index [MOVE],191.6000
"1,479",2008-10-21,ICE - BofAML MOVE Index [MOVE],192.9000
"1,480",2008-10-22,ICE - BofAML MOVE Index [MOVE],203.8000
"1,481",2008-10-23,ICE - BofAML MOVE Index [MOVE],229.7000
"1,482",2008-10-24,ICE - BofAML MOVE Index [MOVE],239.4000
"1,483",2008-10-27,ICE - BofAML MOVE Index [MOVE],237.0000
"1,484",2008-10-28,ICE - BofAML MOVE Index [MOVE],229.9000
"1,485",2008-10-29,ICE - BofAML MOVE Index [MOVE],217.2000
"1,486",2008-10-30,ICE - BofAML MOVE Index [MOVE],209.4000
"1,487",2008-10-31,ICE - BofAML MOVE Index [MOVE],207.2000
"1,488",2008-11-03,ICE - BofAML MOVE Index [MOVE],204.6000
"1,489",2008-11-04,ICE - BofAML MOVE Index [MOVE],203.0000
"1,490",2008-11-05,ICE - BofAML MOVE Index [MOVE],217.5000
"1,491",2008-11-06,ICE - BofAML MOVE Index [MOVE],189.0000
"1,492",2008-11-07,ICE - BofAML MOVE Index [MOVE],178.1000
"1,493",2008-11-10,ICE - BofAML MOVE Index [MOVE],173.2000
"1,494",2008-11-11,ICE - BofAML MOVE Index [MOVE],173.2000
"1,495",2008-11-12,ICE - BofAML MOVE Index [MOVE],173.2000
"1,496",2008-11-13,ICE - BofAML MOVE Index [MOVE],181.4000
"1,497",2008-11-14,ICE - BofAML MOVE Index [MOVE],189.5000
"1,498",2008-11-17,ICE - BofAML MOVE Index [MOVE],188.4000
"1,499",2008-11-18,ICE - BofAML MOVE Index [MOVE],191.6000
"1,500",2008-11-19,ICE - BofAML MOVE Index [MOVE],192.0000
"1,501",2008-11-20,ICE - BofAML MOVE Index [MOVE],211.6000
"1,502",2008-11-21,ICE - BofAML MOVE Index [MOVE],212.9000
"1,503",2008-11-24,ICE - BofAML MOVE Index [MOVE],189.0000
"1,504",2008-11-25,ICE - BofAML MOVE Index [MOVE],206.2000
"1,505",2008-11-26,ICE - BofAML MOVE Index [MOVE],213.9000
"1,506",2008-11-28,ICE - BofAML MOVE Index [MOVE],214.0000
"1,507",2008-12-01,ICE - BofAML MOVE Index [MOVE],213.3000
"1,508",2008-12-02,ICE - BofAML MOVE Index [MOVE],216.6000
"1,509",2008-12-03,ICE - BofAML MOVE Index [MOVE],214.7000
"1,510",2008-12-04,ICE - BofAML MOVE Index [MOVE],216.9000
"1,511",2008-12-05,ICE - BofAML MOVE Index [MOVE],216.4000
"1,512",2008-12-08,ICE - BofAML MOVE Index [MOVE],213.4000
"1,513",2008-12-09,ICE - BofAML MOVE Index [MOVE],214.7000
"1,514",2008-12-10,ICE - BofAML MOVE Index [MOVE],218.9000
"1,515",2008-12-11,ICE - BofAML MOVE Index [MOVE],223.4000
"1,516",2008-12-12,ICE - BofAML MOVE Index [MOVE],222.7000
"1,517",2008-12-15,ICE - BofAML MOVE Index [MOVE],214.5000
"1,518",2008-12-16,ICE - BofAML MOVE Index [MOVE],194.9000
"1,519",2008-12-17,ICE - BofAML MOVE Index [MOVE],182.1000
"1,520",2008-12-18,ICE - BofAML MOVE Index [MOVE],194.6000
"1,521",2008-12-19,ICE - BofAML MOVE Index [MOVE],195.8000
"1,522",2008-12-22,ICE - BofAML MOVE Index [MOVE],194.6000
"1,523",2008-12-23,ICE - BofAML MOVE Index [MOVE],193.8000
"1,524",2008-12-24,ICE - BofAML MOVE Index [MOVE],193.8000
"1,525",2008-12-26,ICE - BofAML MOVE Index [MOVE],193.5000
"1,526",2008-12-29,ICE - BofAML MOVE Index [MOVE],192.1000
"1,527",2008-12-30,ICE - BofAML MOVE Index [MOVE],192.6000
"1,528",2008-12-31,ICE - BofAML MOVE Index [MOVE],190.0000
"1,529",2009-01-02,ICE - BofAML MOVE Index [MOVE],183.1000
"1,530",2009-01-05,ICE - BofAML MOVE Index [MOVE],171.0000
"1,531",2009-01-06,ICE - BofAML MOVE Index [MOVE],160.4000
"1,532",2009-01-07,ICE - BofAML MOVE Index [MOVE],151.7000
"1,533",2009-01-08,ICE - BofAML MOVE Index [MOVE],149.9000
"1,534",2009-01-09,ICE - BofAML MOVE Index [MOVE],138.0000
"1,535",2009-01-12,ICE - BofAML MOVE Index [MOVE],134.8000
"1,536",2009-01-13,ICE - BofAML MOVE Index [MOVE],119.5000
"1,537",2009-01-14,ICE - BofAML MOVE Index [MOVE],119.4000
"1,538",2009-01-15,ICE - BofAML MOVE Index [MOVE],129.5000
"1,539",2009-01-16,ICE - BofAML MOVE Index [MOVE],126.9000
"1,540",2009-01-20,ICE - BofAML MOVE Index [MOVE],136.5000
"1,541",2009-01-21,ICE - BofAML MOVE Index [MOVE],151.0000
"1,542",2009-01-22,ICE - BofAML MOVE Index [MOVE],153.1000
"1,543",2009-01-23,ICE - BofAML MOVE Index [MOVE],155.3000
"1,544",2009-01-26,ICE - BofAML MOVE Index [MOVE],145.3000
"1,545",2009-01-27,ICE - BofAML MOVE Index [MOVE],141.2000
"1,546",2009-01-28,ICE - BofAML MOVE Index [MOVE],136.7000
"1,547",2009-01-29,ICE - BofAML MOVE Index [MOVE],147.8000
"1,548",2009-01-30,ICE - BofAML MOVE Index [MOVE],162.9000
"1,549",2009-02-02,ICE - BofAML MOVE Index [MOVE],163.4000
"1,550",2009-02-03,ICE - BofAML MOVE Index [MOVE],161.2000
"1,551",2009-02-04,ICE - BofAML MOVE Index [MOVE],172.5000
"1,552",2009-02-05,ICE - BofAML MOVE Index [MOVE],173.7000
"1,553",2009-02-06,ICE - BofAML MOVE Index [MOVE],182.1000
"1,554",2009-02-09,ICE - BofAML MOVE Index [MOVE],170.2000
"1,555",2009-02-10,ICE - BofAML MOVE Index [MOVE],172.3000
"1,556",2009-02-11,ICE - BofAML MOVE Index [MOVE],157.0000
"1,557",2009-02-12,ICE - BofAML MOVE Index [MOVE],151.0000
"1,558",2009-02-13,ICE - BofAML MOVE Index [MOVE],158.7000
"1,559",2009-02-17,ICE - BofAML MOVE Index [MOVE],163.2000
"1,560",2009-02-18,ICE - BofAML MOVE Index [MOVE],159.2000
"1,561",2009-02-19,ICE - BofAML MOVE Index [MOVE],161.9000
"1,562",2009-02-20,ICE - BofAML MOVE Index [MOVE],165.5000
"1,563",2009-02-23,ICE - BofAML MOVE Index [MOVE],157.4000
"1,564",2009-02-24,ICE - BofAML MOVE Index [MOVE],154.4000
"1,565",2009-02-25,ICE - BofAML MOVE Index [MOVE],164.3000
"1,566",2009-02-26,ICE - BofAML MOVE Index [MOVE],163.0000
"1,567",2009-02-27,ICE - BofAML MOVE Index [MOVE],166.6000
"1,568",2009-03-02,ICE - BofAML MOVE Index [MOVE],164.0000
"1,569",2009-03-03,ICE - BofAML MOVE Index [MOVE],164.9000
"1,570",2009-03-04,ICE - BofAML MOVE Index [MOVE],166.3000
"1,571",2009-03-05,ICE - BofAML MOVE Index [MOVE],162.2000
"1,572",2009-03-06,ICE - BofAML MOVE Index [MOVE],159.2000
"1,573",2009-03-09,ICE - BofAML MOVE Index [MOVE],160.5000
"1,574",2009-03-10,ICE - BofAML MOVE Index [MOVE],153.4000
"1,575",2009-03-11,ICE - BofAML MOVE Index [MOVE],147.0000
"1,576",2009-03-12,ICE - BofAML MOVE Index [MOVE],146.3000
"1,577",2009-03-13,ICE - BofAML MOVE Index [MOVE],143.8000
"1,578",2009-03-16,ICE - BofAML MOVE Index [MOVE],140.9000
"1,579",2009-03-17,ICE - BofAML MOVE Index [MOVE],142.7000
"1,580",2009-03-18,ICE - BofAML MOVE Index [MOVE],142.9000
"1,581",2009-03-19,ICE - BofAML MOVE Index [MOVE],125.6000
"1,582",2009-03-20,ICE - BofAML MOVE Index [MOVE],124.0000
"1,583",2009-03-23,ICE - BofAML MOVE Index [MOVE],119.0000
"1,584",2009-03-24,ICE - BofAML MOVE Index [MOVE],119.3000
"1,585",2009-03-25,ICE - BofAML MOVE Index [MOVE],118.3000
"1,586",2009-03-26,ICE - BofAML MOVE Index [MOVE],120.5000
"1,587",2009-03-27,ICE - BofAML MOVE Index [MOVE],117.9000
"1,588",2009-03-30,ICE - BofAML MOVE Index [MOVE],116.9000
"1,589",2009-03-31,ICE - BofAML MOVE Index [MOVE],117.3000
"1,590",2009-04-01,ICE - BofAML MOVE Index [MOVE],112.6000
"1,591",2009-04-02,ICE - BofAML MOVE Index [MOVE],111.7000
"1,592",2009-04-03,ICE - BofAML MOVE Index [MOVE],119.7000
"1,593",2009-04-06,ICE - BofAML MOVE Index [MOVE],122.9000
"1,594",2009-04-07,ICE - BofAML MOVE Index [MOVE],118.5000
"1,595",2009-04-08,ICE - BofAML MOVE Index [MOVE],119.7000
"1,596",2009-04-09,ICE - BofAML MOVE Index [MOVE],119.7000
"1,597",2009-04-13,ICE - BofAML MOVE Index [MOVE],116.4000
"1,598",2009-04-14,ICE - BofAML MOVE Index [MOVE],107.7000
"1,599",2009-04-15,ICE - BofAML MOVE Index [MOVE],105.6000
"1,600",2009-04-16,ICE - BofAML MOVE Index [MOVE],109.0000
"1,601",2009-04-17,ICE - BofAML MOVE Index [MOVE],115.8000
"1,602",2009-04-20,ICE - BofAML MOVE Index [MOVE],115.1000
"1,603",2009-04-21,ICE - BofAML MOVE Index [MOVE],115.8000
"1,604",2009-04-22,ICE - BofAML MOVE Index [MOVE],120.2000
"1,605",2009-04-23,ICE - BofAML MOVE Index [MOVE],120.2000
"1,606",2009-04-24,ICE - BofAML MOVE Index [MOVE],125.8000
"1,607",2009-04-27,ICE - BofAML MOVE Index [MOVE],125.8000
"1,608",2009-04-28,ICE - BofAML MOVE Index [MOVE],122.6000
"1,609",2009-04-29,ICE - BofAML MOVE Index [MOVE],120.7000
"1,610",2009-04-30,ICE - BofAML MOVE Index [MOVE],124.2000
"1,611",2009-05-01,ICE - BofAML MOVE Index [MOVE],129.2000
"1,612",2009-05-04,ICE - BofAML MOVE Index [MOVE],127.8000
"1,613",2009-05-05,ICE - BofAML MOVE Index [MOVE],125.4000
"1,614",2009-05-06,ICE - BofAML MOVE Index [MOVE],125.2000
"1,615",2009-05-07,ICE - BofAML MOVE Index [MOVE],129.1000
"1,616",2009-05-08,ICE - BofAML MOVE Index [MOVE],130.5000
"1,617",2009-05-11,ICE - BofAML MOVE Index [MOVE],124.7000
"1,618",2009-05-12,ICE - BofAML MOVE Index [MOVE],126.3000
"1,619",2009-05-13,ICE - BofAML MOVE Index [MOVE],126.2000
"1,620",2009-05-14,ICE - BofAML MOVE Index [MOVE],123.5000
"1,621",2009-05-15,ICE - BofAML MOVE Index [MOVE],122.3000
"1,622",2009-05-18,ICE - BofAML MOVE Index [MOVE],122.1000
"1,623",2009-05-19,ICE - BofAML MOVE Index [MOVE],122.7000
"1,624",2009-05-20,ICE - BofAML MOVE Index [MOVE],122.6000
"1,625",2009-05-21,ICE - BofAML MOVE Index [MOVE],129.8000
"1,626",2009-05-22,ICE - BofAML MOVE Index [MOVE],147.2000
"1,627",2009-05-26,ICE - BofAML MOVE Index [MOVE],146.1000
"1,628",2009-05-27,ICE - BofAML MOVE Index [MOVE],163.8000
"1,629",2009-05-28,ICE - BofAML MOVE Index [MOVE],167.5000
"1,630",2009-05-29,ICE - BofAML MOVE Index [MOVE],165.4000
"1,631",2009-06-01,ICE - BofAML MOVE Index [MOVE],190.3000
"1,632",2009-06-02,ICE - BofAML MOVE Index [MOVE],183.9000
"1,633",2009-06-03,ICE - BofAML MOVE Index [MOVE],162.9000
"1,634",2009-06-04,ICE - BofAML MOVE Index [MOVE],169.0000
"1,635",2009-06-05,ICE - BofAML MOVE Index [MOVE],183.4000
"1,636",2009-06-08,ICE - BofAML MOVE Index [MOVE],183.0000
"1,637",2009-06-09,ICE - BofAML MOVE Index [MOVE],175.3000
"1,638",2009-06-10,ICE - BofAML MOVE Index [MOVE],178.4000
"1,639",2009-06-11,ICE - BofAML MOVE Index [MOVE],171.7000
"1,640",2009-06-12,ICE - BofAML MOVE Index [MOVE],171.8000
"1,641",2009-06-15,ICE - BofAML MOVE Index [MOVE],166.5000
"1,642",2009-06-16,ICE - BofAML MOVE Index [MOVE],167.2000
"1,643",2009-06-17,ICE - BofAML MOVE Index [MOVE],170.1000
"1,644",2009-06-18,ICE - BofAML MOVE Index [MOVE],187.3000
"1,645",2009-06-19,ICE - BofAML MOVE Index [MOVE],182.3000
"1,646",2009-06-22,ICE - BofAML MOVE Index [MOVE],173.2000
"1,647",2009-06-23,ICE - BofAML MOVE Index [MOVE],173.1000
"1,648",2009-06-24,ICE - BofAML MOVE Index [MOVE],164.9000
"1,649",2009-06-25,ICE - BofAML MOVE Index [MOVE],161.0000
"1,650",2009-06-26,ICE - BofAML MOVE Index [MOVE],159.0000
"1,651",2009-06-29,ICE - BofAML MOVE Index [MOVE],158.4000
"1,652",2009-06-30,ICE - BofAML MOVE Index [MOVE],162.5000
"1,653",2009-07-01,ICE - BofAML MOVE Index [MOVE],161.6000
"1,654",2009-07-02,ICE - BofAML MOVE Index [MOVE],149.1000
"1,655",2009-07-06,ICE - BofAML MOVE Index [MOVE],148.1000
"1,656",2009-07-07,ICE - BofAML MOVE Index [MOVE],138.6000
"1,657",2009-07-08,ICE - BofAML MOVE Index [MOVE],136.5000
"1,658",2009-07-09,ICE - BofAML MOVE Index [MOVE],136.5000
"1,659",2009-07-10,ICE - BofAML MOVE Index [MOVE],135.9000
"1,660",2009-07-13,ICE - BofAML MOVE Index [MOVE],137.8000
"1,661",2009-07-14,ICE - BofAML MOVE Index [MOVE],145.0000
"1,662",2009-07-15,ICE - BofAML MOVE Index [MOVE],151.8000
"1,663",2009-07-16,ICE - BofAML MOVE Index [MOVE],148.9000
"1,664",2009-07-17,ICE - BofAML MOVE Index [MOVE],156.3000
"1,665",2009-07-20,ICE - BofAML MOVE Index [MOVE],149.7000
"1,666",2009-07-21,ICE - BofAML MOVE Index [MOVE],143.9000
"1,667",2009-07-22,ICE - BofAML MOVE Index [MOVE],144.4000
"1,668",2009-07-23,ICE - BofAML MOVE Index [MOVE],147.3000
"1,669",2009-07-24,ICE - BofAML MOVE Index [MOVE],143.6000
"1,670",2009-07-27,ICE - BofAML MOVE Index [MOVE],143.1000
"1,671",2009-07-28,ICE - BofAML MOVE Index [MOVE],140.2000
"1,672",2009-07-29,ICE - BofAML MOVE Index [MOVE],139.6000
"1,673",2009-07-30,ICE - BofAML MOVE Index [MOVE],139.1000
"1,674",2009-07-31,ICE - BofAML MOVE Index [MOVE],138.5000
"1,675",2009-08-03,ICE - BofAML MOVE Index [MOVE],141.1000
"1,676",2009-08-04,ICE - BofAML MOVE Index [MOVE],141.0000
"1,677",2009-08-05,ICE - BofAML MOVE Index [MOVE],145.4000
"1,678",2009-08-06,ICE - BofAML MOVE Index [MOVE],147.7000
"1,679",2009-08-07,ICE - BofAML MOVE Index [MOVE],153.4000
"1,680",2009-08-10,ICE - BofAML MOVE Index [MOVE],149.1000
"1,681",2009-08-11,ICE - BofAML MOVE Index [MOVE],149.9000
"1,682",2009-08-12,ICE - BofAML MOVE Index [MOVE],147.5000
"1,683",2009-08-13,ICE - BofAML MOVE Index [MOVE],145.8000
"1,684",2009-08-14,ICE - BofAML MOVE Index [MOVE],144.7000
"1,685",2009-08-17,ICE - BofAML MOVE Index [MOVE],144.2000
"1,686",2009-08-18,ICE - BofAML MOVE Index [MOVE],136.7000
"1,687",2009-08-19,ICE - BofAML MOVE Index [MOVE],136.0000
"1,688",2009-08-20,ICE - BofAML MOVE Index [MOVE],131.9000
"1,689",2009-08-21,ICE - BofAML MOVE Index [MOVE],132.3000
"1,690",2009-08-24,ICE - BofAML MOVE Index [MOVE],131.1000
"1,691",2009-08-25,ICE - BofAML MOVE Index [MOVE],130.1000
"1,692",2009-08-26,ICE - BofAML MOVE Index [MOVE],125.5000
"1,693",2009-08-27,ICE - BofAML MOVE Index [MOVE],125.4000
"1,694",2009-08-28,ICE - BofAML MOVE Index [MOVE],129.1000
"1,695",2009-08-31,ICE - BofAML MOVE Index [MOVE],130.7000
"1,696",2009-09-01,ICE - BofAML MOVE Index [MOVE],135.0000
"1,697",2009-09-02,ICE - BofAML MOVE Index [MOVE],137.6000
"1,698",2009-09-03,ICE - BofAML MOVE Index [MOVE],134.1000
"1,699",2009-09-04,ICE - BofAML MOVE Index [MOVE],127.6000
"1,700",2009-09-08,ICE - BofAML MOVE Index [MOVE],123.2000
"1,701",2009-09-09,ICE - BofAML MOVE Index [MOVE],114.6000
"1,702",2009-09-10,ICE - BofAML MOVE Index [MOVE],117.4000
"1,703",2009-09-11,ICE - BofAML MOVE Index [MOVE],114.7000
"1,704",2009-09-14,ICE - BofAML MOVE Index [MOVE],116.5000
"1,705",2009-09-15,ICE - BofAML MOVE Index [MOVE],119.6000
"1,706",2009-09-16,ICE - BofAML MOVE Index [MOVE],123.7000
"1,707",2009-09-17,ICE - BofAML MOVE Index [MOVE],121.8000
"1,708",2009-09-18,ICE - BofAML MOVE Index [MOVE],121.4000
"1,709",2009-09-21,ICE - BofAML MOVE Index [MOVE],118.4000
"1,710",2009-09-22,ICE - BofAML MOVE Index [MOVE],118.0000
"1,711",2009-09-23,ICE - BofAML MOVE Index [MOVE],111.9000
"1,712",2009-09-24,ICE - BofAML MOVE Index [MOVE],109.8000
"1,713",2009-09-25,ICE - BofAML MOVE Index [MOVE],110.7000
"1,714",2009-09-28,ICE - BofAML MOVE Index [MOVE],109.9000
"1,715",2009-09-29,ICE - BofAML MOVE Index [MOVE],115.2000
"1,716",2009-09-30,ICE - BofAML MOVE Index [MOVE],113.8000
"1,717",2009-10-01,ICE - BofAML MOVE Index [MOVE],112.6000
"1,718",2009-10-02,ICE - BofAML MOVE Index [MOVE],107.8000
"1,719",2009-10-05,ICE - BofAML MOVE Index [MOVE],105.7000
"1,720",2009-10-06,ICE - BofAML MOVE Index [MOVE],107.2000
"1,721",2009-10-07,ICE - BofAML MOVE Index [MOVE],105.1000
"1,722",2009-10-08,ICE - BofAML MOVE Index [MOVE],101.8000
"1,723",2009-10-09,ICE - BofAML MOVE Index [MOVE],114.7000
"1,724",2009-10-13,ICE - BofAML MOVE Index [MOVE],111.1000
"1,725",2009-10-14,ICE - BofAML MOVE Index [MOVE],115.4000
"1,726",2009-10-15,ICE - BofAML MOVE Index [MOVE],117.8000
"1,727",2009-10-16,ICE - BofAML MOVE Index [MOVE],117.4000
"1,728",2009-10-19,ICE - BofAML MOVE Index [MOVE],114.7000
"1,729",2009-10-20,ICE - BofAML MOVE Index [MOVE],108.9000
"1,730",2009-10-21,ICE - BofAML MOVE Index [MOVE],111.9000
"1,731",2009-10-22,ICE - BofAML MOVE Index [MOVE],111.2000
"1,732",2009-10-23,ICE - BofAML MOVE Index [MOVE],113.4000
"1,733",2009-10-26,ICE - BofAML MOVE Index [MOVE],118.5000
"1,734",2009-10-27,ICE - BofAML MOVE Index [MOVE],114.1000
"1,735",2009-10-28,ICE - BofAML MOVE Index [MOVE],113.3000
"1,736",2009-10-29,ICE - BofAML MOVE Index [MOVE],116.6000
"1,737",2009-10-30,ICE - BofAML MOVE Index [MOVE],113.5000
"1,738",2009-11-02,ICE - BofAML MOVE Index [MOVE],113.7000
"1,739",2009-11-03,ICE - BofAML MOVE Index [MOVE],114.0000
"1,740",2009-11-04,ICE - BofAML MOVE Index [MOVE],116.2000
"1,741",2009-11-05,ICE - BofAML MOVE Index [MOVE],112.7000
"1,742",2009-11-06,ICE - BofAML MOVE Index [MOVE],105.0000
"1,743",2009-11-09,ICE - BofAML MOVE Index [MOVE],99.9000
"1,744",2009-11-10,ICE - BofAML MOVE Index [MOVE],95.7000
"1,745",2009-11-12,ICE - BofAML MOVE Index [MOVE],102.2000
"1,746",2009-11-13,ICE - BofAML MOVE Index [MOVE],97.2000
"1,747",2009-11-16,ICE - BofAML MOVE Index [MOVE],92.5000
"1,748",2009-11-17,ICE - BofAML MOVE Index [MOVE],91.2000
"1,749",2009-11-18,ICE - BofAML MOVE Index [MOVE],89.1000
"1,750",2009-11-19,ICE - BofAML MOVE Index [MOVE],86.9000
"1,751",2009-11-20,ICE - BofAML MOVE Index [MOVE],87.3000
"1,752",2009-11-23,ICE - BofAML MOVE Index [MOVE],87.7000
"1,753",2009-11-24,ICE - BofAML MOVE Index [MOVE],83.7000
"1,754",2009-11-25,ICE - BofAML MOVE Index [MOVE],82.8000
"1,755",2009-11-27,ICE - BofAML MOVE Index [MOVE],88.9000
"1,756",2009-11-30,ICE - BofAML MOVE Index [MOVE],86.1000
"1,757",2009-12-01,ICE - BofAML MOVE Index [MOVE],87.5000
"1,758",2009-12-02,ICE - BofAML MOVE Index [MOVE],88.1000
"1,759",2009-12-03,ICE - BofAML MOVE Index [MOVE],93.1000
"1,760",2009-12-04,ICE - BofAML MOVE Index [MOVE],95.3000
"1,761",2009-12-07,ICE - BofAML MOVE Index [MOVE],89.8000
"1,762",2009-12-08,ICE - BofAML MOVE Index [MOVE],86.1000
"1,763",2009-12-09,ICE - BofAML MOVE Index [MOVE],90.0000
"1,764",2009-12-10,ICE - BofAML MOVE Index [MOVE],90.9000
"1,765",2009-12-11,ICE - BofAML MOVE Index [MOVE],94.0000
"1,766",2009-12-14,ICE - BofAML MOVE Index [MOVE],93.3000
"1,767",2009-12-15,ICE - BofAML MOVE Index [MOVE],96.8000
"1,768",2009-12-16,ICE - BofAML MOVE Index [MOVE],94.4000
"1,769",2009-12-17,ICE - BofAML MOVE Index [MOVE],92.6000
"1,770",2009-12-18,ICE - BofAML MOVE Index [MOVE],93.8000
"1,771",2009-12-21,ICE - BofAML MOVE Index [MOVE],102.6000
"1,772",2009-12-22,ICE - BofAML MOVE Index [MOVE],107.7000
"1,773",2009-12-23,ICE - BofAML MOVE Index [MOVE],102.4000
"1,774",2009-12-24,ICE - BofAML MOVE Index [MOVE],105.0000
"1,775",2009-12-28,ICE - BofAML MOVE Index [MOVE],108.2000
"1,776",2009-12-29,ICE - BofAML MOVE Index [MOVE],108.9000
"1,777",2009-12-30,ICE - BofAML MOVE Index [MOVE],104.4000
"1,778",2009-12-31,ICE - BofAML MOVE Index [MOVE],107.5000
"1,779",2010-01-04,ICE - BofAML MOVE Index [MOVE],106.4000
"1,780",2010-01-05,ICE - BofAML MOVE Index [MOVE],102.5000
"1,781",2010-01-06,ICE - BofAML MOVE Index [MOVE],106.9000
"1,782",2010-01-07,ICE - BofAML MOVE Index [MOVE],104.4000
"1,783",2010-01-08,ICE - BofAML MOVE Index [MOVE],96.3000
"1,784",2010-01-11,ICE - BofAML MOVE Index [MOVE],93.0000
"1,785",2010-01-12,ICE - BofAML MOVE Index [MOVE],92.7000
"1,786",2010-01-13,ICE - BofAML MOVE Index [MOVE],95.5000
"1,787",2010-01-14,ICE - BofAML MOVE Index [MOVE],91.1000
"1,788",2010-01-15,ICE - BofAML MOVE Index [MOVE],89.8000
"1,789",2010-01-19,ICE - BofAML MOVE Index [MOVE],87.9000
"1,790",2010-01-20,ICE - BofAML MOVE Index [MOVE],88.3000
"1,791",2010-01-21,ICE - BofAML MOVE Index [MOVE],87.5000
"1,792",2010-01-22,ICE - BofAML MOVE Index [MOVE],88.3000
"1,793",2010-01-25,ICE - BofAML MOVE Index [MOVE],88.1000
"1,794",2010-01-26,ICE - BofAML MOVE Index [MOVE],88.8000
"1,795",2010-01-27,ICE - BofAML MOVE Index [MOVE],86.3000
"1,796",2010-01-28,ICE - BofAML MOVE Index [MOVE],87.9000
"1,797",2010-01-29,ICE - BofAML MOVE Index [MOVE],86.3000
"1,798",2010-02-01,ICE - BofAML MOVE Index [MOVE],85.3000
"1,799",2010-02-02,ICE - BofAML MOVE Index [MOVE],83.7000
"1,800",2010-02-03,ICE - BofAML MOVE Index [MOVE],90.0000
"1,801",2010-02-04,ICE - BofAML MOVE Index [MOVE],90.9000
"1,802",2010-02-05,ICE - BofAML MOVE Index [MOVE],89.1000
"1,803",2010-02-08,ICE - BofAML MOVE Index [MOVE],88.0000
"1,804",2010-02-09,ICE - BofAML MOVE Index [MOVE],88.1000
"1,805",2010-02-10,ICE - BofAML MOVE Index [MOVE],90.2000
"1,806",2010-02-11,ICE - BofAML MOVE Index [MOVE],89.2000
"1,807",2010-02-12,ICE - BofAML MOVE Index [MOVE],87.0000
"1,808",2010-02-16,ICE - BofAML MOVE Index [MOVE],85.5000
"1,809",2010-02-17,ICE - BofAML MOVE Index [MOVE],85.9000
"1,810",2010-02-18,ICE - BofAML MOVE Index [MOVE],87.2000
"1,811",2010-02-19,ICE - BofAML MOVE Index [MOVE],84.9000
"1,812",2010-02-22,ICE - BofAML MOVE Index [MOVE],81.4000
"1,813",2010-02-23,ICE - BofAML MOVE Index [MOVE],83.9000
"1,814",2010-02-24,ICE - BofAML MOVE Index [MOVE],83.2000
"1,815",2010-02-25,ICE - BofAML MOVE Index [MOVE],82.2000
"1,816",2010-02-26,ICE - BofAML MOVE Index [MOVE],81.2000
"1,817",2010-03-01,ICE - BofAML MOVE Index [MOVE],79.4000
"1,818",2010-03-02,ICE - BofAML MOVE Index [MOVE],78.4000
"1,819",2010-03-03,ICE - BofAML MOVE Index [MOVE],78.9000
"1,820",2010-03-04,ICE - BofAML MOVE Index [MOVE],76.1000
"1,821",2010-03-05,ICE - BofAML MOVE Index [MOVE],78.9000
"1,822",2010-03-08,ICE - BofAML MOVE Index [MOVE],77.6000
"1,823",2010-03-09,ICE - BofAML MOVE Index [MOVE],76.3000
"1,824",2010-03-10,ICE - BofAML MOVE Index [MOVE],75.9000
"1,825",2010-03-11,ICE - BofAML MOVE Index [MOVE],75.6000
"1,826",2010-03-12,ICE - BofAML MOVE Index [MOVE],76.4000
"1,827",2010-03-15,ICE - BofAML MOVE Index [MOVE],77.3000
"1,828",2010-03-16,ICE - BofAML MOVE Index [MOVE],76.9000
"1,829",2010-03-17,ICE - BofAML MOVE Index [MOVE],74.1000
"1,830",2010-03-18,ICE - BofAML MOVE Index [MOVE],75.9000
"1,831",2010-03-19,ICE - BofAML MOVE Index [MOVE],79.4000
"1,832",2010-03-22,ICE - BofAML MOVE Index [MOVE],78.5000
"1,833",2010-03-23,ICE - BofAML MOVE Index [MOVE],78.6000
"1,834",2010-03-24,ICE - BofAML MOVE Index [MOVE],90.1000
"1,835",2010-03-25,ICE - BofAML MOVE Index [MOVE],89.5000
"1,836",2010-03-26,ICE - BofAML MOVE Index [MOVE],87.4000
"1,837",2010-03-29,ICE - BofAML MOVE Index [MOVE],87.1000
"1,838",2010-03-30,ICE - BofAML MOVE Index [MOVE],86.2000
"1,839",2010-03-31,ICE - BofAML MOVE Index [MOVE],85.3000
"1,840",2010-04-01,ICE - BofAML MOVE Index [MOVE],89.8000
"1,841",2010-04-02,ICE - BofAML MOVE Index [MOVE],90.1000
"1,842",2010-04-05,ICE - BofAML MOVE Index [MOVE],90.1000
"1,843",2010-04-06,ICE - BofAML MOVE Index [MOVE],88.6000
"1,844",2010-04-07,ICE - BofAML MOVE Index [MOVE],92.2000
"1,845",2010-04-08,ICE - BofAML MOVE Index [MOVE],90.3000
"1,846",2010-04-09,ICE - BofAML MOVE Index [MOVE],89.8000
"1,847",2010-04-12,ICE - BofAML MOVE Index [MOVE],88.2000
"1,848",2010-04-13,ICE - BofAML MOVE Index [MOVE],86.7000
"1,849",2010-04-14,ICE - BofAML MOVE Index [MOVE],85.3000
"1,850",2010-04-15,ICE - BofAML MOVE Index [MOVE],83.9000
"1,851",2010-04-16,ICE - BofAML MOVE Index [MOVE],82.9000
"1,852",2010-04-19,ICE - BofAML MOVE Index [MOVE],82.3000
"1,853",2010-04-20,ICE - BofAML MOVE Index [MOVE],78.3000
"1,854",2010-04-21,ICE - BofAML MOVE Index [MOVE],79.9000
"1,855",2010-04-22,ICE - BofAML MOVE Index [MOVE],80.1000
"1,856",2010-04-23,ICE - BofAML MOVE Index [MOVE],85.2000
"1,857",2010-04-26,ICE - BofAML MOVE Index [MOVE],83.0000
"1,858",2010-04-27,ICE - BofAML MOVE Index [MOVE],88.9000
"1,859",2010-04-28,ICE - BofAML MOVE Index [MOVE],87.2000
"1,860",2010-04-29,ICE - BofAML MOVE Index [MOVE],83.3000
"1,861",2010-04-30,ICE - BofAML MOVE Index [MOVE],85.5000
"1,862",2010-05-03,ICE - BofAML MOVE Index [MOVE],83.6000
"1,863",2010-05-04,ICE - BofAML MOVE Index [MOVE],88.7000
"1,864",2010-05-05,ICE - BofAML MOVE Index [MOVE],95.8000
"1,865",2010-05-06,ICE - BofAML MOVE Index [MOVE],116.7000
"1,866",2010-05-07,ICE - BofAML MOVE Index [MOVE],112.6000
"1,867",2010-05-10,ICE - BofAML MOVE Index [MOVE],104.4000
"1,868",2010-05-11,ICE - BofAML MOVE Index [MOVE],96.8000
"1,869",2010-05-12,ICE - BofAML MOVE Index [MOVE],93.2000
"1,870",2010-05-13,ICE - BofAML MOVE Index [MOVE],89.5000
"1,871",2010-05-14,ICE - BofAML MOVE Index [MOVE],99.8000
"1,872",2010-05-17,ICE - BofAML MOVE Index [MOVE],96.6000
"1,873",2010-05-18,ICE - BofAML MOVE Index [MOVE],97.2000
"1,874",2010-05-19,ICE - BofAML MOVE Index [MOVE],98.1000
"1,875",2010-05-20,ICE - BofAML MOVE Index [MOVE],110.9000
"1,876",2010-05-21,ICE - BofAML MOVE Index [MOVE],108.7000
"1,877",2010-05-24,ICE - BofAML MOVE Index [MOVE],107.1000
"1,878",2010-05-25,ICE - BofAML MOVE Index [MOVE],112.7000
"1,879",2010-05-26,ICE - BofAML MOVE Index [MOVE],109.9000
"1,880",2010-05-27,ICE - BofAML MOVE Index [MOVE],111.5000
"1,881",2010-05-28,ICE - BofAML MOVE Index [MOVE],112.1000
"1,882",2010-06-01,ICE - BofAML MOVE Index [MOVE],110.3000
"1,883",2010-06-02,ICE - BofAML MOVE Index [MOVE],105.2000
"1,884",2010-06-03,ICE - BofAML MOVE Index [MOVE],104.3000
"1,885",2010-06-04,ICE - BofAML MOVE Index [MOVE],106.4000
"1,886",2010-06-07,ICE - BofAML MOVE Index [MOVE],106.1000
"1,887",2010-06-08,ICE - BofAML MOVE Index [MOVE],108.7000
"1,888",2010-06-09,ICE - BofAML MOVE Index [MOVE],106.6000
"1,889",2010-06-10,ICE - BofAML MOVE Index [MOVE],103.3000
"1,890",2010-06-11,ICE - BofAML MOVE Index [MOVE],105.9000
"1,891",2010-06-14,ICE - BofAML MOVE Index [MOVE],102.9000
"1,892",2010-06-15,ICE - BofAML MOVE Index [MOVE],99.6000
"1,893",2010-06-16,ICE - BofAML MOVE Index [MOVE],96.0000
"1,894",2010-06-17,ICE - BofAML MOVE Index [MOVE],95.2000
"1,895",2010-06-18,ICE - BofAML MOVE Index [MOVE],94.4000
"1,896",2010-06-21,ICE - BofAML MOVE Index [MOVE],87.8000
"1,897",2010-06-22,ICE - BofAML MOVE Index [MOVE],85.9000
"1,898",2010-06-23,ICE - BofAML MOVE Index [MOVE],85.2000
"1,899",2010-06-24,ICE - BofAML MOVE Index [MOVE],85.4000
"1,900",2010-06-25,ICE - BofAML MOVE Index [MOVE],84.7000
"1,901",2010-06-28,ICE - BofAML MOVE Index [MOVE],84.2000
"1,902",2010-06-29,ICE - BofAML MOVE Index [MOVE],89.8000
"1,903",2010-06-30,ICE - BofAML MOVE Index [MOVE],89.7000
"1,904",2010-07-01,ICE - BofAML MOVE Index [MOVE],93.8000
"1,905",2010-07-02,ICE - BofAML MOVE Index [MOVE],88.2000
"1,906",2010-07-06,ICE - BofAML MOVE Index [MOVE],82.6000
"1,907",2010-07-07,ICE - BofAML MOVE Index [MOVE],86.3000
"1,908",2010-07-08,ICE - BofAML MOVE Index [MOVE],85.5000
"1,909",2010-07-09,ICE - BofAML MOVE Index [MOVE],85.1000
"1,910",2010-07-12,ICE - BofAML MOVE Index [MOVE],82.2000
"1,911",2010-07-13,ICE - BofAML MOVE Index [MOVE],80.3000
"1,912",2010-07-14,ICE - BofAML MOVE Index [MOVE],79.0000
"1,913",2010-07-15,ICE - BofAML MOVE Index [MOVE],78.1000
"1,914",2010-07-16,ICE - BofAML MOVE Index [MOVE],81.2000
"1,915",2010-07-19,ICE - BofAML MOVE Index [MOVE],79.4000
"1,916",2010-07-20,ICE - BofAML MOVE Index [MOVE],78.7000
"1,917",2010-07-21,ICE - BofAML MOVE Index [MOVE],78.4000
"1,918",2010-07-22,ICE - BofAML MOVE Index [MOVE],78.8000
"1,919",2010-07-23,ICE - BofAML MOVE Index [MOVE],78.9000
"1,920",2010-07-26,ICE - BofAML MOVE Index [MOVE],77.3000
"1,921",2010-07-27,ICE - BofAML MOVE Index [MOVE],77.1000
"1,922",2010-07-28,ICE - BofAML MOVE Index [MOVE],76.3000
"1,923",2010-07-29,ICE - BofAML MOVE Index [MOVE],75.9000
"1,924",2010-07-30,ICE - BofAML MOVE Index [MOVE],78.2000
"1,925",2010-08-02,ICE - BofAML MOVE Index [MOVE],77.6000
"1,926",2010-08-03,ICE - BofAML MOVE Index [MOVE],81.1000
"1,927",2010-08-04,ICE - BofAML MOVE Index [MOVE],85.9000
"1,928",2010-08-05,ICE - BofAML MOVE Index [MOVE],84.0000
"1,929",2010-08-06,ICE - BofAML MOVE Index [MOVE],80.4000
"1,930",2010-08-09,ICE - BofAML MOVE Index [MOVE],79.8000
"1,931",2010-08-10,ICE - BofAML MOVE Index [MOVE],76.6000
"1,932",2010-08-11,ICE - BofAML MOVE Index [MOVE],76.2000
"1,933",2010-08-12,ICE - BofAML MOVE Index [MOVE],81.4000
"1,934",2010-08-13,ICE - BofAML MOVE Index [MOVE],84.3000
"1,935",2010-08-16,ICE - BofAML MOVE Index [MOVE],92.8000
"1,936",2010-08-17,ICE - BofAML MOVE Index [MOVE],90.9000
"1,937",2010-08-18,ICE - BofAML MOVE Index [MOVE],87.5000
"1,938",2010-08-19,ICE - BofAML MOVE Index [MOVE],91.0000
"1,939",2010-08-20,ICE - BofAML MOVE Index [MOVE],93.2000
"1,940",2010-08-23,ICE - BofAML MOVE Index [MOVE],95.5000
"1,941",2010-08-24,ICE - BofAML MOVE Index [MOVE],97.6000
"1,942",2010-08-25,ICE - BofAML MOVE Index [MOVE],100.7000
"1,943",2010-08-26,ICE - BofAML MOVE Index [MOVE],104.4000
"1,944",2010-08-27,ICE - BofAML MOVE Index [MOVE],109.2000
"1,945",2010-08-30,ICE - BofAML MOVE Index [MOVE],109.7000
"1,946",2010-08-31,ICE - BofAML MOVE Index [MOVE],103.7000
"1,947",2010-09-01,ICE - BofAML MOVE Index [MOVE],110.1000
"1,948",2010-09-02,ICE - BofAML MOVE Index [MOVE],103.2000
"1,949",2010-09-03,ICE - BofAML MOVE Index [MOVE],95.3000
"1,950",2010-09-07,ICE - BofAML MOVE Index [MOVE],98.2000
"1,951",2010-09-08,ICE - BofAML MOVE Index [MOVE],100.9000
"1,952",2010-09-09,ICE - BofAML MOVE Index [MOVE],104.9000
"1,953",2010-09-10,ICE - BofAML MOVE Index [MOVE],107.3000
"1,954",2010-09-13,ICE - BofAML MOVE Index [MOVE],105.5000
"1,955",2010-09-14,ICE - BofAML MOVE Index [MOVE],102.4000
"1,956",2010-09-15,ICE - BofAML MOVE Index [MOVE],102.7000
"1,957",2010-09-16,ICE - BofAML MOVE Index [MOVE],103.8000
"1,958",2010-09-17,ICE - BofAML MOVE Index [MOVE],103.6000
"1,959",2010-09-20,ICE - BofAML MOVE Index [MOVE],103.6000
"1,960",2010-09-21,ICE - BofAML MOVE Index [MOVE],96.6000
"1,961",2010-09-22,ICE - BofAML MOVE Index [MOVE],89.8000
"1,962",2010-09-23,ICE - BofAML MOVE Index [MOVE],88.7000
"1,963",2010-09-24,ICE - BofAML MOVE Index [MOVE],83.7000
"1,964",2010-09-27,ICE - BofAML MOVE Index [MOVE],85.7000
"1,965",2010-09-28,ICE - BofAML MOVE Index [MOVE],84.6000
"1,966",2010-09-29,ICE - BofAML MOVE Index [MOVE],85.6000
"1,967",2010-09-30,ICE - BofAML MOVE Index [MOVE],85.1000
"1,968",2010-10-01,ICE - BofAML MOVE Index [MOVE],86.5000
"1,969",2010-10-04,ICE - BofAML MOVE Index [MOVE],96.7000
"1,970",2010-10-05,ICE - BofAML MOVE Index [MOVE],89.2000
"1,971",2010-10-06,ICE - BofAML MOVE Index [MOVE],90.4000
"1,972",2010-10-07,ICE - BofAML MOVE Index [MOVE],87.8000
"1,973",2010-10-08,ICE - BofAML MOVE Index [MOVE],80.1000
"1,974",2010-10-12,ICE - BofAML MOVE Index [MOVE],78.3000
"1,975",2010-10-13,ICE - BofAML MOVE Index [MOVE],81.3000
"1,976",2010-10-14,ICE - BofAML MOVE Index [MOVE],84.6000
"1,977",2010-10-15,ICE - BofAML MOVE Index [MOVE],88.1000
"1,978",2010-10-18,ICE - BofAML MOVE Index [MOVE],89.5000
"1,979",2010-10-19,ICE - BofAML MOVE Index [MOVE],88.6000
"1,980",2010-10-20,ICE - BofAML MOVE Index [MOVE],87.1000
"1,981",2010-10-21,ICE - BofAML MOVE Index [MOVE],89.6000
"1,982",2010-10-22,ICE - BofAML MOVE Index [MOVE],92.4000
"1,983",2010-10-25,ICE - BofAML MOVE Index [MOVE],90.3000
"1,984",2010-10-26,ICE - BofAML MOVE Index [MOVE],97.4000
"1,985",2010-10-27,ICE - BofAML MOVE Index [MOVE],99.9000
"1,986",2010-10-28,ICE - BofAML MOVE Index [MOVE],98.7000
"1,987",2010-10-29,ICE - BofAML MOVE Index [MOVE],99.8000
"1,988",2010-11-01,ICE - BofAML MOVE Index [MOVE],98.7000
"1,989",2010-11-02,ICE - BofAML MOVE Index [MOVE],98.3000
"1,990",2010-11-03,ICE - BofAML MOVE Index [MOVE],83.1000
"1,991",2010-11-04,ICE - BofAML MOVE Index [MOVE],82.1000
"1,992",2010-11-05,ICE - BofAML MOVE Index [MOVE],81.7000
"1,993",2010-11-08,ICE - BofAML MOVE Index [MOVE],82.5000
"1,994",2010-11-09,ICE - BofAML MOVE Index [MOVE],90.4000
"1,995",2010-11-10,ICE - BofAML MOVE Index [MOVE],91.6000
"1,996",2010-11-12,ICE - BofAML MOVE Index [MOVE],97.7000
"1,997",2010-11-15,ICE - BofAML MOVE Index [MOVE],103.9000
"1,998",2010-11-16,ICE - BofAML MOVE Index [MOVE],100.8000
"1,999",2010-11-17,ICE - BofAML MOVE Index [MOVE],95.1000
"2,000",2010-11-18,ICE - BofAML MOVE Index [MOVE],98.6000
"2,001",2010-11-19,ICE - BofAML MOVE Index [MOVE],94.5000
"2,002",2010-11-22,ICE - BofAML MOVE Index [MOVE],90.6000
"2,003",2010-11-23,ICE - BofAML MOVE Index [MOVE],90.8000
"2,004",2010-11-24,ICE - BofAML MOVE Index [MOVE],101.0000
"2,005",2010-11-26,ICE - BofAML MOVE Index [MOVE],100.8000
"2,006",2010-11-29,ICE - BofAML MOVE Index [MOVE],100.4000
"2,007",2010-11-30,ICE - BofAML MOVE Index [MOVE],101.9000
"2,008",2010-12-01,ICE - BofAML MOVE Index [MOVE],110.1000
"2,009",2010-12-02,ICE - BofAML MOVE Index [MOVE],109.3000
"2,010",2010-12-03,ICE - BofAML MOVE Index [MOVE],102.7000
"2,011",2010-12-06,ICE - BofAML MOVE Index [MOVE],98.2000
"2,012",2010-12-07,ICE - BofAML MOVE Index [MOVE],110.4000
"2,013",2010-12-08,ICE - BofAML MOVE Index [MOVE],112.1000
"2,014",2010-12-09,ICE - BofAML MOVE Index [MOVE],109.0000
"2,015",2010-12-10,ICE - BofAML MOVE Index [MOVE],110.8000
"2,016",2010-12-13,ICE - BofAML MOVE Index [MOVE],110.4000
"2,017",2010-12-14,ICE - BofAML MOVE Index [MOVE],118.4000
"2,018",2010-12-15,ICE - BofAML MOVE Index [MOVE],125.2000
"2,019",2010-12-16,ICE - BofAML MOVE Index [MOVE],122.7000
"2,020",2010-12-17,ICE - BofAML MOVE Index [MOVE],119.1000
"2,021",2010-12-20,ICE - BofAML MOVE Index [MOVE],112.7000
"2,022",2010-12-21,ICE - BofAML MOVE Index [MOVE],104.2000
"2,023",2010-12-22,ICE - BofAML MOVE Index [MOVE],106.4000
"2,024",2010-12-23,ICE - BofAML MOVE Index [MOVE],106.8000
"2,025",2010-12-27,ICE - BofAML MOVE Index [MOVE],106.1000
"2,026",2010-12-28,ICE - BofAML MOVE Index [MOVE],110.2000
"2,027",2010-12-29,ICE - BofAML MOVE Index [MOVE],111.3000
"2,028",2010-12-30,ICE - BofAML MOVE Index [MOVE],111.3000
"2,029",2010-12-31,ICE - BofAML MOVE Index [MOVE],110.4000
"2,030",2011-01-03,ICE - BofAML MOVE Index [MOVE],105.9000
"2,031",2011-01-04,ICE - BofAML MOVE Index [MOVE],102.8000
"2,032",2011-01-05,ICE - BofAML MOVE Index [MOVE],116.2000
"2,033",2011-01-06,ICE - BofAML MOVE Index [MOVE],112.9000
"2,034",2011-01-07,ICE - BofAML MOVE Index [MOVE],107.5000
"2,035",2011-01-10,ICE - BofAML MOVE Index [MOVE],102.5000
"2,036",2011-01-11,ICE - BofAML MOVE Index [MOVE],100.3000
"2,037",2011-01-12,ICE - BofAML MOVE Index [MOVE],98.3000
"2,038",2011-01-13,ICE - BofAML MOVE Index [MOVE],96.4000
"2,039",2011-01-14,ICE - BofAML MOVE Index [MOVE],96.4000
"2,040",2011-01-18,ICE - BofAML MOVE Index [MOVE],97.6000
"2,041",2011-01-19,ICE - BofAML MOVE Index [MOVE],93.4000
"2,042",2011-01-20,ICE - BofAML MOVE Index [MOVE],97.8000
"2,043",2011-01-21,ICE - BofAML MOVE Index [MOVE],95.3000
"2,044",2011-01-24,ICE - BofAML MOVE Index [MOVE],93.7000
"2,045",2011-01-25,ICE - BofAML MOVE Index [MOVE],93.5000
"2,046",2011-01-26,ICE - BofAML MOVE Index [MOVE],93.3000
"2,047",2011-01-27,ICE - BofAML MOVE Index [MOVE],93.2000
"2,048",2011-01-28,ICE - BofAML MOVE Index [MOVE],90.3000
"2,049",2011-01-31,ICE - BofAML MOVE Index [MOVE],96.2000
"2,050",2011-02-01,ICE - BofAML MOVE Index [MOVE],97.2000
"2,051",2011-02-02,ICE - BofAML MOVE Index [MOVE],102.5000
"2,052",2011-02-03,ICE - BofAML MOVE Index [MOVE],102.3000
"2,053",2011-02-04,ICE - BofAML MOVE Index [MOVE],105.1000
"2,054",2011-02-07,ICE - BofAML MOVE Index [MOVE],101.4000
"2,055",2011-02-08,ICE - BofAML MOVE Index [MOVE],101.2000
"2,056",2011-02-09,ICE - BofAML MOVE Index [MOVE],99.3000
"2,057",2011-02-10,ICE - BofAML MOVE Index [MOVE],100.5000
"2,058",2011-02-11,ICE - BofAML MOVE Index [MOVE],97.2000
"2,059",2011-02-14,ICE - BofAML MOVE Index [MOVE],95.6000
"2,060",2011-02-15,ICE - BofAML MOVE Index [MOVE],94.7000
"2,061",2011-02-16,ICE - BofAML MOVE Index [MOVE],95.5000
"2,062",2011-02-17,ICE - BofAML MOVE Index [MOVE],94.4000
"2,063",2011-02-18,ICE - BofAML MOVE Index [MOVE],94.3000
"2,064",2011-02-22,ICE - BofAML MOVE Index [MOVE],97.3000
"2,065",2011-02-23,ICE - BofAML MOVE Index [MOVE],96.7000
"2,066",2011-02-24,ICE - BofAML MOVE Index [MOVE],96.9000
"2,067",2011-02-25,ICE - BofAML MOVE Index [MOVE],93.1000
"2,068",2011-02-28,ICE - BofAML MOVE Index [MOVE],90.5000
"2,069",2011-03-01,ICE - BofAML MOVE Index [MOVE],97.5000
"2,070",2011-03-02,ICE - BofAML MOVE Index [MOVE],96.6000
"2,071",2011-03-03,ICE - BofAML MOVE Index [MOVE],100.4000
"2,072",2011-03-04,ICE - BofAML MOVE Index [MOVE],94.6000
"2,073",2011-03-07,ICE - BofAML MOVE Index [MOVE],94.6000
"2,074",2011-03-08,ICE - BofAML MOVE Index [MOVE],91.2000
"2,075",2011-03-09,ICE - BofAML MOVE Index [MOVE],90.9000
"2,076",2011-03-10,ICE - BofAML MOVE Index [MOVE],94.2000
"2,077",2011-03-11,ICE - BofAML MOVE Index [MOVE],91.7000
"2,078",2011-03-14,ICE - BofAML MOVE Index [MOVE],90.8000
"2,079",2011-03-15,ICE - BofAML MOVE Index [MOVE],94.6000
"2,080",2011-03-16,ICE - BofAML MOVE Index [MOVE],103.6000
"2,081",2011-03-17,ICE - BofAML MOVE Index [MOVE],103.7000
"2,082",2011-03-18,ICE - BofAML MOVE Index [MOVE],100.3000
"2,083",2011-03-21,ICE - BofAML MOVE Index [MOVE],95.6000
"2,084",2011-03-22,ICE - BofAML MOVE Index [MOVE],91.9000
"2,085",2011-03-23,ICE - BofAML MOVE Index [MOVE],91.7000
"2,086",2011-03-24,ICE - BofAML MOVE Index [MOVE],90.1000
"2,087",2011-03-25,ICE - BofAML MOVE Index [MOVE],93.5000
"2,088",2011-03-28,ICE - BofAML MOVE Index [MOVE],93.8000
"2,089",2011-03-29,ICE - BofAML MOVE Index [MOVE],91.8000
"2,090",2011-03-30,ICE - BofAML MOVE Index [MOVE],89.6000
"2,091",2011-03-31,ICE - BofAML MOVE Index [MOVE],90.9000
"2,092",2011-04-01,ICE - BofAML MOVE Index [MOVE],87.5000
"2,093",2011-04-04,ICE - BofAML MOVE Index [MOVE],85.4000
"2,094",2011-04-05,ICE - BofAML MOVE Index [MOVE],85.1000
"2,095",2011-04-06,ICE - BofAML MOVE Index [MOVE],89.7000
"2,096",2011-04-07,ICE - BofAML MOVE Index [MOVE],88.8000
"2,097",2011-04-08,ICE - BofAML MOVE Index [MOVE],88.5000
"2,098",2011-04-11,ICE - BofAML MOVE Index [MOVE],85.8000
"2,099",2011-04-12,ICE - BofAML MOVE Index [MOVE],85.2000
"2,100",2011-04-13,ICE - BofAML MOVE Index [MOVE],83.9000
"2,101",2011-04-14,ICE - BofAML MOVE Index [MOVE],82.2000
"2,102",2011-04-15,ICE - BofAML MOVE Index [MOVE],81.5000
"2,103",2011-04-18,ICE - BofAML MOVE Index [MOVE],82.8000
"2,104",2011-04-19,ICE - BofAML MOVE Index [MOVE],80.2000
"2,105",2011-04-20,ICE - BofAML MOVE Index [MOVE],77.4000
"2,106",2011-04-21,ICE - BofAML MOVE Index [MOVE],76.6000
"2,107",2011-04-25,ICE - BofAML MOVE Index [MOVE],74.8000
"2,108",2011-04-26,ICE - BofAML MOVE Index [MOVE],81.3000
"2,109",2011-04-27,ICE - BofAML MOVE Index [MOVE],79.2000
"2,110",2011-04-28,ICE - BofAML MOVE Index [MOVE],76.8000
"2,111",2011-04-29,ICE - BofAML MOVE Index [MOVE],76.8000
"2,112",2011-05-02,ICE - BofAML MOVE Index [MOVE],76.3000
"2,113",2011-05-03,ICE - BofAML MOVE Index [MOVE],80.1000
"2,114",2011-05-04,ICE - BofAML MOVE Index [MOVE],80.2000
"2,115",2011-05-05,ICE - BofAML MOVE Index [MOVE],83.4000
"2,116",2011-05-06,ICE - BofAML MOVE Index [MOVE],84.1000
"2,117",2011-05-09,ICE - BofAML MOVE Index [MOVE],82.4000
"2,118",2011-05-10,ICE - BofAML MOVE Index [MOVE],80.1000
"2,119",2011-05-11,ICE - BofAML MOVE Index [MOVE],83.2000
"2,120",2011-05-12,ICE - BofAML MOVE Index [MOVE],81.9000
"2,121",2011-05-13,ICE - BofAML MOVE Index [MOVE],82.1000
"2,122",2011-05-16,ICE - BofAML MOVE Index [MOVE],80.3000
"2,123",2011-05-17,ICE - BofAML MOVE Index [MOVE],78.1000
"2,124",2011-05-18,ICE - BofAML MOVE Index [MOVE],77.9000
"2,125",2011-05-19,ICE - BofAML MOVE Index [MOVE],79.8000
"2,126",2011-05-20,ICE - BofAML MOVE Index [MOVE],79.8000
"2,127",2011-05-23,ICE - BofAML MOVE Index [MOVE],78.0000
"2,128",2011-05-24,ICE - BofAML MOVE Index [MOVE],76.7000
"2,129",2011-05-25,ICE - BofAML MOVE Index [MOVE],75.8000
"2,130",2011-05-26,ICE - BofAML MOVE Index [MOVE],74.3000
"2,131",2011-05-27,ICE - BofAML MOVE Index [MOVE],73.9000
"2,132",2011-05-31,ICE - BofAML MOVE Index [MOVE],71.5000
"2,133",2011-06-01,ICE - BofAML MOVE Index [MOVE],72.9000
"2,134",2011-06-02,ICE - BofAML MOVE Index [MOVE],76.6000
"2,135",2011-06-03,ICE - BofAML MOVE Index [MOVE],75.9000
"2,136",2011-06-06,ICE - BofAML MOVE Index [MOVE],75.8000
"2,137",2011-06-07,ICE - BofAML MOVE Index [MOVE],73.5000
"2,138",2011-06-08,ICE - BofAML MOVE Index [MOVE],77.5000
"2,139",2011-06-09,ICE - BofAML MOVE Index [MOVE],77.3000
"2,140",2011-06-10,ICE - BofAML MOVE Index [MOVE],78.1000
"2,141",2011-06-13,ICE - BofAML MOVE Index [MOVE],76.4000
"2,142",2011-06-14,ICE - BofAML MOVE Index [MOVE],82.5000
"2,143",2011-06-15,ICE - BofAML MOVE Index [MOVE],85.9000
"2,144",2011-06-16,ICE - BofAML MOVE Index [MOVE],87.9000
"2,145",2011-06-17,ICE - BofAML MOVE Index [MOVE],85.3000
"2,146",2011-06-20,ICE - BofAML MOVE Index [MOVE],82.5000
"2,147",2011-06-21,ICE - BofAML MOVE Index [MOVE],80.9000
"2,148",2011-06-22,ICE - BofAML MOVE Index [MOVE],79.0000
"2,149",2011-06-23,ICE - BofAML MOVE Index [MOVE],83.6000
"2,150",2011-06-24,ICE - BofAML MOVE Index [MOVE],84.8000
"2,151",2011-06-27,ICE - BofAML MOVE Index [MOVE],83.8000
"2,152",2011-06-28,ICE - BofAML MOVE Index [MOVE],89.4000
"2,153",2011-06-29,ICE - BofAML MOVE Index [MOVE],87.2000
"2,154",2011-06-30,ICE - BofAML MOVE Index [MOVE],88.9000
"2,155",2011-07-01,ICE - BofAML MOVE Index [MOVE],90.5000
"2,156",2011-07-05,ICE - BofAML MOVE Index [MOVE],90.7000
"2,157",2011-07-06,ICE - BofAML MOVE Index [MOVE],89.0000
"2,158",2011-07-07,ICE - BofAML MOVE Index [MOVE],90.4000
"2,159",2011-07-08,ICE - BofAML MOVE Index [MOVE],85.8000
"2,160",2011-07-11,ICE - BofAML MOVE Index [MOVE],88.4000
"2,161",2011-07-12,ICE - BofAML MOVE Index [MOVE],90.3000
"2,162",2011-07-13,ICE - BofAML MOVE Index [MOVE],88.1000
"2,163",2011-07-14,ICE - BofAML MOVE Index [MOVE],89.1000
"2,164",2011-07-15,ICE - BofAML MOVE Index [MOVE],90.4000
"2,165",2011-07-18,ICE - BofAML MOVE Index [MOVE],89.6000
"2,166",2011-07-19,ICE - BofAML MOVE Index [MOVE],88.8000
"2,167",2011-07-20,ICE - BofAML MOVE Index [MOVE],85.1000
"2,168",2011-07-21,ICE - BofAML MOVE Index [MOVE],89.0000
"2,169",2011-07-22,ICE - BofAML MOVE Index [MOVE],84.3000
"2,170",2011-07-25,ICE - BofAML MOVE Index [MOVE],86.8000
"2,171",2011-07-26,ICE - BofAML MOVE Index [MOVE],84.8000
"2,172",2011-07-27,ICE - BofAML MOVE Index [MOVE],89.1000
"2,173",2011-07-28,ICE - BofAML MOVE Index [MOVE],86.5000
"2,174",2011-07-29,ICE - BofAML MOVE Index [MOVE],88.0000
"2,175",2011-08-01,ICE - BofAML MOVE Index [MOVE],84.1000
"2,176",2011-08-02,ICE - BofAML MOVE Index [MOVE],87.1000
"2,177",2011-08-03,ICE - BofAML MOVE Index [MOVE],85.5000
"2,178",2011-08-04,ICE - BofAML MOVE Index [MOVE],91.0000
"2,179",2011-08-05,ICE - BofAML MOVE Index [MOVE],100.7000
"2,180",2011-08-08,ICE - BofAML MOVE Index [MOVE],117.8000
"2,181",2011-08-09,ICE - BofAML MOVE Index [MOVE],107.7000
"2,182",2011-08-10,ICE - BofAML MOVE Index [MOVE],98.9000
"2,183",2011-08-11,ICE - BofAML MOVE Index [MOVE],107.9000
"2,184",2011-08-12,ICE - BofAML MOVE Index [MOVE],109.1000
"2,185",2011-08-15,ICE - BofAML MOVE Index [MOVE],99.8000
"2,186",2011-08-16,ICE - BofAML MOVE Index [MOVE],92.0000
"2,187",2011-08-17,ICE - BofAML MOVE Index [MOVE],87.8000
"2,188",2011-08-18,ICE - BofAML MOVE Index [MOVE],95.0000
"2,189",2011-08-19,ICE - BofAML MOVE Index [MOVE],100.3000
"2,190",2011-08-22,ICE - BofAML MOVE Index [MOVE],104.2000
"2,191",2011-08-23,ICE - BofAML MOVE Index [MOVE],105.5000
"2,192",2011-08-24,ICE - BofAML MOVE Index [MOVE],105.8000
"2,193",2011-08-25,ICE - BofAML MOVE Index [MOVE],107.7000
"2,194",2011-08-26,ICE - BofAML MOVE Index [MOVE],101.5000
"2,195",2011-08-29,ICE - BofAML MOVE Index [MOVE],98.0000
"2,196",2011-08-30,ICE - BofAML MOVE Index [MOVE],99.2000
"2,197",2011-08-31,ICE - BofAML MOVE Index [MOVE],97.9000
"2,198",2011-09-01,ICE - BofAML MOVE Index [MOVE],98.8000
"2,199",2011-09-02,ICE - BofAML MOVE Index [MOVE],99.4000
"2,200",2011-09-06,ICE - BofAML MOVE Index [MOVE],103.1000
"2,201",2011-09-07,ICE - BofAML MOVE Index [MOVE],100.6000
"2,202",2011-09-08,ICE - BofAML MOVE Index [MOVE],99.4000
"2,203",2011-09-09,ICE - BofAML MOVE Index [MOVE],100.7000
"2,204",2011-09-12,ICE - BofAML MOVE Index [MOVE],99.2000
"2,205",2011-09-13,ICE - BofAML MOVE Index [MOVE],97.5000
"2,206",2011-09-14,ICE - BofAML MOVE Index [MOVE],96.6000
"2,207",2011-09-15,ICE - BofAML MOVE Index [MOVE],97.3000
"2,208",2011-09-16,ICE - BofAML MOVE Index [MOVE],97.6000
"2,209",2011-09-19,ICE - BofAML MOVE Index [MOVE],99.6000
"2,210",2011-09-20,ICE - BofAML MOVE Index [MOVE],99.9000
"2,211",2011-09-21,ICE - BofAML MOVE Index [MOVE],93.3000
"2,212",2011-09-22,ICE - BofAML MOVE Index [MOVE],103.4000
"2,213",2011-09-23,ICE - BofAML MOVE Index [MOVE],104.5000
"2,214",2011-09-26,ICE - BofAML MOVE Index [MOVE],107.4000
"2,215",2011-09-27,ICE - BofAML MOVE Index [MOVE],107.3000
"2,216",2011-09-28,ICE - BofAML MOVE Index [MOVE],103.1000
"2,217",2011-09-29,ICE - BofAML MOVE Index [MOVE],100.4000
"2,218",2011-09-30,ICE - BofAML MOVE Index [MOVE],100.6000
"2,219",2011-10-03,ICE - BofAML MOVE Index [MOVE],105.7000
"2,220",2011-10-04,ICE - BofAML MOVE Index [MOVE],109.0000
"2,221",2011-10-05,ICE - BofAML MOVE Index [MOVE],108.9000
"2,222",2011-10-06,ICE - BofAML MOVE Index [MOVE],108.7000
"2,223",2011-10-07,ICE - BofAML MOVE Index [MOVE],106.4000
"2,224",2011-10-11,ICE - BofAML MOVE Index [MOVE],106.8000
"2,225",2011-10-12,ICE - BofAML MOVE Index [MOVE],108.3000
"2,226",2011-10-13,ICE - BofAML MOVE Index [MOVE],106.8000
"2,227",2011-10-14,ICE - BofAML MOVE Index [MOVE],109.2000
"2,228",2011-10-17,ICE - BofAML MOVE Index [MOVE],108.4000
"2,229",2011-10-18,ICE - BofAML MOVE Index [MOVE],107.5000
"2,230",2011-10-19,ICE - BofAML MOVE Index [MOVE],105.0000
"2,231",2011-10-20,ICE - BofAML MOVE Index [MOVE],105.9000
"2,232",2011-10-21,ICE - BofAML MOVE Index [MOVE],107.5000
"2,233",2011-10-24,ICE - BofAML MOVE Index [MOVE],103.6000
"2,234",2011-10-25,ICE - BofAML MOVE Index [MOVE],102.1000
"2,235",2011-10-26,ICE - BofAML MOVE Index [MOVE],105.2000
"2,236",2011-10-27,ICE - BofAML MOVE Index [MOVE],108.1000
"2,237",2011-10-28,ICE - BofAML MOVE Index [MOVE],107.4000
"2,238",2011-10-31,ICE - BofAML MOVE Index [MOVE],107.2000
"2,239",2011-11-01,ICE - BofAML MOVE Index [MOVE],116.0000
"2,240",2011-11-02,ICE - BofAML MOVE Index [MOVE],111.9000
"2,241",2011-11-03,ICE - BofAML MOVE Index [MOVE],109.2000
"2,242",2011-11-04,ICE - BofAML MOVE Index [MOVE],106.6000
"2,243",2011-11-07,ICE - BofAML MOVE Index [MOVE],106.3000
"2,244",2011-11-08,ICE - BofAML MOVE Index [MOVE],105.6000
"2,245",2011-11-09,ICE - BofAML MOVE Index [MOVE],111.8000
"2,246",2011-11-10,ICE - BofAML MOVE Index [MOVE],113.7000
"2,247",2011-11-14,ICE - BofAML MOVE Index [MOVE],113.1000
"2,248",2011-11-15,ICE - BofAML MOVE Index [MOVE],108.6000
"2,249",2011-11-16,ICE - BofAML MOVE Index [MOVE],106.1000
"2,250",2011-11-17,ICE - BofAML MOVE Index [MOVE],111.7000
"2,251",2011-11-18,ICE - BofAML MOVE Index [MOVE],109.8000
"2,252",2011-11-21,ICE - BofAML MOVE Index [MOVE],107.5000
"2,253",2011-11-22,ICE - BofAML MOVE Index [MOVE],103.6000
"2,254",2011-11-23,ICE - BofAML MOVE Index [MOVE],104.7000
"2,255",2011-11-25,ICE - BofAML MOVE Index [MOVE],102.3000
"2,256",2011-11-28,ICE - BofAML MOVE Index [MOVE],102.8000
"2,257",2011-11-29,ICE - BofAML MOVE Index [MOVE],103.1000
"2,258",2011-11-30,ICE - BofAML MOVE Index [MOVE],99.7000
"2,259",2011-12-01,ICE - BofAML MOVE Index [MOVE],100.8000
"2,260",2011-12-02,ICE - BofAML MOVE Index [MOVE],98.6000
"2,261",2011-12-05,ICE - BofAML MOVE Index [MOVE],94.0000
"2,262",2011-12-06,ICE - BofAML MOVE Index [MOVE],93.0000
"2,263",2011-12-07,ICE - BofAML MOVE Index [MOVE],94.3000
"2,264",2011-12-08,ICE - BofAML MOVE Index [MOVE],95.0000
"2,265",2011-12-09,ICE - BofAML MOVE Index [MOVE],99.9000
"2,266",2011-12-12,ICE - BofAML MOVE Index [MOVE],95.8000
"2,267",2011-12-13,ICE - BofAML MOVE Index [MOVE],90.3000
"2,268",2011-12-14,ICE - BofAML MOVE Index [MOVE],91.7000
"2,269",2011-12-15,ICE - BofAML MOVE Index [MOVE],87.2000
"2,270",2011-12-16,ICE - BofAML MOVE Index [MOVE],89.4000
"2,271",2011-12-19,ICE - BofAML MOVE Index [MOVE],87.6000
"2,272",2011-12-20,ICE - BofAML MOVE Index [MOVE],92.3000
"2,273",2011-12-21,ICE - BofAML MOVE Index [MOVE],91.8000
"2,274",2011-12-22,ICE - BofAML MOVE Index [MOVE],90.2000
"2,275",2011-12-23,ICE - BofAML MOVE Index [MOVE],94.2000
"2,276",2011-12-27,ICE - BofAML MOVE Index [MOVE],94.8000
"2,277",2011-12-28,ICE - BofAML MOVE Index [MOVE],95.1000
"2,278",2011-12-29,ICE - BofAML MOVE Index [MOVE],94.1000
"2,279",2011-12-30,ICE - BofAML MOVE Index [MOVE],91.1000
"2,280",2012-01-03,ICE - BofAML MOVE Index [MOVE],90.7000
"2,281",2012-01-04,ICE - BofAML MOVE Index [MOVE],88.9000
"2,282",2012-01-05,ICE - BofAML MOVE Index [MOVE],87.9000
"2,283",2012-01-06,ICE - BofAML MOVE Index [MOVE],81.7000
"2,284",2012-01-09,ICE - BofAML MOVE Index [MOVE],78.6000
"2,285",2012-01-10,ICE - BofAML MOVE Index [MOVE],80.2000
"2,286",2012-01-11,ICE - BofAML MOVE Index [MOVE],78.2000
"2,287",2012-01-12,ICE - BofAML MOVE Index [MOVE],77.1000
"2,288",2012-01-13,ICE - BofAML MOVE Index [MOVE],79.2000
"2,289",2012-01-17,ICE - BofAML MOVE Index [MOVE],75.6000
"2,290",2012-01-18,ICE - BofAML MOVE Index [MOVE],75.0000
"2,291",2012-01-19,ICE - BofAML MOVE Index [MOVE],80.0000
"2,292",2012-01-20,ICE - BofAML MOVE Index [MOVE],84.6000
"2,293",2012-01-23,ICE - BofAML MOVE Index [MOVE],85.8000
"2,294",2012-01-24,ICE - BofAML MOVE Index [MOVE],81.6000
"2,295",2012-01-25,ICE - BofAML MOVE Index [MOVE],76.7000
"2,296",2012-01-26,ICE - BofAML MOVE Index [MOVE],75.9000
"2,297",2012-01-27,ICE - BofAML MOVE Index [MOVE],75.4000
"2,298",2012-01-30,ICE - BofAML MOVE Index [MOVE],72.4000
"2,299",2012-01-31,ICE - BofAML MOVE Index [MOVE],72.1000
"2,300",2012-02-01,ICE - BofAML MOVE Index [MOVE],72.7000
"2,301",2012-02-02,ICE - BofAML MOVE Index [MOVE],70.2000
"2,302",2012-02-03,ICE - BofAML MOVE Index [MOVE],76.7000
"2,303",2012-02-06,ICE - BofAML MOVE Index [MOVE],72.3000
"2,304",2012-02-07,ICE - BofAML MOVE Index [MOVE],79.3000
"2,305",2012-02-08,ICE - BofAML MOVE Index [MOVE],79.0000
"2,306",2012-02-09,ICE - BofAML MOVE Index [MOVE],83.2000
"2,307",2012-02-10,ICE - BofAML MOVE Index [MOVE],80.7000
"2,308",2012-02-13,ICE - BofAML MOVE Index [MOVE],78.8000
"2,309",2012-02-14,ICE - BofAML MOVE Index [MOVE],79.0000
"2,310",2012-02-15,ICE - BofAML MOVE Index [MOVE],76.6000
"2,311",2012-02-16,ICE - BofAML MOVE Index [MOVE],80.1000
"2,312",2012-02-17,ICE - BofAML MOVE Index [MOVE],81.5000
"2,313",2012-02-21,ICE - BofAML MOVE Index [MOVE],79.3000
"2,314",2012-02-22,ICE - BofAML MOVE Index [MOVE],79.6000
"2,315",2012-02-23,ICE - BofAML MOVE Index [MOVE],79.0000
"2,316",2012-02-24,ICE - BofAML MOVE Index [MOVE],77.1000
"2,317",2012-02-27,ICE - BofAML MOVE Index [MOVE],74.8000
"2,318",2012-02-28,ICE - BofAML MOVE Index [MOVE],73.9000
"2,319",2012-02-29,ICE - BofAML MOVE Index [MOVE],75.9000
"2,320",2012-03-01,ICE - BofAML MOVE Index [MOVE],77.4000
"2,321",2012-03-02,ICE - BofAML MOVE Index [MOVE],76.0000
"2,322",2012-03-05,ICE - BofAML MOVE Index [MOVE],75.0000
"2,323",2012-03-06,ICE - BofAML MOVE Index [MOVE],75.8000
"2,324",2012-03-07,ICE - BofAML MOVE Index [MOVE],75.1000
"2,325",2012-03-08,ICE - BofAML MOVE Index [MOVE],76.6000
"2,326",2012-03-09,ICE - BofAML MOVE Index [MOVE],73.2000
"2,327",2012-03-12,ICE - BofAML MOVE Index [MOVE],69.9000
"2,328",2012-03-13,ICE - BofAML MOVE Index [MOVE],73.8000
"2,329",2012-03-14,ICE - BofAML MOVE Index [MOVE],89.7000
"2,330",2012-03-15,ICE - BofAML MOVE Index [MOVE],83.4000
"2,331",2012-03-16,ICE - BofAML MOVE Index [MOVE],84.9000
"2,332",2012-03-19,ICE - BofAML MOVE Index [MOVE],92.3000
"2,333",2012-03-20,ICE - BofAML MOVE Index [MOVE],93.3000
"2,334",2012-03-21,ICE - BofAML MOVE Index [MOVE],89.5000
"2,335",2012-03-22,ICE - BofAML MOVE Index [MOVE],87.1000
"2,336",2012-03-23,ICE - BofAML MOVE Index [MOVE],86.2000
"2,337",2012-03-26,ICE - BofAML MOVE Index [MOVE],85.6000
"2,338",2012-03-27,ICE - BofAML MOVE Index [MOVE],80.7000
"2,339",2012-03-28,ICE - BofAML MOVE Index [MOVE],77.4000
"2,340",2012-03-29,ICE - BofAML MOVE Index [MOVE],75.2000
"2,341",2012-03-30,ICE - BofAML MOVE Index [MOVE],78.6000
"2,342",2012-04-02,ICE - BofAML MOVE Index [MOVE],75.6000
"2,343",2012-04-03,ICE - BofAML MOVE Index [MOVE],84.3000
"2,344",2012-04-04,ICE - BofAML MOVE Index [MOVE],84.6000
"2,345",2012-04-05,ICE - BofAML MOVE Index [MOVE],83.7000
"2,346",2012-04-06,ICE - BofAML MOVE Index [MOVE],78.5000
"2,347",2012-04-09,ICE - BofAML MOVE Index [MOVE],76.2000
"2,348",2012-04-10,ICE - BofAML MOVE Index [MOVE],75.1000
"2,349",2012-04-11,ICE - BofAML MOVE Index [MOVE],76.3000
"2,350",2012-04-12,ICE - BofAML MOVE Index [MOVE],73.5000
"2,351",2012-04-13,ICE - BofAML MOVE Index [MOVE],72.6000
"2,352",2012-04-16,ICE - BofAML MOVE Index [MOVE],72.9000
"2,353",2012-04-17,ICE - BofAML MOVE Index [MOVE],73.9000
"2,354",2012-04-18,ICE - BofAML MOVE Index [MOVE],72.5000
"2,355",2012-04-19,ICE - BofAML MOVE Index [MOVE],72.2000
"2,356",2012-04-20,ICE - BofAML MOVE Index [MOVE],71.4000
"2,357",2012-04-23,ICE - BofAML MOVE Index [MOVE],70.9000
"2,358",2012-04-24,ICE - BofAML MOVE Index [MOVE],71.9000
"2,359",2012-04-25,ICE - BofAML MOVE Index [MOVE],70.6000
"2,360",2012-04-26,ICE - BofAML MOVE Index [MOVE],65.2000
"2,361",2012-04-27,ICE - BofAML MOVE Index [MOVE],64.1000
"2,362",2012-04-30,ICE - BofAML MOVE Index [MOVE],62.9000
"2,363",2012-05-01,ICE - BofAML MOVE Index [MOVE],67.0000
"2,364",2012-05-02,ICE - BofAML MOVE Index [MOVE],65.1000
"2,365",2012-05-03,ICE - BofAML MOVE Index [MOVE],63.3000
"2,366",2012-05-04,ICE - BofAML MOVE Index [MOVE],57.8000
"2,367",2012-05-07,ICE - BofAML MOVE Index [MOVE],56.7000
"2,368",2012-05-08,ICE - BofAML MOVE Index [MOVE],57.7000
"2,369",2012-05-09,ICE - BofAML MOVE Index [MOVE],58.7000
"2,370",2012-05-10,ICE - BofAML MOVE Index [MOVE],57.6000
"2,371",2012-05-11,ICE - BofAML MOVE Index [MOVE],61.5000
"2,372",2012-05-14,ICE - BofAML MOVE Index [MOVE],70.3000
"2,373",2012-05-15,ICE - BofAML MOVE Index [MOVE],67.7000
"2,374",2012-05-16,ICE - BofAML MOVE Index [MOVE],67.0000
"2,375",2012-05-17,ICE - BofAML MOVE Index [MOVE],70.6000
"2,376",2012-05-18,ICE - BofAML MOVE Index [MOVE],70.6000
"2,377",2012-05-21,ICE - BofAML MOVE Index [MOVE],69.1000
"2,378",2012-05-22,ICE - BofAML MOVE Index [MOVE],70.8000
"2,379",2012-05-23,ICE - BofAML MOVE Index [MOVE],73.7000
"2,380",2012-05-24,ICE - BofAML MOVE Index [MOVE],73.1000
"2,381",2012-05-25,ICE - BofAML MOVE Index [MOVE],71.2000
"2,382",2012-05-29,ICE - BofAML MOVE Index [MOVE],68.9000
"2,383",2012-05-30,ICE - BofAML MOVE Index [MOVE],73.0000
"2,384",2012-05-31,ICE - BofAML MOVE Index [MOVE],74.4000
"2,385",2012-06-01,ICE - BofAML MOVE Index [MOVE],80.6000
"2,386",2012-06-04,ICE - BofAML MOVE Index [MOVE],86.5000
"2,387",2012-06-05,ICE - BofAML MOVE Index [MOVE],84.6000
"2,388",2012-06-06,ICE - BofAML MOVE Index [MOVE],87.7000
"2,389",2012-06-07,ICE - BofAML MOVE Index [MOVE],82.1000
"2,390",2012-06-08,ICE - BofAML MOVE Index [MOVE],86.0000
"2,391",2012-06-11,ICE - BofAML MOVE Index [MOVE],86.5000
"2,392",2012-06-12,ICE - BofAML MOVE Index [MOVE],88.5000
"2,393",2012-06-13,ICE - BofAML MOVE Index [MOVE],89.3000
"2,394",2012-06-14,ICE - BofAML MOVE Index [MOVE],91.5000
"2,395",2012-06-15,ICE - BofAML MOVE Index [MOVE],95.4000
"2,396",2012-06-18,ICE - BofAML MOVE Index [MOVE],85.7000
"2,397",2012-06-19,ICE - BofAML MOVE Index [MOVE],84.7000
"2,398",2012-06-20,ICE - BofAML MOVE Index [MOVE],77.7000
"2,399",2012-06-21,ICE - BofAML MOVE Index [MOVE],76.2000
"2,400",2012-06-22,ICE - BofAML MOVE Index [MOVE],75.1000
"2,401",2012-06-25,ICE - BofAML MOVE Index [MOVE],72.8000
"2,402",2012-06-26,ICE - BofAML MOVE Index [MOVE],71.1000
"2,403",2012-06-27,ICE - BofAML MOVE Index [MOVE],70.2000
"2,404",2012-06-28,ICE - BofAML MOVE Index [MOVE],70.2000
"2,405",2012-06-29,ICE - BofAML MOVE Index [MOVE],73.2000
"2,406",2012-07-02,ICE - BofAML MOVE Index [MOVE],71.6000
"2,407",2012-07-03,ICE - BofAML MOVE Index [MOVE],72.4000
"2,408",2012-07-05,ICE - BofAML MOVE Index [MOVE],71.3000
"2,409",2012-07-06,ICE - BofAML MOVE Index [MOVE],66.8000
"2,410",2012-07-09,ICE - BofAML MOVE Index [MOVE],63.4000
"2,411",2012-07-10,ICE - BofAML MOVE Index [MOVE],63.3000
"2,412",2012-07-11,ICE - BofAML MOVE Index [MOVE],63.8000
"2,413",2012-07-12,ICE - BofAML MOVE Index [MOVE],63.4000
"2,414",2012-07-13,ICE - BofAML MOVE Index [MOVE],63.3000
"2,415",2012-07-16,ICE - BofAML MOVE Index [MOVE],62.8000
"2,416",2012-07-17,ICE - BofAML MOVE Index [MOVE],64.2000
"2,417",2012-07-18,ICE - BofAML MOVE Index [MOVE],61.9000
"2,418",2012-07-19,ICE - BofAML MOVE Index [MOVE],61.2000
"2,419",2012-07-20,ICE - BofAML MOVE Index [MOVE],61.3000
"2,420",2012-07-23,ICE - BofAML MOVE Index [MOVE],61.6000
"2,421",2012-07-24,ICE - BofAML MOVE Index [MOVE],62.9000
"2,422",2012-07-25,ICE - BofAML MOVE Index [MOVE],63.1000
"2,423",2012-07-26,ICE - BofAML MOVE Index [MOVE],62.6000
"2,424",2012-07-27,ICE - BofAML MOVE Index [MOVE],69.7000
"2,425",2012-07-30,ICE - BofAML MOVE Index [MOVE],68.4000
"2,426",2012-07-31,ICE - BofAML MOVE Index [MOVE],69.8000
"2,427",2012-08-01,ICE - BofAML MOVE Index [MOVE],74.1000
"2,428",2012-08-02,ICE - BofAML MOVE Index [MOVE],69.4000
"2,429",2012-08-03,ICE - BofAML MOVE Index [MOVE],71.9000
"2,430",2012-08-06,ICE - BofAML MOVE Index [MOVE],69.7000
"2,431",2012-08-07,ICE - BofAML MOVE Index [MOVE],73.9000
"2,432",2012-08-08,ICE - BofAML MOVE Index [MOVE],75.2000
"2,433",2012-08-09,ICE - BofAML MOVE Index [MOVE],73.7000
"2,434",2012-08-10,ICE - BofAML MOVE Index [MOVE],70.1000
"2,435",2012-08-13,ICE - BofAML MOVE Index [MOVE],67.2000
"2,436",2012-08-14,ICE - BofAML MOVE Index [MOVE],67.9000
"2,437",2012-08-15,ICE - BofAML MOVE Index [MOVE],73.0000
"2,438",2012-08-16,ICE - BofAML MOVE Index [MOVE],77.1000
"2,439",2012-08-17,ICE - BofAML MOVE Index [MOVE],74.0000
"2,440",2012-08-20,ICE - BofAML MOVE Index [MOVE],70.2000
"2,441",2012-08-21,ICE - BofAML MOVE Index [MOVE],70.0000
"2,442",2012-08-22,ICE - BofAML MOVE Index [MOVE],66.8000
"2,443",2012-08-23,ICE - BofAML MOVE Index [MOVE],65.5000
"2,444",2012-08-24,ICE - BofAML MOVE Index [MOVE],66.4000
"2,445",2012-08-27,ICE - BofAML MOVE Index [MOVE],66.3000
"2,446",2012-08-28,ICE - BofAML MOVE Index [MOVE],64.3000
"2,447",2012-08-29,ICE - BofAML MOVE Index [MOVE],64.9000
"2,448",2012-08-30,ICE - BofAML MOVE Index [MOVE],68.0000
"2,449",2012-08-31,ICE - BofAML MOVE Index [MOVE],68.7000
"2,450",2012-09-04,ICE - BofAML MOVE Index [MOVE],67.1000
"2,451",2012-09-05,ICE - BofAML MOVE Index [MOVE],68.5000
"2,452",2012-09-06,ICE - BofAML MOVE Index [MOVE],71.0000
"2,453",2012-09-07,ICE - BofAML MOVE Index [MOVE],68.4000
"2,454",2012-09-10,ICE - BofAML MOVE Index [MOVE],68.2000
"2,455",2012-09-11,ICE - BofAML MOVE Index [MOVE],67.9000
"2,456",2012-09-12,ICE - BofAML MOVE Index [MOVE],69.9000
"2,457",2012-09-13,ICE - BofAML MOVE Index [MOVE],65.4000
"2,458",2012-09-14,ICE - BofAML MOVE Index [MOVE],68.3000
"2,459",2012-09-17,ICE - BofAML MOVE Index [MOVE],64.4000
"2,460",2012-09-18,ICE - BofAML MOVE Index [MOVE],59.8000
"2,461",2012-09-19,ICE - BofAML MOVE Index [MOVE],57.5000
"2,462",2012-09-20,ICE - BofAML MOVE Index [MOVE],59.7000
"2,463",2012-09-21,ICE - BofAML MOVE Index [MOVE],59.6000
"2,464",2012-09-24,ICE - BofAML MOVE Index [MOVE],57.5000
"2,465",2012-09-25,ICE - BofAML MOVE Index [MOVE],57.6000
"2,466",2012-09-26,ICE - BofAML MOVE Index [MOVE],58.5000
"2,467",2012-09-27,ICE - BofAML MOVE Index [MOVE],61.0800
"2,468",2012-09-28,ICE - BofAML MOVE Index [MOVE],60.4700
"2,469",2012-10-01,ICE - BofAML MOVE Index [MOVE],59.4000
"2,470",2012-10-02,ICE - BofAML MOVE Index [MOVE],60.4000
"2,471",2012-10-03,ICE - BofAML MOVE Index [MOVE],59.2000
"2,472",2012-10-04,ICE - BofAML MOVE Index [MOVE],59.8000
"2,473",2012-10-05,ICE - BofAML MOVE Index [MOVE],60.4000
"2,474",2012-10-09,ICE - BofAML MOVE Index [MOVE],59.3000
"2,475",2012-10-10,ICE - BofAML MOVE Index [MOVE],59.6000
"2,476",2012-10-11,ICE - BofAML MOVE Index [MOVE],61.4000
"2,477",2012-10-12,ICE - BofAML MOVE Index [MOVE],61.4000
"2,478",2012-10-15,ICE - BofAML MOVE Index [MOVE],63.0000
"2,479",2012-10-16,ICE - BofAML MOVE Index [MOVE],64.8000
"2,480",2012-10-17,ICE - BofAML MOVE Index [MOVE],68.7000
"2,481",2012-10-18,ICE - BofAML MOVE Index [MOVE],69.0000
"2,482",2012-10-19,ICE - BofAML MOVE Index [MOVE],68.5000
"2,483",2012-10-22,ICE - BofAML MOVE Index [MOVE],69.8000
"2,484",2012-10-23,ICE - BofAML MOVE Index [MOVE],68.9000
"2,485",2012-10-24,ICE - BofAML MOVE Index [MOVE],67.1000
"2,486",2012-10-25,ICE - BofAML MOVE Index [MOVE],73.1000
"2,487",2012-10-26,ICE - BofAML MOVE Index [MOVE],73.0000
"2,488",2012-10-29,ICE - BofAML MOVE Index [MOVE],71.1000
"2,489",2012-10-31,ICE - BofAML MOVE Index [MOVE],71.4300
"2,490",2012-11-01,ICE - BofAML MOVE Index [MOVE],72.0000
"2,491",2012-11-02,ICE - BofAML MOVE Index [MOVE],72.3000
"2,492",2012-11-05,ICE - BofAML MOVE Index [MOVE],68.6100
"2,493",2012-11-06,ICE - BofAML MOVE Index [MOVE],69.3000
"2,494",2012-11-07,ICE - BofAML MOVE Index [MOVE],60.9000
"2,495",2012-11-08,ICE - BofAML MOVE Index [MOVE],59.1000
"2,496",2012-11-09,ICE - BofAML MOVE Index [MOVE],59.1000
"2,497",2012-11-13,ICE - BofAML MOVE Index [MOVE],57.3000
"2,498",2012-11-14,ICE - BofAML MOVE Index [MOVE],56.8400
"2,499",2012-11-15,ICE - BofAML MOVE Index [MOVE],55.6000
"2,500",2012-11-16,ICE - BofAML MOVE Index [MOVE],54.9800
"2,501",2012-11-19,ICE - BofAML MOVE Index [MOVE],54.7000
"2,502",2012-11-20,ICE - BofAML MOVE Index [MOVE],53.7000
"2,503",2012-11-21,ICE - BofAML MOVE Index [MOVE],53.9000
"2,504",2012-11-27,ICE - BofAML MOVE Index [MOVE],51.7000
"2,505",2012-11-28,ICE - BofAML MOVE Index [MOVE],52.3000
"2,506",2012-11-29,ICE - BofAML MOVE Index [MOVE],51.7000
"2,507",2012-11-30,ICE - BofAML MOVE Index [MOVE],51.8000
"2,508",2012-12-03,ICE - BofAML MOVE Index [MOVE],51.0200
"2,509",2012-12-04,ICE - BofAML MOVE Index [MOVE],51.7000
"2,510",2012-12-05,ICE - BofAML MOVE Index [MOVE],52.3000
"2,511",2012-12-06,ICE - BofAML MOVE Index [MOVE],53.3000
"2,512",2012-12-10,ICE - BofAML MOVE Index [MOVE],52.2500
"2,513",2012-12-11,ICE - BofAML MOVE Index [MOVE],51.6000
"2,514",2012-12-12,ICE - BofAML MOVE Index [MOVE],53.6000
"2,515",2012-12-14,ICE - BofAML MOVE Index [MOVE],52.8000
"2,516",2012-12-17,ICE - BofAML MOVE Index [MOVE],57.1000
"2,517",2012-12-18,ICE - BofAML MOVE Index [MOVE],63.0000
"2,518",2012-12-19,ICE - BofAML MOVE Index [MOVE],57.8000
"2,519",2012-12-20,ICE - BofAML MOVE Index [MOVE],54.4000
"2,520",2012-12-21,ICE - BofAML MOVE Index [MOVE],55.3000
"2,521",2012-12-24,ICE - BofAML MOVE Index [MOVE],54.9000
"2,522",2012-12-26,ICE - BofAML MOVE Index [MOVE],54.5000
"2,523",2012-12-27,ICE - BofAML MOVE Index [MOVE],55.0000
"2,524",2012-12-28,ICE - BofAML MOVE Index [MOVE],56.7000
"2,525",2012-12-31,ICE - BofAML MOVE Index [MOVE],59.4000
"2,526",2013-01-02,ICE - BofAML MOVE Index [MOVE],61.1000
"2,527",2013-01-03,ICE - BofAML MOVE Index [MOVE],63.5000
"2,528",2013-01-04,ICE - BofAML MOVE Index [MOVE],62.0000
"2,529",2013-01-07,ICE - BofAML MOVE Index [MOVE],59.9000
"2,530",2013-01-08,ICE - BofAML MOVE Index [MOVE],58.6000
"2,531",2013-01-09,ICE - BofAML MOVE Index [MOVE],56.3000
"2,532",2013-01-10,ICE - BofAML MOVE Index [MOVE],58.2000
"2,533",2013-01-11,ICE - BofAML MOVE Index [MOVE],59.2000
"2,534",2013-01-14,ICE - BofAML MOVE Index [MOVE],55.8000
"2,535",2013-01-15,ICE - BofAML MOVE Index [MOVE],53.1000
"2,536",2013-01-16,ICE - BofAML MOVE Index [MOVE],53.2000
"2,537",2013-01-17,ICE - BofAML MOVE Index [MOVE],56.9000
"2,538",2013-01-18,ICE - BofAML MOVE Index [MOVE],55.8500
"2,539",2013-01-19,ICE - BofAML MOVE Index [MOVE],59.5700
"2,540",2013-01-20,ICE - BofAML MOVE Index [MOVE],58.0300
"2,541",2013-01-21,ICE - BofAML MOVE Index [MOVE],58.9600
"2,542",2013-01-22,ICE - BofAML MOVE Index [MOVE],61.8900
"2,543",2013-01-23,ICE - BofAML MOVE Index [MOVE],53.6000
"2,544",2013-01-24,ICE - BofAML MOVE Index [MOVE],55.3000
"2,545",2013-01-25,ICE - BofAML MOVE Index [MOVE],66.2000
"2,546",2013-01-28,ICE - BofAML MOVE Index [MOVE],63.7000
"2,547",2013-01-29,ICE - BofAML MOVE Index [MOVE],62.4000
"2,548",2013-01-30,ICE - BofAML MOVE Index [MOVE],66.4000
"2,549",2013-01-31,ICE - BofAML MOVE Index [MOVE],65.6000
"2,550",2013-02-01,ICE - BofAML MOVE Index [MOVE],65.0000
"2,551",2013-02-04,ICE - BofAML MOVE Index [MOVE],63.1000
"2,552",2013-02-05,ICE - BofAML MOVE Index [MOVE],64.8000
"2,553",2013-02-06,ICE - BofAML MOVE Index [MOVE],62.8000
"2,554",2013-02-07,ICE - BofAML MOVE Index [MOVE],59.9000
"2,555",2013-02-08,ICE - BofAML MOVE Index [MOVE],61.5000
"2,556",2013-02-11,ICE - BofAML MOVE Index [MOVE],60.0000
"2,557",2013-02-12,ICE - BofAML MOVE Index [MOVE],59.8000
"2,558",2013-02-13,ICE - BofAML MOVE Index [MOVE],61.7000
"2,559",2013-02-14,ICE - BofAML MOVE Index [MOVE],59.1000
"2,560",2013-02-15,ICE - BofAML MOVE Index [MOVE],59.1000
"2,561",2013-02-19,ICE - BofAML MOVE Index [MOVE],58.4000
"2,562",2013-02-20,ICE - BofAML MOVE Index [MOVE],57.9000
"2,563",2013-02-21,ICE - BofAML MOVE Index [MOVE],59.7000
"2,564",2013-02-22,ICE - BofAML MOVE Index [MOVE],58.6000
"2,565",2013-02-25,ICE - BofAML MOVE Index [MOVE],60.0000
"2,566",2013-02-26,ICE - BofAML MOVE Index [MOVE],58.0000
"2,567",2013-02-27,ICE - BofAML MOVE Index [MOVE],58.4100
"2,568",2013-02-28,ICE - BofAML MOVE Index [MOVE],55.8800
"2,569",2013-03-01,ICE - BofAML MOVE Index [MOVE],55.0000
"2,570",2013-03-04,ICE - BofAML MOVE Index [MOVE],53.9000
"2,571",2013-03-05,ICE - BofAML MOVE Index [MOVE],56.5000
"2,572",2013-03-07,ICE - BofAML MOVE Index [MOVE],60.5000
"2,573",2013-03-08,ICE - BofAML MOVE Index [MOVE],58.1000
"2,574",2013-03-11,ICE - BofAML MOVE Index [MOVE],55.0700
"2,575",2013-03-12,ICE - BofAML MOVE Index [MOVE],53.7000
"2,576",2013-03-13,ICE - BofAML MOVE Index [MOVE],54.6000
"2,577",2013-03-14,ICE - BofAML MOVE Index [MOVE],56.0000
"2,578",2013-03-15,ICE - BofAML MOVE Index [MOVE],55.8000
"2,579",2013-03-25,ICE - BofAML MOVE Index [MOVE],57.6700
"2,580",2013-03-26,ICE - BofAML MOVE Index [MOVE],56.1000
"2,581",2013-03-28,ICE - BofAML MOVE Index [MOVE],57.3000
"2,582",2013-04-01,ICE - BofAML MOVE Index [MOVE],56.2000
"2,583",2013-04-02,ICE - BofAML MOVE Index [MOVE],56.0000
"2,584",2013-04-03,ICE - BofAML MOVE Index [MOVE],57.9000
"2,585",2013-04-04,ICE - BofAML MOVE Index [MOVE],56.9000
"2,586",2013-04-05,ICE - BofAML MOVE Index [MOVE],54.8000
"2,587",2013-04-08,ICE - BofAML MOVE Index [MOVE],54.9000
"2,588",2013-04-09,ICE - BofAML MOVE Index [MOVE],52.7000
"2,589",2013-04-10,ICE - BofAML MOVE Index [MOVE],53.9000
"2,590",2013-04-11,ICE - BofAML MOVE Index [MOVE],52.6000
"2,591",2013-04-12,ICE - BofAML MOVE Index [MOVE],53.1000
"2,592",2013-04-15,ICE - BofAML MOVE Index [MOVE],52.3000
"2,593",2013-04-16,ICE - BofAML MOVE Index [MOVE],51.9000
"2,594",2013-04-17,ICE - BofAML MOVE Index [MOVE],52.0000
"2,595",2013-04-18,ICE - BofAML MOVE Index [MOVE],51.3000
"2,596",2013-04-19,ICE - BofAML MOVE Index [MOVE],51.3000
"2,597",2013-04-22,ICE - BofAML MOVE Index [MOVE],50.6000
"2,598",2013-04-23,ICE - BofAML MOVE Index [MOVE],50.0000
"2,599",2013-04-24,ICE - BofAML MOVE Index [MOVE],49.8000
"2,600",2013-04-25,ICE - BofAML MOVE Index [MOVE],49.4000
"2,601",2013-04-26,ICE - BofAML MOVE Index [MOVE],50.2000
"2,602",2013-04-29,ICE - BofAML MOVE Index [MOVE],49.6000
"2,603",2013-04-30,ICE - BofAML MOVE Index [MOVE],49.2000
"2,604",2013-05-01,ICE - BofAML MOVE Index [MOVE],49.0000
"2,605",2013-05-02,ICE - BofAML MOVE Index [MOVE],49.0000
"2,606",2013-05-06,ICE - BofAML MOVE Index [MOVE],49.4900
"2,607",2013-05-07,ICE - BofAML MOVE Index [MOVE],49.4900
"2,608",2013-05-08,ICE - BofAML MOVE Index [MOVE],49.4900
"2,609",2013-05-09,ICE - BofAML MOVE Index [MOVE],48.8700
"2,610",2013-05-10,ICE - BofAML MOVE Index [MOVE],55.3200
"2,611",2013-05-13,ICE - BofAML MOVE Index [MOVE],56.5100
"2,612",2013-05-14,ICE - BofAML MOVE Index [MOVE],57.7400
"2,613",2013-05-17,ICE - BofAML MOVE Index [MOVE],61.3000
"2,614",2013-05-20,ICE - BofAML MOVE Index [MOVE],60.5000
"2,615",2013-05-21,ICE - BofAML MOVE Index [MOVE],59.8000
"2,616",2013-05-22,ICE - BofAML MOVE Index [MOVE],65.4000
"2,617",2013-05-23,ICE - BofAML MOVE Index [MOVE],68.2000
"2,618",2013-05-24,ICE - BofAML MOVE Index [MOVE],65.1000
"2,619",2013-05-28,ICE - BofAML MOVE Index [MOVE],75.5000
"2,620",2013-05-29,ICE - BofAML MOVE Index [MOVE],81.2000
"2,621",2013-05-30,ICE - BofAML MOVE Index [MOVE],77.4000
"2,622",2013-05-31,ICE - BofAML MOVE Index [MOVE],80.0000
"2,623",2013-06-03,ICE - BofAML MOVE Index [MOVE],79.2000
"2,624",2013-06-04,ICE - BofAML MOVE Index [MOVE],82.8000
"2,625",2013-06-05,ICE - BofAML MOVE Index [MOVE],83.6000
"2,626",2013-06-06,ICE - BofAML MOVE Index [MOVE],84.7000
"2,627",2013-06-07,ICE - BofAML MOVE Index [MOVE],81.5000
"2,628",2013-06-10,ICE - BofAML MOVE Index [MOVE],84.7000
"2,629",2013-06-11,ICE - BofAML MOVE Index [MOVE],82.3000
"2,630",2013-06-12,ICE - BofAML MOVE Index [MOVE],81.9000
"2,631",2013-06-13,ICE - BofAML MOVE Index [MOVE],82.4000
"2,632",2013-06-14,ICE - BofAML MOVE Index [MOVE],78.5000
"2,633",2013-06-17,ICE - BofAML MOVE Index [MOVE],78.5000
"2,634",2013-06-18,ICE - BofAML MOVE Index [MOVE],81.0000
"2,635",2013-06-19,ICE - BofAML MOVE Index [MOVE],86.9000
"2,636",2013-06-20,ICE - BofAML MOVE Index [MOVE],96.0000
"2,637",2013-06-21,ICE - BofAML MOVE Index [MOVE],103.7000
"2,638",2013-06-24,ICE - BofAML MOVE Index [MOVE],111.0000
"2,639",2013-06-25,ICE - BofAML MOVE Index [MOVE],108.4000
"2,640",2013-06-26,ICE - BofAML MOVE Index [MOVE],103.5000
"2,641",2013-06-27,ICE - BofAML MOVE Index [MOVE],97.1000
"2,642",2013-06-28,ICE - BofAML MOVE Index [MOVE],99.8000
"2,643",2013-07-01,ICE - BofAML MOVE Index [MOVE],101.3000
"2,644",2013-07-03,ICE - BofAML MOVE Index [MOVE],109.3000
"2,645",2013-07-05,ICE - BofAML MOVE Index [MOVE],117.9000
"2,646",2013-07-08,ICE - BofAML MOVE Index [MOVE],107.8000
"2,647",2013-07-09,ICE - BofAML MOVE Index [MOVE],99.5000
"2,648",2013-07-10,ICE - BofAML MOVE Index [MOVE],99.0000
"2,649",2013-07-11,ICE - BofAML MOVE Index [MOVE],93.5000
"2,650",2013-07-12,ICE - BofAML MOVE Index [MOVE],94.5000
"2,651",2013-07-15,ICE - BofAML MOVE Index [MOVE],89.4000
"2,652",2013-07-16,ICE - BofAML MOVE Index [MOVE],88.0000
"2,653",2013-07-17,ICE - BofAML MOVE Index [MOVE],81.9000
"2,654",2013-07-18,ICE - BofAML MOVE Index [MOVE],77.4000
"2,655",2013-07-19,ICE - BofAML MOVE Index [MOVE],75.9000
"2,656",2013-07-22,ICE - BofAML MOVE Index [MOVE],72.6000
"2,657",2013-07-23,ICE - BofAML MOVE Index [MOVE],74.1000
"2,658",2013-07-24,ICE - BofAML MOVE Index [MOVE],80.2000
"2,659",2013-07-25,ICE - BofAML MOVE Index [MOVE],82.6000
"2,660",2013-07-26,ICE - BofAML MOVE Index [MOVE],81.6000
"2,661",2013-07-29,ICE - BofAML MOVE Index [MOVE],83.2000
"2,662",2013-07-30,ICE - BofAML MOVE Index [MOVE],83.3000
"2,663",2013-07-31,ICE - BofAML MOVE Index [MOVE],82.6000
"2,664",2013-08-01,ICE - BofAML MOVE Index [MOVE],91.4000
"2,665",2013-08-02,ICE - BofAML MOVE Index [MOVE],73.2000
"2,666",2013-08-05,ICE - BofAML MOVE Index [MOVE],72.7000
"2,667",2013-08-06,ICE - BofAML MOVE Index [MOVE],78.2000
"2,668",2013-08-07,ICE - BofAML MOVE Index [MOVE],75.4000
"2,669",2013-08-08,ICE - BofAML MOVE Index [MOVE],75.4000
"2,670",2013-08-09,ICE - BofAML MOVE Index [MOVE],75.4000
"2,671",2013-08-12,ICE - BofAML MOVE Index [MOVE],74.1000
"2,672",2013-08-13,ICE - BofAML MOVE Index [MOVE],81.7000
"2,673",2013-08-14,ICE - BofAML MOVE Index [MOVE],80.9000
"2,674",2013-08-15,ICE - BofAML MOVE Index [MOVE],86.7000
"2,675",2013-08-16,ICE - BofAML MOVE Index [MOVE],94.7000
"2,676",2013-08-19,ICE - BofAML MOVE Index [MOVE],99.5000
"2,677",2013-08-20,ICE - BofAML MOVE Index [MOVE],95.7000
"2,678",2013-08-21,ICE - BofAML MOVE Index [MOVE],98.8000
"2,679",2013-08-22,ICE - BofAML MOVE Index [MOVE],58.3000
"2,680",2013-08-23,ICE - BofAML MOVE Index [MOVE],99.8000
"2,681",2013-08-26,ICE - BofAML MOVE Index [MOVE],95.8000
"2,682",2013-08-27,ICE - BofAML MOVE Index [MOVE],94.9000
"2,683",2013-08-29,ICE - BofAML MOVE Index [MOVE],98.8000
"2,684",2013-08-30,ICE - BofAML MOVE Index [MOVE],103.5000
"2,685",2013-09-03,ICE - BofAML MOVE Index [MOVE],105.8000
"2,686",2013-09-05,ICE - BofAML MOVE Index [MOVE],111.4000
"2,687",2013-09-06,ICE - BofAML MOVE Index [MOVE],105.5000
"2,688",2013-09-09,ICE - BofAML MOVE Index [MOVE],100.7000
"2,689",2013-09-10,ICE - BofAML MOVE Index [MOVE],101.8000
"2,690",2013-09-11,ICE - BofAML MOVE Index [MOVE],98.0000
"2,691",2013-09-12,ICE - BofAML MOVE Index [MOVE],96.4000
"2,692",2013-09-13,ICE - BofAML MOVE Index [MOVE],96.2000
"2,693",2013-09-16,ICE - BofAML MOVE Index [MOVE],94.5000
"2,694",2013-09-17,ICE - BofAML MOVE Index [MOVE],90.8000
"2,695",2013-09-18,ICE - BofAML MOVE Index [MOVE],82.7000
"2,696",2013-09-19,ICE - BofAML MOVE Index [MOVE],80.3000
"2,697",2013-09-20,ICE - BofAML MOVE Index [MOVE],77.7000
"2,698",2013-09-23,ICE - BofAML MOVE Index [MOVE],75.3000
"2,699",2013-09-24,ICE - BofAML MOVE Index [MOVE],74.8000
"2,700",2013-09-25,ICE - BofAML MOVE Index [MOVE],75.3000
"2,701",2013-09-26,ICE - BofAML MOVE Index [MOVE],77.6000
"2,702",2013-09-27,ICE - BofAML MOVE Index [MOVE],78.0000
"2,703",2013-09-30,ICE - BofAML MOVE Index [MOVE],80.2000
"2,704",2013-10-01,ICE - BofAML MOVE Index [MOVE],87.4000
"2,705",2013-10-02,ICE - BofAML MOVE Index [MOVE],82.2000
"2,706",2013-10-03,ICE - BofAML MOVE Index [MOVE],80.3000
"2,707",2013-10-04,ICE - BofAML MOVE Index [MOVE],82.5000
"2,708",2013-10-07,ICE - BofAML MOVE Index [MOVE],80.3000
"2,709",2013-10-08,ICE - BofAML MOVE Index [MOVE],81.1000
"2,710",2013-10-09,ICE - BofAML MOVE Index [MOVE],80.8000
"2,711",2013-10-10,ICE - BofAML MOVE Index [MOVE],80.1000
"2,712",2013-10-11,ICE - BofAML MOVE Index [MOVE],77.1000
"2,713",2013-10-15,ICE - BofAML MOVE Index [MOVE],75.8000
"2,714",2013-10-16,ICE - BofAML MOVE Index [MOVE],73.2000
"2,715",2013-10-17,ICE - BofAML MOVE Index [MOVE],70.1000
"2,716",2013-10-18,ICE - BofAML MOVE Index [MOVE],72.5000
"2,717",2013-10-21,ICE - BofAML MOVE Index [MOVE],71.5000
"2,718",2013-10-22,ICE - BofAML MOVE Index [MOVE],63.1000
"2,719",2013-10-23,ICE - BofAML MOVE Index [MOVE],62.0000
"2,720",2013-10-24,ICE - BofAML MOVE Index [MOVE],63.1000
"2,721",2013-10-25,ICE - BofAML MOVE Index [MOVE],61.1400
"2,722",2013-10-28,ICE - BofAML MOVE Index [MOVE],58.5000
"2,723",2013-10-29,ICE - BofAML MOVE Index [MOVE],58.8000
"2,724",2013-10-30,ICE - BofAML MOVE Index [MOVE],60.6000
"2,725",2013-10-31,ICE - BofAML MOVE Index [MOVE],61.7000
"2,726",2013-11-01,ICE - BofAML MOVE Index [MOVE],69.6000
"2,727",2013-11-04,ICE - BofAML MOVE Index [MOVE],64.2100
"2,728",2013-11-05,ICE - BofAML MOVE Index [MOVE],68.6000
"2,729",2013-11-06,ICE - BofAML MOVE Index [MOVE],67.1000
"2,730",2013-11-07,ICE - BofAML MOVE Index [MOVE],66.5000
"2,731",2013-11-08,ICE - BofAML MOVE Index [MOVE],69.9000
"2,732",2013-11-12,ICE - BofAML MOVE Index [MOVE],69.6000
"2,733",2013-11-13,ICE - BofAML MOVE Index [MOVE],65.8000
"2,734",2013-11-14,ICE - BofAML MOVE Index [MOVE],61.9000
"2,735",2013-11-15,ICE - BofAML MOVE Index [MOVE],62.2000
"2,736",2013-11-18,ICE - BofAML MOVE Index [MOVE],58.3000
"2,737",2013-11-19,ICE - BofAML MOVE Index [MOVE],62.3000
"2,738",2013-11-20,ICE - BofAML MOVE Index [MOVE],66.5000
"2,739",2013-11-21,ICE - BofAML MOVE Index [MOVE],68.4000
"2,740",2013-11-22,ICE - BofAML MOVE Index [MOVE],66.8000
"2,741",2013-11-25,ICE - BofAML MOVE Index [MOVE],65.1000
"2,742",2013-11-26,ICE - BofAML MOVE Index [MOVE],65.3000
"2,743",2013-11-27,ICE - BofAML MOVE Index [MOVE],67.8000
"2,744",2013-11-29,ICE - BofAML MOVE Index [MOVE],68.0000
"2,745",2013-12-02,ICE - BofAML MOVE Index [MOVE],73.1000
"2,746",2013-12-03,ICE - BofAML MOVE Index [MOVE],72.1000
"2,747",2013-12-04,ICE - BofAML MOVE Index [MOVE],75.8000
"2,748",2013-12-05,ICE - BofAML MOVE Index [MOVE],76.1000
"2,749",2013-12-06,ICE - BofAML MOVE Index [MOVE],69.2000
"2,750",2013-12-09,ICE - BofAML MOVE Index [MOVE],67.8000
"2,751",2013-12-10,ICE - BofAML MOVE Index [MOVE],70.5000
"2,752",2013-12-12,ICE - BofAML MOVE Index [MOVE],72.8000
"2,753",2013-12-13,ICE - BofAML MOVE Index [MOVE],72.6000
"2,754",2013-12-16,ICE - BofAML MOVE Index [MOVE],69.9000
"2,755",2013-12-17,ICE - BofAML MOVE Index [MOVE],68.5000
"2,756",2013-12-18,ICE - BofAML MOVE Index [MOVE],65.0000
"2,757",2013-12-19,ICE - BofAML MOVE Index [MOVE],67.7000
"2,758",2013-12-20,ICE - BofAML MOVE Index [MOVE],67.3000
"2,759",2013-12-23,ICE - BofAML MOVE Index [MOVE],66.2000
"2,760",2013-12-24,ICE - BofAML MOVE Index [MOVE],67.8000
"2,761",2013-12-26,ICE - BofAML MOVE Index [MOVE],66.8000
"2,762",2013-12-27,ICE - BofAML MOVE Index [MOVE],65.8000
"2,763",2013-12-30,ICE - BofAML MOVE Index [MOVE],69.1000
"2,764",2013-12-31,ICE - BofAML MOVE Index [MOVE],73.5000
"2,765",2014-01-02,ICE - BofAML MOVE Index [MOVE],73.4000
"2,766",2014-01-03,ICE - BofAML MOVE Index [MOVE],72.7000
"2,767",2014-01-06,ICE - BofAML MOVE Index [MOVE],69.9000
"2,768",2014-01-07,ICE - BofAML MOVE Index [MOVE],73.8000
"2,769",2014-01-08,ICE - BofAML MOVE Index [MOVE],75.3000
"2,770",2014-01-09,ICE - BofAML MOVE Index [MOVE],73.7000
"2,771",2014-01-10,ICE - BofAML MOVE Index [MOVE],61.2000
"2,772",2014-01-13,ICE - BofAML MOVE Index [MOVE],58.9000
"2,773",2014-01-14,ICE - BofAML MOVE Index [MOVE],61.6000
"2,774",2014-01-15,ICE - BofAML MOVE Index [MOVE],60.8000
"2,775",2014-01-16,ICE - BofAML MOVE Index [MOVE],60.8000
"2,776",2014-01-17,ICE - BofAML MOVE Index [MOVE],60.3000
"2,777",2014-01-21,ICE - BofAML MOVE Index [MOVE],59.5000
"2,778",2014-01-22,ICE - BofAML MOVE Index [MOVE],60.5000
"2,779",2014-01-23,ICE - BofAML MOVE Index [MOVE],62.2000
"2,780",2014-01-24,ICE - BofAML MOVE Index [MOVE],63.5000
"2,781",2014-01-27,ICE - BofAML MOVE Index [MOVE],64.2000
"2,782",2014-01-28,ICE - BofAML MOVE Index [MOVE],64.5000
"2,783",2014-01-29,ICE - BofAML MOVE Index [MOVE],64.5000
"2,784",2014-01-31,ICE - BofAML MOVE Index [MOVE],64.7000
"2,785",2014-02-04,ICE - BofAML MOVE Index [MOVE],66.8000
"2,786",2014-02-06,ICE - BofAML MOVE Index [MOVE],67.2000
"2,787",2014-02-07,ICE - BofAML MOVE Index [MOVE],64.7000
"2,788",2014-02-10,ICE - BofAML MOVE Index [MOVE],62.3000
"2,789",2014-02-11,ICE - BofAML MOVE Index [MOVE],61.5000
"2,790",2014-02-12,ICE - BofAML MOVE Index [MOVE],61.0000
"2,791",2014-02-13,ICE - BofAML MOVE Index [MOVE],58.1000
"2,792",2014-02-14,ICE - BofAML MOVE Index [MOVE],57.3000
"2,793",2014-02-18,ICE - BofAML MOVE Index [MOVE],56.0000
"2,794",2014-02-19,ICE - BofAML MOVE Index [MOVE],57.3000
"2,795",2014-02-20,ICE - BofAML MOVE Index [MOVE],58.7000
"2,796",2014-02-21,ICE - BofAML MOVE Index [MOVE],58.4000
"2,797",2014-02-24,ICE - BofAML MOVE Index [MOVE],57.4000
"2,798",2014-02-25,ICE - BofAML MOVE Index [MOVE],56.8000
"2,799",2014-02-26,ICE - BofAML MOVE Index [MOVE],57.8000
"2,800",2014-02-27,ICE - BofAML MOVE Index [MOVE],58.1000
"2,801",2014-02-28,ICE - BofAML MOVE Index [MOVE],57.7000
"2,802",2014-03-03,ICE - BofAML MOVE Index [MOVE],57.8000
"2,803",2014-03-04,ICE - BofAML MOVE Index [MOVE],63.2000
"2,804",2014-03-05,ICE - BofAML MOVE Index [MOVE],60.8000
"2,805",2014-03-06,ICE - BofAML MOVE Index [MOVE],61.0000
"2,806",2014-03-07,ICE - BofAML MOVE Index [MOVE],58.2000
"2,807",2014-03-10,ICE - BofAML MOVE Index [MOVE],55.7000
"2,808",2014-03-11,ICE - BofAML MOVE Index [MOVE],55.5100
"2,809",2014-03-12,ICE - BofAML MOVE Index [MOVE],55.1000
"2,810",2014-03-13,ICE - BofAML MOVE Index [MOVE],57.4800
"2,811",2014-03-14,ICE - BofAML MOVE Index [MOVE],62.8400
"2,812",2014-03-17,ICE - BofAML MOVE Index [MOVE],61.8000
"2,813",2014-03-18,ICE - BofAML MOVE Index [MOVE],59.2100
"2,814",2014-03-19,ICE - BofAML MOVE Index [MOVE],65.6000
"2,815",2014-03-20,ICE - BofAML MOVE Index [MOVE],60.8000
"2,816",2014-03-21,ICE - BofAML MOVE Index [MOVE],60.8000
"2,817",2014-03-24,ICE - BofAML MOVE Index [MOVE],58.7000
"2,818",2014-03-25,ICE - BofAML MOVE Index [MOVE],58.3400
"2,819",2014-03-26,ICE - BofAML MOVE Index [MOVE],57.8000
"2,820",2014-03-27,ICE - BofAML MOVE Index [MOVE],59.4000
"2,821",2014-03-28,ICE - BofAML MOVE Index [MOVE],61.9000
"2,822",2014-03-31,ICE - BofAML MOVE Index [MOVE],61.8000
"2,823",2014-04-01,ICE - BofAML MOVE Index [MOVE],61.5000
"2,824",2014-04-02,ICE - BofAML MOVE Index [MOVE],66.3000
"2,825",2014-04-03,ICE - BofAML MOVE Index [MOVE],65.2000
"2,826",2014-04-04,ICE - BofAML MOVE Index [MOVE],58.8000
"2,827",2014-04-07,ICE - BofAML MOVE Index [MOVE],58.8000
"2,828",2014-04-08,ICE - BofAML MOVE Index [MOVE],55.9000
"2,829",2014-04-09,ICE - BofAML MOVE Index [MOVE],54.7000
"2,830",2014-04-10,ICE - BofAML MOVE Index [MOVE],55.4000
"2,831",2014-04-11,ICE - BofAML MOVE Index [MOVE],58.6000
"2,832",2014-04-14,ICE - BofAML MOVE Index [MOVE],59.2000
"2,833",2014-04-15,ICE - BofAML MOVE Index [MOVE],59.2000
"2,834",2014-04-16,ICE - BofAML MOVE Index [MOVE],58.0000
"2,835",2014-04-17,ICE - BofAML MOVE Index [MOVE],59.5000
"2,836",2014-04-21,ICE - BofAML MOVE Index [MOVE],56.8000
"2,837",2014-04-22,ICE - BofAML MOVE Index [MOVE],57.1000
"2,838",2014-04-23,ICE - BofAML MOVE Index [MOVE],56.6000
"2,839",2014-04-24,ICE - BofAML MOVE Index [MOVE],57.8000
"2,840",2014-04-28,ICE - BofAML MOVE Index [MOVE],59.1000
"2,841",2014-04-29,ICE - BofAML MOVE Index [MOVE],59.9000
"2,842",2014-04-30,ICE - BofAML MOVE Index [MOVE],58.9000
"2,843",2014-05-01,ICE - BofAML MOVE Index [MOVE],58.8400
"2,844",2014-05-02,ICE - BofAML MOVE Index [MOVE],55.3000
"2,845",2014-05-05,ICE - BofAML MOVE Index [MOVE],55.3000
"2,846",2014-05-06,ICE - BofAML MOVE Index [MOVE],58.7000
"2,847",2014-05-07,ICE - BofAML MOVE Index [MOVE],57.3000
"2,848",2014-05-09,ICE - BofAML MOVE Index [MOVE],56.1000
"2,849",2014-05-12,ICE - BofAML MOVE Index [MOVE],56.2000
"2,850",2014-05-13,ICE - BofAML MOVE Index [MOVE],56.1000
"2,851",2014-05-15,ICE - BofAML MOVE Index [MOVE],55.7000
"2,852",2014-05-16,ICE - BofAML MOVE Index [MOVE],58.7000
"2,853",2014-05-19,ICE - BofAML MOVE Index [MOVE],58.2000
"2,854",2014-05-20,ICE - BofAML MOVE Index [MOVE],60.0000
"2,855",2014-05-21,ICE - BofAML MOVE Index [MOVE],59.1000
"2,856",2014-05-22,ICE - BofAML MOVE Index [MOVE],58.2000
"2,857",2014-05-23,ICE - BofAML MOVE Index [MOVE],58.2000
"2,858",2014-05-27,ICE - BofAML MOVE Index [MOVE],56.8000
"2,859",2014-05-28,ICE - BofAML MOVE Index [MOVE],55.2000
"2,860",2014-05-29,ICE - BofAML MOVE Index [MOVE],56.4000
"2,861",2014-05-30,ICE - BofAML MOVE Index [MOVE],58.3000
"2,862",2014-06-02,ICE - BofAML MOVE Index [MOVE],59.7000
"2,863",2014-06-03,ICE - BofAML MOVE Index [MOVE],60.9000
"2,864",2014-06-04,ICE - BofAML MOVE Index [MOVE],64.9000
"2,865",2014-06-05,ICE - BofAML MOVE Index [MOVE],65.1000
"2,866",2014-06-06,ICE - BofAML MOVE Index [MOVE],59.3000
"2,867",2014-06-09,ICE - BofAML MOVE Index [MOVE],57.3000
"2,868",2014-06-10,ICE - BofAML MOVE Index [MOVE],56.9000
"2,869",2014-06-11,ICE - BofAML MOVE Index [MOVE],55.4000
"2,870",2014-06-13,ICE - BofAML MOVE Index [MOVE],58.4000
"2,871",2014-06-17,ICE - BofAML MOVE Index [MOVE],58.4000
"2,872",2014-06-18,ICE - BofAML MOVE Index [MOVE],59.4000
"2,873",2014-06-19,ICE - BofAML MOVE Index [MOVE],55.5000
"2,874",2014-06-20,ICE - BofAML MOVE Index [MOVE],54.9000
"2,875",2014-06-23,ICE - BofAML MOVE Index [MOVE],54.6000
"2,876",2014-06-24,ICE - BofAML MOVE Index [MOVE],53.9000
"2,877",2014-06-25,ICE - BofAML MOVE Index [MOVE],54.1000
"2,878",2014-06-26,ICE - BofAML MOVE Index [MOVE],53.2500
"2,879",2014-06-27,ICE - BofAML MOVE Index [MOVE],53.3000
"2,880",2014-06-30,ICE - BofAML MOVE Index [MOVE],52.7000
"2,881",2014-07-01,ICE - BofAML MOVE Index [MOVE],53.2500
"2,882",2014-07-02,ICE - BofAML MOVE Index [MOVE],59.6000
"2,883",2014-07-03,ICE - BofAML MOVE Index [MOVE],56.9000
"2,884",2014-07-07,ICE - BofAML MOVE Index [MOVE],55.0500
"2,885",2014-07-08,ICE - BofAML MOVE Index [MOVE],54.9700
"2,886",2014-07-09,ICE - BofAML MOVE Index [MOVE],55.1700
"2,887",2014-07-10,ICE - BofAML MOVE Index [MOVE],55.6000
"2,888",2014-07-11,ICE - BofAML MOVE Index [MOVE],54.8000
"2,889",2014-07-14,ICE - BofAML MOVE Index [MOVE],54.4000
"2,890",2014-07-15,ICE - BofAML MOVE Index [MOVE],54.0000
"2,891",2014-07-16,ICE - BofAML MOVE Index [MOVE],52.9000
"2,892",2014-07-17,ICE - BofAML MOVE Index [MOVE],54.5000
"2,893",2014-07-18,ICE - BofAML MOVE Index [MOVE],54.4000
"2,894",2014-07-21,ICE - BofAML MOVE Index [MOVE],53.8500
"2,895",2014-07-22,ICE - BofAML MOVE Index [MOVE],53.8000
"2,896",2014-07-23,ICE - BofAML MOVE Index [MOVE],53.4000
"2,897",2014-07-24,ICE - BofAML MOVE Index [MOVE],54.2600
"2,898",2014-07-25,ICE - BofAML MOVE Index [MOVE],54.4300
"2,899",2014-07-28,ICE - BofAML MOVE Index [MOVE],54.0800
"2,900",2014-07-29,ICE - BofAML MOVE Index [MOVE],53.8000
"2,901",2014-07-30,ICE - BofAML MOVE Index [MOVE],55.8900
"2,902",2014-07-31,ICE - BofAML MOVE Index [MOVE],56.4600
"2,903",2014-08-01,ICE - BofAML MOVE Index [MOVE],52.2600
"2,904",2014-08-04,ICE - BofAML MOVE Index [MOVE],52.3000
"2,905",2014-08-05,ICE - BofAML MOVE Index [MOVE],56.7000
"2,906",2014-08-06,ICE - BofAML MOVE Index [MOVE],56.9200
"2,907",2014-08-07,ICE - BofAML MOVE Index [MOVE],59.5000
"2,908",2014-08-08,ICE - BofAML MOVE Index [MOVE],62.4700
"2,909",2014-08-11,ICE - BofAML MOVE Index [MOVE],60.3000
"2,910",2014-08-12,ICE - BofAML MOVE Index [MOVE],59.3700
"2,911",2014-08-13,ICE - BofAML MOVE Index [MOVE],58.8000
"2,912",2014-08-14,ICE - BofAML MOVE Index [MOVE],58.5000
"2,913",2014-08-15,ICE - BofAML MOVE Index [MOVE],60.4000
"2,914",2014-08-18,ICE - BofAML MOVE Index [MOVE],61.6900
"2,915",2014-08-19,ICE - BofAML MOVE Index [MOVE],62.0000
"2,916",2014-08-20,ICE - BofAML MOVE Index [MOVE],62.8000
"2,917",2014-08-21,ICE - BofAML MOVE Index [MOVE],60.2000
"2,918",2014-08-22,ICE - BofAML MOVE Index [MOVE],59.8400
"2,919",2014-08-25,ICE - BofAML MOVE Index [MOVE],57.2000
"2,920",2014-08-26,ICE - BofAML MOVE Index [MOVE],56.4500
"2,921",2014-08-27,ICE - BofAML MOVE Index [MOVE],56.9000
"2,922",2014-08-28,ICE - BofAML MOVE Index [MOVE],59.8000
"2,923",2014-08-29,ICE - BofAML MOVE Index [MOVE],60.4900
"2,924",2014-09-02,ICE - BofAML MOVE Index [MOVE],61.3500
"2,925",2014-09-03,ICE - BofAML MOVE Index [MOVE],64.9000
"2,926",2014-09-04,ICE - BofAML MOVE Index [MOVE],64.9000
"2,927",2014-09-05,ICE - BofAML MOVE Index [MOVE],60.3000
"2,928",2014-09-08,ICE - BofAML MOVE Index [MOVE],60.0000
"2,929",2014-09-09,ICE - BofAML MOVE Index [MOVE],61.5000
"2,930",2014-09-10,ICE - BofAML MOVE Index [MOVE],63.2000
"2,931",2014-09-11,ICE - BofAML MOVE Index [MOVE],62.8000
"2,932",2014-09-12,ICE - BofAML MOVE Index [MOVE],65.6000
"2,933",2014-09-15,ICE - BofAML MOVE Index [MOVE],66.1000
"2,934",2014-09-16,ICE - BofAML MOVE Index [MOVE],67.1000
"2,935",2014-09-17,ICE - BofAML MOVE Index [MOVE],62.3000
"2,936",2014-09-18,ICE - BofAML MOVE Index [MOVE],62.0000
"2,937",2014-09-19,ICE - BofAML MOVE Index [MOVE],59.8000
"2,938",2014-09-22,ICE - BofAML MOVE Index [MOVE],58.0000
"2,939",2014-09-23,ICE - BofAML MOVE Index [MOVE],57.4000
"2,940",2014-09-24,ICE - BofAML MOVE Index [MOVE],58.3000
"2,941",2014-09-25,ICE - BofAML MOVE Index [MOVE],59.1000
"2,942",2014-09-26,ICE - BofAML MOVE Index [MOVE],64.5000
"2,943",2014-09-29,ICE - BofAML MOVE Index [MOVE],62.3000
"2,944",2014-09-30,ICE - BofAML MOVE Index [MOVE],64.2000
"2,945",2014-10-01,ICE - BofAML MOVE Index [MOVE],64.3000
"2,946",2014-10-02,ICE - BofAML MOVE Index [MOVE],66.2000
"2,947",2014-10-03,ICE - BofAML MOVE Index [MOVE],62.5000
"2,948",2014-10-06,ICE - BofAML MOVE Index [MOVE],60.4000
"2,949",2014-10-07,ICE - BofAML MOVE Index [MOVE],65.3000
"2,950",2014-10-08,ICE - BofAML MOVE Index [MOVE],65.0000
"2,951",2014-10-09,ICE - BofAML MOVE Index [MOVE],66.5000
"2,952",2014-10-10,ICE - BofAML MOVE Index [MOVE],68.7000
"2,953",2014-10-14,ICE - BofAML MOVE Index [MOVE],74.6000
"2,954",2014-10-15,ICE - BofAML MOVE Index [MOVE],101.3000
"2,955",2014-10-16,ICE - BofAML MOVE Index [MOVE],90.1000
"2,956",2014-10-17,ICE - BofAML MOVE Index [MOVE],82.9000
"2,957",2014-10-20,ICE - BofAML MOVE Index [MOVE],79.2000
"2,958",2014-10-21,ICE - BofAML MOVE Index [MOVE],78.9000
"2,959",2014-10-22,ICE - BofAML MOVE Index [MOVE],77.2000
"2,960",2014-10-23,ICE - BofAML MOVE Index [MOVE],80.4000
"2,961",2014-10-24,ICE - BofAML MOVE Index [MOVE],81.6100
"2,962",2014-10-27,ICE - BofAML MOVE Index [MOVE],77.6000
"2,963",2014-10-28,ICE - BofAML MOVE Index [MOVE],74.7000
"2,964",2014-10-29,ICE - BofAML MOVE Index [MOVE],73.0000
"2,965",2014-10-30,ICE - BofAML MOVE Index [MOVE],69.5600
"2,966",2014-10-31,ICE - BofAML MOVE Index [MOVE],68.7000
"2,967",2014-11-03,ICE - BofAML MOVE Index [MOVE],67.4500
"2,968",2014-11-04,ICE - BofAML MOVE Index [MOVE],68.6000
"2,969",2014-11-05,ICE - BofAML MOVE Index [MOVE],72.9000
"2,970",2014-11-06,ICE - BofAML MOVE Index [MOVE],69.1000
"2,971",2014-11-07,ICE - BofAML MOVE Index [MOVE],66.6000
"2,972",2014-11-10,ICE - BofAML MOVE Index [MOVE],66.5500
"2,973",2014-11-12,ICE - BofAML MOVE Index [MOVE],66.8000
"2,974",2014-11-13,ICE - BofAML MOVE Index [MOVE],67.0000
"2,975",2014-11-14,ICE - BofAML MOVE Index [MOVE],67.0000
"2,976",2014-11-17,ICE - BofAML MOVE Index [MOVE],66.9000
"2,977",2014-11-18,ICE - BofAML MOVE Index [MOVE],69.2000
"2,978",2014-11-19,ICE - BofAML MOVE Index [MOVE],70.0000
"2,979",2014-11-20,ICE - BofAML MOVE Index [MOVE],69.2000
"2,980",2014-11-21,ICE - BofAML MOVE Index [MOVE],67.0000
"2,981",2014-11-24,ICE - BofAML MOVE Index [MOVE],64.4000
"2,982",2014-11-25,ICE - BofAML MOVE Index [MOVE],64.6000
"2,983",2014-11-26,ICE - BofAML MOVE Index [MOVE],64.7000
"2,984",2014-11-28,ICE - BofAML MOVE Index [MOVE],66.6000
"2,985",2014-12-01,ICE - BofAML MOVE Index [MOVE],67.3000
"2,986",2014-12-03,ICE - BofAML MOVE Index [MOVE],65.8000
"2,987",2014-12-04,ICE - BofAML MOVE Index [MOVE],64.6000
"2,988",2014-12-05,ICE - BofAML MOVE Index [MOVE],64.8000
"2,989",2014-12-08,ICE - BofAML MOVE Index [MOVE],62.8000
"2,990",2014-12-09,ICE - BofAML MOVE Index [MOVE],66.5700
"2,991",2014-12-10,ICE - BofAML MOVE Index [MOVE],68.2000
"2,992",2014-12-15,ICE - BofAML MOVE Index [MOVE],77.6000
"2,993",2014-12-16,ICE - BofAML MOVE Index [MOVE],80.7000
"2,994",2014-12-17,ICE - BofAML MOVE Index [MOVE],72.4200
"2,995",2014-12-18,ICE - BofAML MOVE Index [MOVE],71.1700
"2,996",2014-12-19,ICE - BofAML MOVE Index [MOVE],70.7000
"2,997",2014-12-22,ICE - BofAML MOVE Index [MOVE],70.0800
"2,998",2014-12-23,ICE - BofAML MOVE Index [MOVE],68.8000
"2,999",2014-12-24,ICE - BofAML MOVE Index [MOVE],68.9000
"3,000",2014-12-26,ICE - BofAML MOVE Index [MOVE],55.4000
"3,001",2014-12-29,ICE - BofAML MOVE Index [MOVE],69.2000
"3,002",2014-12-30,ICE - BofAML MOVE Index [MOVE],69.0000
"3,003",2014-12-31,ICE - BofAML MOVE Index [MOVE],68.9000
"3,004",2015-01-02,ICE - BofAML MOVE Index [MOVE],70.0000
"3,005",2015-01-05,ICE - BofAML MOVE Index [MOVE],71.5000
"3,006",2015-01-06,ICE - BofAML MOVE Index [MOVE],84.9000
"3,007",2015-01-07,ICE - BofAML MOVE Index [MOVE],85.2000
"3,008",2015-01-08,ICE - BofAML MOVE Index [MOVE],85.2000
"3,009",2015-01-09,ICE - BofAML MOVE Index [MOVE],80.6000
"3,010",2015-01-12,ICE - BofAML MOVE Index [MOVE],81.9000
"3,011",2015-01-13,ICE - BofAML MOVE Index [MOVE],83.0000
"3,012",2015-01-14,ICE - BofAML MOVE Index [MOVE],85.3000
"3,013",2015-01-15,ICE - BofAML MOVE Index [MOVE],85.3000
"3,014",2015-01-16,ICE - BofAML MOVE Index [MOVE],92.6000
"3,015",2015-01-20,ICE - BofAML MOVE Index [MOVE],90.6000
"3,016",2015-01-21,ICE - BofAML MOVE Index [MOVE],88.3000
"3,017",2015-01-22,ICE - BofAML MOVE Index [MOVE],85.1000
"3,018",2015-01-23,ICE - BofAML MOVE Index [MOVE],89.9000
"3,019",2015-01-26,ICE - BofAML MOVE Index [MOVE],85.3000
"3,020",2015-01-27,ICE - BofAML MOVE Index [MOVE],86.2000
"3,021",2015-01-28,ICE - BofAML MOVE Index [MOVE],86.4000
"3,022",2015-01-29,ICE - BofAML MOVE Index [MOVE],86.6000
"3,023",2015-02-02,ICE - BofAML MOVE Index [MOVE],88.1000
"3,024",2015-02-03,ICE - BofAML MOVE Index [MOVE],92.7000
"3,025",2015-02-04,ICE - BofAML MOVE Index [MOVE],92.3000
"3,026",2015-02-05,ICE - BofAML MOVE Index [MOVE],93.0000
"3,027",2015-02-06,ICE - BofAML MOVE Index [MOVE],93.7000
"3,028",2015-02-09,ICE - BofAML MOVE Index [MOVE],95.1000
"3,029",2015-02-10,ICE - BofAML MOVE Index [MOVE],95.3500
"3,030",2015-02-11,ICE - BofAML MOVE Index [MOVE],94.2000
"3,031",2015-02-12,ICE - BofAML MOVE Index [MOVE],91.6000
"3,032",2015-02-13,ICE - BofAML MOVE Index [MOVE],91.4000
"3,033",2015-02-17,ICE - BofAML MOVE Index [MOVE],91.8000
"3,034",2015-02-18,ICE - BofAML MOVE Index [MOVE],91.4000
"3,035",2015-02-19,ICE - BofAML MOVE Index [MOVE],98.5000
"3,036",2015-02-20,ICE - BofAML MOVE Index [MOVE],98.3000
"3,037",2015-02-23,ICE - BofAML MOVE Index [MOVE],97.7000
"3,038",2015-02-24,ICE - BofAML MOVE Index [MOVE],94.1000
"3,039",2015-02-25,ICE - BofAML MOVE Index [MOVE],91.5000
"3,040",2015-02-26,ICE - BofAML MOVE Index [MOVE],90.5000
"3,041",2015-02-27,ICE - BofAML MOVE Index [MOVE],91.4000
"3,042",2015-03-02,ICE - BofAML MOVE Index [MOVE],90.2000
"3,043",2015-03-03,ICE - BofAML MOVE Index [MOVE],91.8000
"3,044",2015-03-04,ICE - BofAML MOVE Index [MOVE],90.7000
"3,045",2015-03-05,ICE - BofAML MOVE Index [MOVE],89.3000
"3,046",2015-03-06,ICE - BofAML MOVE Index [MOVE],86.6000
"3,047",2015-03-09,ICE - BofAML MOVE Index [MOVE],84.0000
"3,048",2015-03-10,ICE - BofAML MOVE Index [MOVE],84.4000
"3,049",2015-03-11,ICE - BofAML MOVE Index [MOVE],85.0000
"3,050",2015-03-12,ICE - BofAML MOVE Index [MOVE],85.6000
"3,051",2015-03-13,ICE - BofAML MOVE Index [MOVE],86.1000
"3,052",2015-03-16,ICE - BofAML MOVE Index [MOVE],84.8000
"3,053",2015-03-17,ICE - BofAML MOVE Index [MOVE],86.3000
"3,054",2015-03-18,ICE - BofAML MOVE Index [MOVE],85.7000
"3,055",2015-03-19,ICE - BofAML MOVE Index [MOVE],87.8000
"3,056",2015-03-20,ICE - BofAML MOVE Index [MOVE],86.5000
"3,057",2015-03-23,ICE - BofAML MOVE Index [MOVE],84.9000
"3,058",2015-03-24,ICE - BofAML MOVE Index [MOVE],83.7000
"3,059",2015-03-25,ICE - BofAML MOVE Index [MOVE],84.2000
"3,060",2015-03-26,ICE - BofAML MOVE Index [MOVE],86.2000
"3,061",2015-03-27,ICE - BofAML MOVE Index [MOVE],86.2000
"3,062",2015-03-30,ICE - BofAML MOVE Index [MOVE],86.4000
"3,063",2015-03-31,ICE - BofAML MOVE Index [MOVE],86.1000
"3,064",2015-04-01,ICE - BofAML MOVE Index [MOVE],85.6000
"3,065",2015-04-02,ICE - BofAML MOVE Index [MOVE],84.3000
"3,066",2015-04-03,ICE - BofAML MOVE Index [MOVE],79.3000
"3,067",2015-04-06,ICE - BofAML MOVE Index [MOVE],79.0000
"3,068",2015-04-07,ICE - BofAML MOVE Index [MOVE],77.8000
"3,069",2015-04-08,ICE - BofAML MOVE Index [MOVE],80.0000
"3,070",2015-04-09,ICE - BofAML MOVE Index [MOVE],78.8000
"3,071",2015-04-10,ICE - BofAML MOVE Index [MOVE],77.8000
"3,072",2015-04-13,ICE - BofAML MOVE Index [MOVE],75.8000
"3,073",2015-04-14,ICE - BofAML MOVE Index [MOVE],74.8000
"3,074",2015-04-15,ICE - BofAML MOVE Index [MOVE],73.0000
"3,075",2015-04-16,ICE - BofAML MOVE Index [MOVE],72.4000
"3,076",2015-04-17,ICE - BofAML MOVE Index [MOVE],74.4000
"3,077",2015-04-20,ICE - BofAML MOVE Index [MOVE],73.5000
"3,078",2015-04-21,ICE - BofAML MOVE Index [MOVE],72.9000
"3,079",2015-04-22,ICE - BofAML MOVE Index [MOVE],72.9000
"3,080",2015-04-23,ICE - BofAML MOVE Index [MOVE],73.2000
"3,081",2015-04-24,ICE - BofAML MOVE Index [MOVE],71.6000
"3,082",2015-04-27,ICE - BofAML MOVE Index [MOVE],71.0000
"3,083",2015-04-28,ICE - BofAML MOVE Index [MOVE],72.9000
"3,084",2015-04-29,ICE - BofAML MOVE Index [MOVE],73.9000
"3,085",2015-04-30,ICE - BofAML MOVE Index [MOVE],75.3000
"3,086",2015-05-01,ICE - BofAML MOVE Index [MOVE],78.9000
"3,087",2015-05-04,ICE - BofAML MOVE Index [MOVE],81.1000
"3,088",2015-05-05,ICE - BofAML MOVE Index [MOVE],87.7000
"3,089",2015-05-06,ICE - BofAML MOVE Index [MOVE],91.0000
"3,090",2015-05-07,ICE - BofAML MOVE Index [MOVE],89.6000
"3,091",2015-05-08,ICE - BofAML MOVE Index [MOVE],80.9000
"3,092",2015-05-11,ICE - BofAML MOVE Index [MOVE],84.1000
"3,093",2015-05-12,ICE - BofAML MOVE Index [MOVE],87.4000
"3,094",2015-05-13,ICE - BofAML MOVE Index [MOVE],85.6000
"3,095",2015-05-14,ICE - BofAML MOVE Index [MOVE],83.2000
"3,096",2015-05-15,ICE - BofAML MOVE Index [MOVE],83.2000
"3,097",2015-05-18,ICE - BofAML MOVE Index [MOVE],88.2000
"3,098",2015-05-19,ICE - BofAML MOVE Index [MOVE],87.6700
"3,099",2015-05-20,ICE - BofAML MOVE Index [MOVE],87.6500
"3,100",2015-05-21,ICE - BofAML MOVE Index [MOVE],86.1000
"3,101",2015-05-22,ICE - BofAML MOVE Index [MOVE],87.6700
"3,102",2015-05-26,ICE - BofAML MOVE Index [MOVE],85.3600
"3,103",2015-05-27,ICE - BofAML MOVE Index [MOVE],84.0000
"3,104",2015-05-28,ICE - BofAML MOVE Index [MOVE],82.7000
"3,105",2015-05-29,ICE - BofAML MOVE Index [MOVE],82.7000
"3,106",2015-06-01,ICE - BofAML MOVE Index [MOVE],83.5500
"3,107",2015-06-02,ICE - BofAML MOVE Index [MOVE],87.5000
"3,108",2015-06-03,ICE - BofAML MOVE Index [MOVE],91.8100
"3,109",2015-06-04,ICE - BofAML MOVE Index [MOVE],92.2100
"3,110",2015-06-05,ICE - BofAML MOVE Index [MOVE],88.9000
"3,111",2015-06-08,ICE - BofAML MOVE Index [MOVE],87.6000
"3,112",2015-06-09,ICE - BofAML MOVE Index [MOVE],87.2000
"3,113",2015-06-10,ICE - BofAML MOVE Index [MOVE],89.8000
"3,114",2015-06-11,ICE - BofAML MOVE Index [MOVE],87.8000
"3,115",2015-06-12,ICE - BofAML MOVE Index [MOVE],87.7000
"3,116",2015-06-15,ICE - BofAML MOVE Index [MOVE],86.0000
"3,117",2015-06-16,ICE - BofAML MOVE Index [MOVE],85.7000
"3,118",2015-06-17,ICE - BofAML MOVE Index [MOVE],82.4000
"3,119",2015-06-18,ICE - BofAML MOVE Index [MOVE],82.6000
"3,120",2015-06-19,ICE - BofAML MOVE Index [MOVE],84.7000
"3,121",2015-06-22,ICE - BofAML MOVE Index [MOVE],84.4000
"3,122",2015-06-23,ICE - BofAML MOVE Index [MOVE],84.2000
"3,123",2015-06-24,ICE - BofAML MOVE Index [MOVE],82.7000
"3,124",2015-06-25,ICE - BofAML MOVE Index [MOVE],83.3200
"3,125",2015-06-26,ICE - BofAML MOVE Index [MOVE],84.3000
"3,126",2015-06-29,ICE - BofAML MOVE Index [MOVE],89.8000
"3,127",2015-06-30,ICE - BofAML MOVE Index [MOVE],92.3000
"3,128",2015-07-01,ICE - BofAML MOVE Index [MOVE],90.3000
"3,129",2015-07-02,ICE - BofAML MOVE Index [MOVE],88.0000
"3,130",2015-07-06,ICE - BofAML MOVE Index [MOVE],86.1800
"3,131",2015-07-07,ICE - BofAML MOVE Index [MOVE],90.5000
"3,132",2015-07-08,ICE - BofAML MOVE Index [MOVE],89.4000
"3,133",2015-07-09,ICE - BofAML MOVE Index [MOVE],89.3000
"3,134",2015-07-10,ICE - BofAML MOVE Index [MOVE],90.2000
"3,135",2015-07-13,ICE - BofAML MOVE Index [MOVE],84.7000
"3,136",2015-07-14,ICE - BofAML MOVE Index [MOVE],80.8000
"3,137",2015-07-15,ICE - BofAML MOVE Index [MOVE],79.1000
"3,138",2015-07-16,ICE - BofAML MOVE Index [MOVE],76.0000
"3,139",2015-07-17,ICE - BofAML MOVE Index [MOVE],74.2100
"3,140",2015-07-20,ICE - BofAML MOVE Index [MOVE],72.8000
"3,141",2015-07-21,ICE - BofAML MOVE Index [MOVE],72.4000
"3,142",2015-07-22,ICE - BofAML MOVE Index [MOVE],72.1000
"3,143",2015-07-23,ICE - BofAML MOVE Index [MOVE],72.6000
"3,144",2015-07-24,ICE - BofAML MOVE Index [MOVE],73.0000
"3,145",2015-07-27,ICE - BofAML MOVE Index [MOVE],72.2000
"3,146",2015-07-28,ICE - BofAML MOVE Index [MOVE],71.9000
"3,147",2015-07-29,ICE - BofAML MOVE Index [MOVE],69.7100
"3,148",2015-07-30,ICE - BofAML MOVE Index [MOVE],71.2000
"3,149",2015-07-31,ICE - BofAML MOVE Index [MOVE],75.8000
"3,150",2015-08-03,ICE - BofAML MOVE Index [MOVE],74.7000
"3,151",2015-08-04,ICE - BofAML MOVE Index [MOVE],80.4700
"3,152",2015-08-05,ICE - BofAML MOVE Index [MOVE],80.7000
"3,153",2015-08-06,ICE - BofAML MOVE Index [MOVE],80.3000
"3,154",2015-08-07,ICE - BofAML MOVE Index [MOVE],76.2000
"3,155",2015-08-10,ICE - BofAML MOVE Index [MOVE],75.3000
"3,156",2015-08-11,ICE - BofAML MOVE Index [MOVE],78.1000
"3,157",2015-08-12,ICE - BofAML MOVE Index [MOVE],81.5000
"3,158",2015-08-13,ICE - BofAML MOVE Index [MOVE],80.0000
"3,159",2015-08-14,ICE - BofAML MOVE Index [MOVE],77.1000
"3,160",2015-08-17,ICE - BofAML MOVE Index [MOVE],76.1000
"3,161",2015-08-18,ICE - BofAML MOVE Index [MOVE],82.7000
"3,162",2015-08-19,ICE - BofAML MOVE Index [MOVE],81.5000
"3,163",2015-08-20,ICE - BofAML MOVE Index [MOVE],84.6000
"3,164",2015-08-21,ICE - BofAML MOVE Index [MOVE],88.5000
"3,165",2015-08-24,ICE - BofAML MOVE Index [MOVE],94.5000
"3,166",2015-08-25,ICE - BofAML MOVE Index [MOVE],91.1000
"3,167",2015-08-26,ICE - BofAML MOVE Index [MOVE],92.0000
"3,168",2015-08-27,ICE - BofAML MOVE Index [MOVE],91.4000
"3,169",2015-08-28,ICE - BofAML MOVE Index [MOVE],91.1000
"3,170",2015-08-31,ICE - BofAML MOVE Index [MOVE],87.7000
"3,171",2015-09-01,ICE - BofAML MOVE Index [MOVE],88.7000
"3,172",2015-09-02,ICE - BofAML MOVE Index [MOVE],93.1000
"3,173",2015-09-03,ICE - BofAML MOVE Index [MOVE],91.4000
"3,174",2015-09-04,ICE - BofAML MOVE Index [MOVE],86.8000
"3,175",2015-09-08,ICE - BofAML MOVE Index [MOVE],85.2000
"3,176",2015-09-09,ICE - BofAML MOVE Index [MOVE],85.1000
"3,177",2015-09-10,ICE - BofAML MOVE Index [MOVE],83.6000
"3,178",2015-09-11,ICE - BofAML MOVE Index [MOVE],83.8000
"3,179",2015-09-14,ICE - BofAML MOVE Index [MOVE],82.7000
"3,180",2015-09-15,ICE - BofAML MOVE Index [MOVE],85.0000
"3,181",2015-09-16,ICE - BofAML MOVE Index [MOVE],84.9000
"3,182",2015-09-17,ICE - BofAML MOVE Index [MOVE],77.7000
"3,183",2015-09-18,ICE - BofAML MOVE Index [MOVE],75.8000
"3,184",2015-09-21,ICE - BofAML MOVE Index [MOVE],74.5000
"3,185",2015-09-22,ICE - BofAML MOVE Index [MOVE],75.6000
"3,186",2015-09-23,ICE - BofAML MOVE Index [MOVE],69.2000
"3,187",2015-09-24,ICE - BofAML MOVE Index [MOVE],76.4000
"3,188",2015-09-25,ICE - BofAML MOVE Index [MOVE],75.9000
"3,189",2015-09-28,ICE - BofAML MOVE Index [MOVE],76.9000
"3,190",2015-09-29,ICE - BofAML MOVE Index [MOVE],83.3000
"3,191",2015-09-30,ICE - BofAML MOVE Index [MOVE],81.6000
"3,192",2015-10-01,ICE - BofAML MOVE Index [MOVE],81.5000
"3,193",2015-10-02,ICE - BofAML MOVE Index [MOVE],78.9000
"3,194",2015-10-05,ICE - BofAML MOVE Index [MOVE],77.5000
"3,195",2015-10-06,ICE - BofAML MOVE Index [MOVE],80.3000
"3,196",2015-10-07,ICE - BofAML MOVE Index [MOVE],80.0000
"3,197",2015-10-08,ICE - BofAML MOVE Index [MOVE],79.5000
"3,198",2015-10-09,ICE - BofAML MOVE Index [MOVE],78.2000
"3,199",2015-10-13,ICE - BofAML MOVE Index [MOVE],76.3000
"3,200",2015-10-14,ICE - BofAML MOVE Index [MOVE],74.8000
"3,201",2015-10-15,ICE - BofAML MOVE Index [MOVE],74.6000
"3,202",2015-10-16,ICE - BofAML MOVE Index [MOVE],74.7000
"3,203",2015-10-19,ICE - BofAML MOVE Index [MOVE],71.0000
"3,204",2015-10-20,ICE - BofAML MOVE Index [MOVE],71.1000
"3,205",2015-10-21,ICE - BofAML MOVE Index [MOVE],69.7000
"3,206",2015-10-22,ICE - BofAML MOVE Index [MOVE],70.0000
"3,207",2015-10-23,ICE - BofAML MOVE Index [MOVE],70.8000
"3,208",2015-10-26,ICE - BofAML MOVE Index [MOVE],69.7000
"3,209",2015-10-27,ICE - BofAML MOVE Index [MOVE],69.8000
"3,210",2015-10-28,ICE - BofAML MOVE Index [MOVE],70.3000
"3,211",2015-10-29,ICE - BofAML MOVE Index [MOVE],73.1000
"3,212",2015-10-30,ICE - BofAML MOVE Index [MOVE],73.1000
"3,213",2015-11-02,ICE - BofAML MOVE Index [MOVE],73.2000
"3,214",2015-11-03,ICE - BofAML MOVE Index [MOVE],73.3000
"3,215",2015-11-04,ICE - BofAML MOVE Index [MOVE],77.6000
"3,216",2015-11-05,ICE - BofAML MOVE Index [MOVE],76.7000
"3,217",2015-11-06,ICE - BofAML MOVE Index [MOVE],74.3000
"3,218",2015-11-10,ICE - BofAML MOVE Index [MOVE],70.5000
"3,219",2015-11-13,ICE - BofAML MOVE Index [MOVE],68.3000
"3,220",2015-11-16,ICE - BofAML MOVE Index [MOVE],67.7000
"3,221",2015-11-17,ICE - BofAML MOVE Index [MOVE],72.3000
"3,222",2015-11-18,ICE - BofAML MOVE Index [MOVE],71.7000
"3,223",2015-11-19,ICE - BofAML MOVE Index [MOVE],70.5000
"3,224",2015-11-20,ICE - BofAML MOVE Index [MOVE],70.5000
"3,225",2015-11-23,ICE - BofAML MOVE Index [MOVE],70.8000
"3,226",2015-11-24,ICE - BofAML MOVE Index [MOVE],70.9000
"3,227",2015-11-25,ICE - BofAML MOVE Index [MOVE],70.0000
"3,228",2015-11-27,ICE - BofAML MOVE Index [MOVE],69.6000
"3,229",2015-11-30,ICE - BofAML MOVE Index [MOVE],69.9000
"3,230",2015-12-01,ICE - BofAML MOVE Index [MOVE],71.0000
"3,231",2015-12-02,ICE - BofAML MOVE Index [MOVE],72.3000
"3,232",2015-12-03,ICE - BofAML MOVE Index [MOVE],74.6000
"3,233",2015-12-04,ICE - BofAML MOVE Index [MOVE],71.3000
"3,234",2015-12-07,ICE - BofAML MOVE Index [MOVE],70.5600
"3,235",2015-12-08,ICE - BofAML MOVE Index [MOVE],72.7000
"3,236",2015-12-09,ICE - BofAML MOVE Index [MOVE],72.4000
"3,237",2015-12-10,ICE - BofAML MOVE Index [MOVE],72.3000
"3,238",2015-12-11,ICE - BofAML MOVE Index [MOVE],75.0000
"3,239",2015-12-14,ICE - BofAML MOVE Index [MOVE],78.2000
"3,240",2015-12-15,ICE - BofAML MOVE Index [MOVE],79.6000
"3,241",2015-12-16,ICE - BofAML MOVE Index [MOVE],70.2000
"3,242",2015-12-17,ICE - BofAML MOVE Index [MOVE],67.7000
"3,243",2015-12-18,ICE - BofAML MOVE Index [MOVE],67.8000
"3,244",2015-12-21,ICE - BofAML MOVE Index [MOVE],66.4000
"3,245",2015-12-22,ICE - BofAML MOVE Index [MOVE],66.9000
"3,246",2015-12-23,ICE - BofAML MOVE Index [MOVE],66.0000
"3,247",2015-12-24,ICE - BofAML MOVE Index [MOVE],65.5000
"3,248",2015-12-28,ICE - BofAML MOVE Index [MOVE],67.2000
"3,249",2015-12-29,ICE - BofAML MOVE Index [MOVE],67.2000
"3,250",2015-12-30,ICE - BofAML MOVE Index [MOVE],67.3000
"3,251",2015-12-31,ICE - BofAML MOVE Index [MOVE],67.8000
"3,252",2016-01-04,ICE - BofAML MOVE Index [MOVE],68.8000
"3,253",2016-01-05,ICE - BofAML MOVE Index [MOVE],71.4200
"3,254",2016-01-06,ICE - BofAML MOVE Index [MOVE],71.6800
"3,255",2016-01-07,ICE - BofAML MOVE Index [MOVE],74.2100
"3,256",2016-01-08,ICE - BofAML MOVE Index [MOVE],71.0100
"3,257",2016-01-11,ICE - BofAML MOVE Index [MOVE],71.0200
"3,258",2016-01-13,ICE - BofAML MOVE Index [MOVE],74.4600
"3,259",2016-01-14,ICE - BofAML MOVE Index [MOVE],73.6100
"3,260",2016-01-15,ICE - BofAML MOVE Index [MOVE],78.0600
"3,261",2016-01-19,ICE - BofAML MOVE Index [MOVE],77.3200
"3,262",2016-01-20,ICE - BofAML MOVE Index [MOVE],81.8200
"3,263",2016-01-21,ICE - BofAML MOVE Index [MOVE],80.7300
"3,264",2016-01-22,ICE - BofAML MOVE Index [MOVE],77.3500
"3,265",2016-01-25,ICE - BofAML MOVE Index [MOVE],75.4100
"3,266",2016-01-26,ICE - BofAML MOVE Index [MOVE],75.1600
"3,267",2016-01-27,ICE - BofAML MOVE Index [MOVE],71.9400
"3,268",2016-01-28,ICE - BofAML MOVE Index [MOVE],70.9800
"3,269",2016-01-29,ICE - BofAML MOVE Index [MOVE],74.0000
"3,270",2016-02-01,ICE - BofAML MOVE Index [MOVE],73.4600
"3,271",2016-02-02,ICE - BofAML MOVE Index [MOVE],77.4900
"3,272",2016-02-03,ICE - BofAML MOVE Index [MOVE],79.6200
"3,273",2016-02-04,ICE - BofAML MOVE Index [MOVE],83.7600
"3,274",2016-02-05,ICE - BofAML MOVE Index [MOVE],81.6700
"3,275",2016-02-08,ICE - BofAML MOVE Index [MOVE],89.2700
"3,276",2016-02-09,ICE - BofAML MOVE Index [MOVE],91.6100
"3,277",2016-02-10,ICE - BofAML MOVE Index [MOVE],86.3200
"3,278",2016-02-11,ICE - BofAML MOVE Index [MOVE],96.3100
"3,279",2016-02-12,ICE - BofAML MOVE Index [MOVE],93.7200
"3,280",2016-02-16,ICE - BofAML MOVE Index [MOVE],86.8200
"3,281",2016-02-17,ICE - BofAML MOVE Index [MOVE],84.7900
"3,282",2016-02-18,ICE - BofAML MOVE Index [MOVE],86.1200
"3,283",2016-02-19,ICE - BofAML MOVE Index [MOVE],90.1000
"3,284",2016-02-22,ICE - BofAML MOVE Index [MOVE],85.1500
"3,285",2016-02-23,ICE - BofAML MOVE Index [MOVE],83.9800
"3,286",2016-02-24,ICE - BofAML MOVE Index [MOVE],85.0900
"3,287",2016-02-25,ICE - BofAML MOVE Index [MOVE],84.4400
"3,288",2016-02-26,ICE - BofAML MOVE Index [MOVE],82.5400
"3,289",2016-02-29,ICE - BofAML MOVE Index [MOVE],83.3900
"3,290",2016-03-01,ICE - BofAML MOVE Index [MOVE],84.2200
"3,291",2016-03-02,ICE - BofAML MOVE Index [MOVE],83.6500
"3,292",2016-03-03,ICE - BofAML MOVE Index [MOVE],81.7200
"3,293",2016-03-04,ICE - BofAML MOVE Index [MOVE],78.0100
"3,294",2016-03-07,ICE - BofAML MOVE Index [MOVE],77.8300
"3,295",2016-03-08,ICE - BofAML MOVE Index [MOVE],80.7200
"3,296",2016-03-09,ICE - BofAML MOVE Index [MOVE],80.3600
"3,297",2016-03-10,ICE - BofAML MOVE Index [MOVE],80.8500
"3,298",2016-03-11,ICE - BofAML MOVE Index [MOVE],81.4200
"3,299",2016-03-14,ICE - BofAML MOVE Index [MOVE],79.1200
"3,300",2016-03-15,ICE - BofAML MOVE Index [MOVE],78.4700
"3,301",2016-03-16,ICE - BofAML MOVE Index [MOVE],74.1600
"3,302",2016-03-17,ICE - BofAML MOVE Index [MOVE],72.4100
"3,303",2016-03-18,ICE - BofAML MOVE Index [MOVE],71.2600
"3,304",2016-03-21,ICE - BofAML MOVE Index [MOVE],70.8300
"3,305",2016-03-22,ICE - BofAML MOVE Index [MOVE],71.1200
"3,306",2016-03-23,ICE - BofAML MOVE Index [MOVE],71.0800
"3,307",2016-03-24,ICE - BofAML MOVE Index [MOVE],72.6800
"3,308",2016-03-28,ICE - BofAML MOVE Index [MOVE],74.6900
"3,309",2016-03-29,ICE - BofAML MOVE Index [MOVE],72.6600
"3,310",2016-03-30,ICE - BofAML MOVE Index [MOVE],70.5400
"3,311",2016-03-31,ICE - BofAML MOVE Index [MOVE],68.8000
"3,312",2016-04-01,ICE - BofAML MOVE Index [MOVE],67.0000
"3,313",2016-04-04,ICE - BofAML MOVE Index [MOVE],65.3600
"3,314",2016-04-05,ICE - BofAML MOVE Index [MOVE],68.3100
"3,315",2016-04-06,ICE - BofAML MOVE Index [MOVE],69.7100
"3,316",2016-04-07,ICE - BofAML MOVE Index [MOVE],71.0900
"3,317",2016-04-08,ICE - BofAML MOVE Index [MOVE],70.8800
"3,318",2016-04-11,ICE - BofAML MOVE Index [MOVE],69.7700
"3,319",2016-04-12,ICE - BofAML MOVE Index [MOVE],68.7800
"3,320",2016-04-13,ICE - BofAML MOVE Index [MOVE],67.4800
"3,321",2016-04-14,ICE - BofAML MOVE Index [MOVE],67.5200
"3,322",2016-04-15,ICE - BofAML MOVE Index [MOVE],66.4900
"3,323",2016-04-18,ICE - BofAML MOVE Index [MOVE],66.3400
"3,324",2016-04-19,ICE - BofAML MOVE Index [MOVE],66.4400
"3,325",2016-04-20,ICE - BofAML MOVE Index [MOVE],67.7700
"3,326",2016-04-21,ICE - BofAML MOVE Index [MOVE],68.6000
"3,327",2016-04-22,ICE - BofAML MOVE Index [MOVE],67.7800
"3,328",2016-04-25,ICE - BofAML MOVE Index [MOVE],67.8900
"3,329",2016-04-26,ICE - BofAML MOVE Index [MOVE],67.1500
"3,330",2016-04-27,ICE - BofAML MOVE Index [MOVE],64.7400
"3,331",2016-04-28,ICE - BofAML MOVE Index [MOVE],64.6400
"3,332",2016-04-29,ICE - BofAML MOVE Index [MOVE],64.9200
"3,333",2016-05-02,ICE - BofAML MOVE Index [MOVE],64.6800
"3,334",2016-05-03,ICE - BofAML MOVE Index [MOVE],68.4100
"3,335",2016-05-04,ICE - BofAML MOVE Index [MOVE],68.1200
"3,336",2016-05-05,ICE - BofAML MOVE Index [MOVE],68.6700
"3,337",2016-05-06,ICE - BofAML MOVE Index [MOVE],65.1500
"3,338",2016-05-09,ICE - BofAML MOVE Index [MOVE],64.1200
"3,339",2016-05-10,ICE - BofAML MOVE Index [MOVE],63.9700
"3,340",2016-05-11,ICE - BofAML MOVE Index [MOVE],63.8900
"3,341",2016-05-12,ICE - BofAML MOVE Index [MOVE],63.9200
"3,342",2016-05-13,ICE - BofAML MOVE Index [MOVE],64.0700
"3,343",2016-05-16,ICE - BofAML MOVE Index [MOVE],66.9400
"3,344",2016-05-17,ICE - BofAML MOVE Index [MOVE],67.1200
"3,345",2016-05-18,ICE - BofAML MOVE Index [MOVE],69.8500
"3,346",2016-05-19,ICE - BofAML MOVE Index [MOVE],70.5600
"3,347",2016-05-20,ICE - BofAML MOVE Index [MOVE],68.5100
"3,348",2016-05-23,ICE - BofAML MOVE Index [MOVE],67.7800
"3,349",2016-05-24,ICE - BofAML MOVE Index [MOVE],69.4100
"3,350",2016-05-25,ICE - BofAML MOVE Index [MOVE],67.5400
"3,351",2016-05-26,ICE - BofAML MOVE Index [MOVE],66.1500
"3,352",2016-05-27,ICE - BofAML MOVE Index [MOVE],66.7600
"3,353",2016-05-31,ICE - BofAML MOVE Index [MOVE],67.9100
"3,354",2016-06-01,ICE - BofAML MOVE Index [MOVE],68.7500
"3,355",2016-06-02,ICE - BofAML MOVE Index [MOVE],69.5600
"3,356",2016-06-03,ICE - BofAML MOVE Index [MOVE],67.5900
"3,357",2016-06-06,ICE - BofAML MOVE Index [MOVE],66.2700
"3,358",2016-06-08,ICE - BofAML MOVE Index [MOVE],67.9200
"3,359",2016-06-10,ICE - BofAML MOVE Index [MOVE],75.1000
"3,360",2016-06-13,ICE - BofAML MOVE Index [MOVE],79.5700
"3,361",2016-06-14,ICE - BofAML MOVE Index [MOVE],79.1000
"3,362",2016-06-15,ICE - BofAML MOVE Index [MOVE],78.6700
"3,363",2016-06-16,ICE - BofAML MOVE Index [MOVE],83.5400
"3,364",2016-06-17,ICE - BofAML MOVE Index [MOVE],82.5800
"3,365",2016-06-20,ICE - BofAML MOVE Index [MOVE],77.3200
"3,366",2016-06-21,ICE - BofAML MOVE Index [MOVE],76.9600
"3,367",2016-06-22,ICE - BofAML MOVE Index [MOVE],79.5200
"3,368",2016-06-23,ICE - BofAML MOVE Index [MOVE],74.0400
"3,369",2016-06-24,ICE - BofAML MOVE Index [MOVE],77.9400
"3,370",2016-06-27,ICE - BofAML MOVE Index [MOVE],81.5700
"3,371",2016-06-28,ICE - BofAML MOVE Index [MOVE],78.6700
"3,372",2016-06-29,ICE - BofAML MOVE Index [MOVE],71.8000
"3,373",2016-06-30,ICE - BofAML MOVE Index [MOVE],72.6400
"3,374",2016-07-01,ICE - BofAML MOVE Index [MOVE],74.3500
"3,375",2016-07-05,ICE - BofAML MOVE Index [MOVE],78.1200
"3,376",2016-07-06,ICE - BofAML MOVE Index [MOVE],76.0900
"3,377",2016-07-07,ICE - BofAML MOVE Index [MOVE],76.7300
"3,378",2016-07-08,ICE - BofAML MOVE Index [MOVE],72.3100
"3,379",2016-07-11,ICE - BofAML MOVE Index [MOVE],69.7800
"3,380",2016-07-12,ICE - BofAML MOVE Index [MOVE],71.4300
"3,381",2016-07-13,ICE - BofAML MOVE Index [MOVE],71.6500
"3,382",2016-07-14,ICE - BofAML MOVE Index [MOVE],73.5600
"3,383",2016-07-15,ICE - BofAML MOVE Index [MOVE],74.7700
"3,384",2016-07-18,ICE - BofAML MOVE Index [MOVE],72.9200
"3,385",2016-07-19,ICE - BofAML MOVE Index [MOVE],70.5300
"3,386",2016-07-20,ICE - BofAML MOVE Index [MOVE],70.6400
"3,387",2016-07-21,ICE - BofAML MOVE Index [MOVE],71.8600
"3,388",2016-07-22,ICE - BofAML MOVE Index [MOVE],69.9100
"3,389",2016-07-25,ICE - BofAML MOVE Index [MOVE],68.7500
"3,390",2016-07-26,ICE - BofAML MOVE Index [MOVE],68.7600
"3,391",2016-07-27,ICE - BofAML MOVE Index [MOVE],66.6400
"3,392",2016-07-28,ICE - BofAML MOVE Index [MOVE],66.6700
"3,393",2016-07-29,ICE - BofAML MOVE Index [MOVE],64.1500
"3,394",2016-08-01,ICE - BofAML MOVE Index [MOVE],63.6700
"3,395",2016-08-02,ICE - BofAML MOVE Index [MOVE],67.8500
"3,396",2016-08-03,ICE - BofAML MOVE Index [MOVE],67.7900
"3,397",2016-08-04,ICE - BofAML MOVE Index [MOVE],67.1000
"3,398",2016-08-05,ICE - BofAML MOVE Index [MOVE],66.5900
"3,399",2016-08-08,ICE - BofAML MOVE Index [MOVE],65.5000
"3,400",2016-08-09,ICE - BofAML MOVE Index [MOVE],64.3000
"3,401",2016-08-10,ICE - BofAML MOVE Index [MOVE],63.3400
"3,402",2016-08-11,ICE - BofAML MOVE Index [MOVE],65.2900
"3,403",2016-08-12,ICE - BofAML MOVE Index [MOVE],64.3700
"3,404",2016-08-15,ICE - BofAML MOVE Index [MOVE],63.7700
"3,405",2016-08-16,ICE - BofAML MOVE Index [MOVE],63.6700
"3,406",2016-08-17,ICE - BofAML MOVE Index [MOVE],63.5400
"3,407",2016-08-18,ICE - BofAML MOVE Index [MOVE],63.6500
"3,408",2016-08-19,ICE - BofAML MOVE Index [MOVE],64.8200
"3,409",2016-08-22,ICE - BofAML MOVE Index [MOVE],67.8700
"3,410",2016-08-23,ICE - BofAML MOVE Index [MOVE],66.6200
"3,411",2016-08-24,ICE - BofAML MOVE Index [MOVE],66.5100
"3,412",2016-08-25,ICE - BofAML MOVE Index [MOVE],69.3600
"3,413",2016-08-26,ICE - BofAML MOVE Index [MOVE],71.2400
"3,414",2016-08-29,ICE - BofAML MOVE Index [MOVE],68.6100
"3,415",2016-08-30,ICE - BofAML MOVE Index [MOVE],69.1100
"3,416",2016-08-31,ICE - BofAML MOVE Index [MOVE],69.0800
"3,417",2016-09-01,ICE - BofAML MOVE Index [MOVE],70.2500
"3,418",2016-09-02,ICE - BofAML MOVE Index [MOVE],66.4600
"3,419",2016-09-06,ICE - BofAML MOVE Index [MOVE],63.4600
"3,420",2016-09-07,ICE - BofAML MOVE Index [MOVE],64.0700
"3,421",2016-09-08,ICE - BofAML MOVE Index [MOVE],65.9500
"3,422",2016-09-09,ICE - BofAML MOVE Index [MOVE],69.1200
"3,423",2016-09-12,ICE - BofAML MOVE Index [MOVE],68.9100
"3,424",2016-09-13,ICE - BofAML MOVE Index [MOVE],70.6000
"3,425",2016-09-14,ICE - BofAML MOVE Index [MOVE],69.2300
"3,426",2016-09-15,ICE - BofAML MOVE Index [MOVE],69.1300
"3,427",2016-09-16,ICE - BofAML MOVE Index [MOVE],69.2100
"3,428",2016-09-19,ICE - BofAML MOVE Index [MOVE],69.2300
"3,429",2016-09-20,ICE - BofAML MOVE Index [MOVE],69.2300
"3,430",2016-09-21,ICE - BofAML MOVE Index [MOVE],63.7300
"3,431",2016-09-22,ICE - BofAML MOVE Index [MOVE],61.1800
"3,432",2016-09-23,ICE - BofAML MOVE Index [MOVE],59.7500
"3,433",2016-09-26,ICE - BofAML MOVE Index [MOVE],58.8500
"3,434",2016-09-27,ICE - BofAML MOVE Index [MOVE],59.2300
"3,435",2016-09-28,ICE - BofAML MOVE Index [MOVE],57.6200
"3,436",2016-09-29,ICE - BofAML MOVE Index [MOVE],58.8400
"3,437",2016-09-30,ICE - BofAML MOVE Index [MOVE],60.5600
"3,438",2016-10-03,ICE - BofAML MOVE Index [MOVE],60.4300
"3,439",2016-10-04,ICE - BofAML MOVE Index [MOVE],62.0800
"3,440",2016-10-05,ICE - BofAML MOVE Index [MOVE],62.5700
"3,441",2016-10-06,ICE - BofAML MOVE Index [MOVE],64.2900
"3,442",2016-10-07,ICE - BofAML MOVE Index [MOVE],62.8400
"3,443",2016-10-12,ICE - BofAML MOVE Index [MOVE],63.9500
"3,444",2016-10-14,ICE - BofAML MOVE Index [MOVE],64.9800
"3,445",2016-10-17,ICE - BofAML MOVE Index [MOVE],64.4200
"3,446",2016-10-18,ICE - BofAML MOVE Index [MOVE],63.1800
"3,447",2016-10-19,ICE - BofAML MOVE Index [MOVE],61.6400
"3,448",2016-10-20,ICE - BofAML MOVE Index [MOVE],59.6200
"3,449",2016-10-21,ICE - BofAML MOVE Index [MOVE],57.0900
"3,450",2016-10-25,ICE - BofAML MOVE Index [MOVE],57.4100
"3,451",2016-10-26,ICE - BofAML MOVE Index [MOVE],59.5100
"3,452",2016-10-28,ICE - BofAML MOVE Index [MOVE],64.3800
"3,453",2016-10-31,ICE - BofAML MOVE Index [MOVE],65.4700
"3,454",2016-11-01,ICE - BofAML MOVE Index [MOVE],67.7600
"3,455",2016-11-02,ICE - BofAML MOVE Index [MOVE],69.2500
"3,456",2016-11-03,ICE - BofAML MOVE Index [MOVE],72.5700
"3,457",2016-11-04,ICE - BofAML MOVE Index [MOVE],74.6100
"3,458",2016-11-08,ICE - BofAML MOVE Index [MOVE],68.4700
"3,459",2016-11-09,ICE - BofAML MOVE Index [MOVE],76.3300
"3,460",2016-11-10,ICE - BofAML MOVE Index [MOVE],82.5700
"3,461",2016-11-14,ICE - BofAML MOVE Index [MOVE],89.2200
"3,462",2016-11-15,ICE - BofAML MOVE Index [MOVE],84.1200
"3,463",2016-11-16,ICE - BofAML MOVE Index [MOVE],80.1200
"3,464",2016-11-17,ICE - BofAML MOVE Index [MOVE],77.5400
"3,465",2016-11-18,ICE - BofAML MOVE Index [MOVE],81.6500
"3,466",2016-11-21,ICE - BofAML MOVE Index [MOVE],80.5800
"3,467",2016-11-22,ICE - BofAML MOVE Index [MOVE],76.4600
"3,468",2016-11-23,ICE - BofAML MOVE Index [MOVE],78.6400
"3,469",2016-11-25,ICE - BofAML MOVE Index [MOVE],79.6900
"3,470",2016-11-28,ICE - BofAML MOVE Index [MOVE],78.7400
"3,471",2016-11-29,ICE - BofAML MOVE Index [MOVE],77.3000
"3,472",2016-11-30,ICE - BofAML MOVE Index [MOVE],80.9600
"3,473",2016-12-01,ICE - BofAML MOVE Index [MOVE],86.6300
"3,474",2016-12-02,ICE - BofAML MOVE Index [MOVE],82.0600
"3,475",2016-12-05,ICE - BofAML MOVE Index [MOVE],79.8400
"3,476",2016-12-06,ICE - BofAML MOVE Index [MOVE],76.5700
"3,477",2016-12-07,ICE - BofAML MOVE Index [MOVE],73.4400
"3,478",2016-12-08,ICE - BofAML MOVE Index [MOVE],73.1100
"3,479",2016-12-09,ICE - BofAML MOVE Index [MOVE],75.5500
"3,480",2016-12-12,ICE - BofAML MOVE Index [MOVE],76.3900
"3,481",2016-12-13,ICE - BofAML MOVE Index [MOVE],75.3600
"3,482",2016-12-14,ICE - BofAML MOVE Index [MOVE],75.8400
"3,483",2016-12-15,ICE - BofAML MOVE Index [MOVE],78.6100
"3,484",2016-12-16,ICE - BofAML MOVE Index [MOVE],78.2200
"3,485",2016-12-19,ICE - BofAML MOVE Index [MOVE],75.2400
"3,486",2016-12-20,ICE - BofAML MOVE Index [MOVE],75.4600
"3,487",2016-12-21,ICE - BofAML MOVE Index [MOVE],73.9700
"3,488",2016-12-22,ICE - BofAML MOVE Index [MOVE],74.0500
"3,489",2016-12-23,ICE - BofAML MOVE Index [MOVE],72.5700
"3,490",2016-12-27,ICE - BofAML MOVE Index [MOVE],70.6600
"3,491",2016-12-28,ICE - BofAML MOVE Index [MOVE],70.7900
"3,492",2016-12-29,ICE - BofAML MOVE Index [MOVE],71.2800
"3,493",2016-12-30,ICE - BofAML MOVE Index [MOVE],71.6300
"3,494",2017-01-03,ICE - BofAML MOVE Index [MOVE],76.7300
"3,495",2017-01-04,ICE - BofAML MOVE Index [MOVE],76.4100
"3,496",2017-01-05,ICE - BofAML MOVE Index [MOVE],76.5000
"3,497",2017-01-06,ICE - BofAML MOVE Index [MOVE],75.2400
"3,498",2017-01-09,ICE - BofAML MOVE Index [MOVE],74.8300
"3,499",2017-01-10,ICE - BofAML MOVE Index [MOVE],73.2600
"3,500",2017-01-11,ICE - BofAML MOVE Index [MOVE],72.8300
"3,501",2017-01-12,ICE - BofAML MOVE Index [MOVE],73.7400
"3,502",2017-01-13,ICE - BofAML MOVE Index [MOVE],74.5000
"3,503",2017-01-17,ICE - BofAML MOVE Index [MOVE],73.9400
"3,504",2017-01-18,ICE - BofAML MOVE Index [MOVE],73.9400
"3,505",2017-01-19,ICE - BofAML MOVE Index [MOVE],78.3200
"3,506",2017-01-20,ICE - BofAML MOVE Index [MOVE],76.7100
"3,507",2017-01-23,ICE - BofAML MOVE Index [MOVE],75.5200
"3,508",2017-01-24,ICE - BofAML MOVE Index [MOVE],75.5300
"3,509",2017-01-25,ICE - BofAML MOVE Index [MOVE],77.0600
"3,510",2017-01-26,ICE - BofAML MOVE Index [MOVE],74.6900
"3,511",2017-01-27,ICE - BofAML MOVE Index [MOVE],72.1900
"3,512",2017-01-30,ICE - BofAML MOVE Index [MOVE],72.3600
"3,513",2017-01-31,ICE - BofAML MOVE Index [MOVE],72.5200
"3,514",2017-02-01,ICE - BofAML MOVE Index [MOVE],70.8400
"3,515",2017-02-02,ICE - BofAML MOVE Index [MOVE],69.9200
"3,516",2017-02-03,ICE - BofAML MOVE Index [MOVE],67.3900
"3,517",2017-02-06,ICE - BofAML MOVE Index [MOVE],67.5500
"3,518",2017-02-07,ICE - BofAML MOVE Index [MOVE],68.0700
"3,519",2017-02-08,ICE - BofAML MOVE Index [MOVE],68.7400
"3,520",2017-02-09,ICE - BofAML MOVE Index [MOVE],68.9500
"3,521",2017-02-10,ICE - BofAML MOVE Index [MOVE],69.6300
"3,522",2017-02-13,ICE - BofAML MOVE Index [MOVE],68.8300
"3,523",2017-02-14,ICE - BofAML MOVE Index [MOVE],67.2600
"3,524",2017-02-15,ICE - BofAML MOVE Index [MOVE],65.5100
"3,525",2017-02-16,ICE - BofAML MOVE Index [MOVE],68.2300
"3,526",2017-02-17,ICE - BofAML MOVE Index [MOVE],69.7800
"3,527",2017-02-21,ICE - BofAML MOVE Index [MOVE],68.7200
"3,528",2017-02-22,ICE - BofAML MOVE Index [MOVE],69.2600
"3,529",2017-02-23,ICE - BofAML MOVE Index [MOVE],68.6400
"3,530",2017-02-24,ICE - BofAML MOVE Index [MOVE],69.8500
"3,531",2017-02-27,ICE - BofAML MOVE Index [MOVE],70.8900
"3,532",2017-03-02,ICE - BofAML MOVE Index [MOVE],69.5400
"3,533",2017-03-03,ICE - BofAML MOVE Index [MOVE],65.7900
"3,534",2017-03-06,ICE - BofAML MOVE Index [MOVE],65.4100
"3,535",2017-03-07,ICE - BofAML MOVE Index [MOVE],66.0300
"3,536",2017-03-08,ICE - BofAML MOVE Index [MOVE],66.6100
"3,537",2017-03-09,ICE - BofAML MOVE Index [MOVE],69.1800
"3,538",2017-03-10,ICE - BofAML MOVE Index [MOVE],67.7000
"3,539",2017-03-13,ICE - BofAML MOVE Index [MOVE],65.6400
"3,540",2017-03-14,ICE - BofAML MOVE Index [MOVE],65.1800
"3,541",2017-03-15,ICE - BofAML MOVE Index [MOVE],61.6200
"3,542",2017-03-16,ICE - BofAML MOVE Index [MOVE],60.4400
"3,543",2017-03-17,ICE - BofAML MOVE Index [MOVE],60.7200
"3,544",2017-03-20,ICE - BofAML MOVE Index [MOVE],59.8200
"3,545",2017-03-21,ICE - BofAML MOVE Index [MOVE],62.1300
"3,546",2017-03-23,ICE - BofAML MOVE Index [MOVE],65.2200
"3,547",2017-03-24,ICE - BofAML MOVE Index [MOVE],64.4500
"3,548",2017-03-27,ICE - BofAML MOVE Index [MOVE],62.6800
"3,549",2017-03-28,ICE - BofAML MOVE Index [MOVE],61.9500
"3,550",2017-03-29,ICE - BofAML MOVE Index [MOVE],61.0200
"3,551",2017-03-30,ICE - BofAML MOVE Index [MOVE],60.9400
"3,552",2017-03-31,ICE - BofAML MOVE Index [MOVE],60.7000
"3,553",2017-04-03,ICE - BofAML MOVE Index [MOVE],61.2300
"3,554",2017-04-04,ICE - BofAML MOVE Index [MOVE],64.7700
"3,555",2017-04-05,ICE - BofAML MOVE Index [MOVE],63.7200
"3,556",2017-04-06,ICE - BofAML MOVE Index [MOVE],68.2500
"3,557",2017-04-07,ICE - BofAML MOVE Index [MOVE],68.6600
"3,558",2017-04-10,ICE - BofAML MOVE Index [MOVE],68.5000
"3,559",2017-04-11,ICE - BofAML MOVE Index [MOVE],70.5600
"3,560",2017-04-12,ICE - BofAML MOVE Index [MOVE],73.4200
"3,561",2017-04-13,ICE - BofAML MOVE Index [MOVE],74.4800
"3,562",2017-04-17,ICE - BofAML MOVE Index [MOVE],70.9600
"3,563",2017-04-18,ICE - BofAML MOVE Index [MOVE],72.8700
"3,564",2017-04-19,ICE - BofAML MOVE Index [MOVE],73.1300
"3,565",2017-04-20,ICE - BofAML MOVE Index [MOVE],73.8600
"3,566",2017-04-21,ICE - BofAML MOVE Index [MOVE],77.1500
"3,567",2017-04-24,ICE - BofAML MOVE Index [MOVE],63.2700
"3,568",2017-04-25,ICE - BofAML MOVE Index [MOVE],62.3600
"3,569",2017-04-26,ICE - BofAML MOVE Index [MOVE],60.9500
"3,570",2017-04-27,ICE - BofAML MOVE Index [MOVE],59.8200
"3,571",2017-04-28,ICE - BofAML MOVE Index [MOVE],60.1900
"3,572",2017-05-01,ICE - BofAML MOVE Index [MOVE],59.4000
"3,573",2017-05-02,ICE - BofAML MOVE Index [MOVE],60.3200
"3,574",2017-05-03,ICE - BofAML MOVE Index [MOVE],59.3800
"3,575",2017-05-04,ICE - BofAML MOVE Index [MOVE],60.0800
"3,576",2017-05-05,ICE - BofAML MOVE Index [MOVE],58.7200
"3,577",2017-05-08,ICE - BofAML MOVE Index [MOVE],55.4100
"3,578",2017-05-09,ICE - BofAML MOVE Index [MOVE],55.2200
"3,579",2017-05-10,ICE - BofAML MOVE Index [MOVE],55.0300
"3,580",2017-05-11,ICE - BofAML MOVE Index [MOVE],54.4700
"3,581",2017-05-12,ICE - BofAML MOVE Index [MOVE],55.7100
"3,582",2017-05-15,ICE - BofAML MOVE Index [MOVE],56.7300
"3,583",2017-05-16,ICE - BofAML MOVE Index [MOVE],55.5000
"3,584",2017-05-17,ICE - BofAML MOVE Index [MOVE],62.5800
"3,585",2017-05-18,ICE - BofAML MOVE Index [MOVE],58.9800
"3,586",2017-05-19,ICE - BofAML MOVE Index [MOVE],57.8200
"3,587",2017-05-22,ICE - BofAML MOVE Index [MOVE],55.4700
"3,588",2017-05-24,ICE - BofAML MOVE Index [MOVE],54.4100
"3,589",2017-05-25,ICE - BofAML MOVE Index [MOVE],54.3200
"3,590",2017-05-26,ICE - BofAML MOVE Index [MOVE],54.0500
"3,591",2017-05-31,ICE - BofAML MOVE Index [MOVE],53.9500
"3,592",2017-06-01,ICE - BofAML MOVE Index [MOVE],54.0000
"3,593",2017-06-02,ICE - BofAML MOVE Index [MOVE],53.7400
"3,594",2017-06-05,ICE - BofAML MOVE Index [MOVE],53.0000
"3,595",2017-06-06,ICE - BofAML MOVE Index [MOVE],53.2200
"3,596",2017-06-07,ICE - BofAML MOVE Index [MOVE],54.8000
"3,597",2017-06-08,ICE - BofAML MOVE Index [MOVE],53.7300
"3,598",2017-06-09,ICE - BofAML MOVE Index [MOVE],52.5600
"3,599",2017-06-12,ICE - BofAML MOVE Index [MOVE],52.3200
"3,600",2017-06-13,ICE - BofAML MOVE Index [MOVE],51.6700
"3,601",2017-06-14,ICE - BofAML MOVE Index [MOVE],52.2200
"3,602",2017-06-15,ICE - BofAML MOVE Index [MOVE],51.5900
"3,603",2017-06-16,ICE - BofAML MOVE Index [MOVE],51.4800
"3,604",2017-06-19,ICE - BofAML MOVE Index [MOVE],51.6000
"3,605",2017-06-20,ICE - BofAML MOVE Index [MOVE],51.6000
"3,606",2017-06-21,ICE - BofAML MOVE Index [MOVE],51.6400
"3,607",2017-06-22,ICE - BofAML MOVE Index [MOVE],51.1300
"3,608",2017-06-23,ICE - BofAML MOVE Index [MOVE],51.1600
"3,609",2017-06-26,ICE - BofAML MOVE Index [MOVE],50.0200
"3,610",2017-06-27,ICE - BofAML MOVE Index [MOVE],52.1000
"3,611",2017-06-28,ICE - BofAML MOVE Index [MOVE],52.5100
"3,612",2017-06-29,ICE - BofAML MOVE Index [MOVE],54.6600
"3,613",2017-06-30,ICE - BofAML MOVE Index [MOVE],55.2200
"3,614",2017-07-03,ICE - BofAML MOVE Index [MOVE],55.2500
"3,615",2017-07-05,ICE - BofAML MOVE Index [MOVE],56.4400
"3,616",2017-07-06,ICE - BofAML MOVE Index [MOVE],56.9600
"3,617",2017-07-07,ICE - BofAML MOVE Index [MOVE],55.7600
"3,618",2017-07-10,ICE - BofAML MOVE Index [MOVE],53.1800
"3,619",2017-07-11,ICE - BofAML MOVE Index [MOVE],53.2200
"3,620",2017-07-12,ICE - BofAML MOVE Index [MOVE],52.4300
"3,621",2017-07-13,ICE - BofAML MOVE Index [MOVE],52.2100
"3,622",2017-07-14,ICE - BofAML MOVE Index [MOVE],51.0300
"3,623",2017-07-17,ICE - BofAML MOVE Index [MOVE],50.0000
"3,624",2017-07-18,ICE - BofAML MOVE Index [MOVE],49.5500
"3,625",2017-07-19,ICE - BofAML MOVE Index [MOVE],48.2600
"3,626",2017-07-20,ICE - BofAML MOVE Index [MOVE],47.0000
"3,627",2017-07-21,ICE - BofAML MOVE Index [MOVE],47.4500
"3,628",2017-07-24,ICE - BofAML MOVE Index [MOVE],47.0000
"3,629",2017-07-25,ICE - BofAML MOVE Index [MOVE],49.5700
"3,630",2017-07-26,ICE - BofAML MOVE Index [MOVE],47.2800
"3,631",2017-07-27,ICE - BofAML MOVE Index [MOVE],48.4200
"3,632",2017-07-28,ICE - BofAML MOVE Index [MOVE],48.5300
"3,633",2017-07-31,ICE - BofAML MOVE Index [MOVE],48.1400
"3,634",2017-08-01,ICE - BofAML MOVE Index [MOVE],49.9700
"3,635",2017-08-02,ICE - BofAML MOVE Index [MOVE],48.7500
"3,636",2017-08-03,ICE - BofAML MOVE Index [MOVE],47.9300
"3,637",2017-08-04,ICE - BofAML MOVE Index [MOVE],47.2800
"3,638",2017-08-07,ICE - BofAML MOVE Index [MOVE],46.9100
"3,639",2017-08-08,ICE - BofAML MOVE Index [MOVE],47.3400
"3,640",2017-08-09,ICE - BofAML MOVE Index [MOVE],49.6700
"3,641",2017-08-10,ICE - BofAML MOVE Index [MOVE],52.0000
"3,642",2017-08-11,ICE - BofAML MOVE Index [MOVE],52.0600
"3,643",2017-08-14,ICE - BofAML MOVE Index [MOVE],49.3000
"3,644",2017-08-15,ICE - BofAML MOVE Index [MOVE],48.6300
"3,645",2017-08-16,ICE - BofAML MOVE Index [MOVE],48.4700
"3,646",2017-08-17,ICE - BofAML MOVE Index [MOVE],48.8400
"3,647",2017-08-18,ICE - BofAML MOVE Index [MOVE],50.1600
"3,648",2017-08-21,ICE - BofAML MOVE Index [MOVE],52.0600
"3,649",2017-08-22,ICE - BofAML MOVE Index [MOVE],51.3000
"3,650",2017-08-23,ICE - BofAML MOVE Index [MOVE],52.0800
"3,651",2017-08-24,ICE - BofAML MOVE Index [MOVE],52.4900
"3,652",2017-08-25,ICE - BofAML MOVE Index [MOVE],50.5600
"3,653",2017-08-28,ICE - BofAML MOVE Index [MOVE],48.8600
"3,654",2017-08-29,ICE - BofAML MOVE Index [MOVE],51.4000
"3,655",2017-08-30,ICE - BofAML MOVE Index [MOVE],51.5600
"3,656",2017-08-31,ICE - BofAML MOVE Index [MOVE],51.1300
"3,657",2017-09-01,ICE - BofAML MOVE Index [MOVE],49.4400
"3,658",2017-09-05,ICE - BofAML MOVE Index [MOVE],53.3200
"3,659",2017-09-06,ICE - BofAML MOVE Index [MOVE],52.9200
"3,660",2017-09-07,ICE - BofAML MOVE Index [MOVE],54.0100
"3,661",2017-09-11,ICE - BofAML MOVE Index [MOVE],51.8800
"3,662",2017-09-12,ICE - BofAML MOVE Index [MOVE],51.6500
"3,663",2017-09-13,ICE - BofAML MOVE Index [MOVE],51.3700
"3,664",2017-09-14,ICE - BofAML MOVE Index [MOVE],50.7300
"3,665",2017-09-15,ICE - BofAML MOVE Index [MOVE],50.6300
"3,666",2017-09-18,ICE - BofAML MOVE Index [MOVE],50.1600
"3,667",2017-09-19,ICE - BofAML MOVE Index [MOVE],49.8600
"3,668",2017-09-20,ICE - BofAML MOVE Index [MOVE],49.1500
"3,669",2017-09-21,ICE - BofAML MOVE Index [MOVE],48.3100
"3,670",2017-09-22,ICE - BofAML MOVE Index [MOVE],50.5200
"3,671",2017-09-25,ICE - BofAML MOVE Index [MOVE],51.1100
"3,672",2017-09-26,ICE - BofAML MOVE Index [MOVE],50.6400
"3,673",2017-09-27,ICE - BofAML MOVE Index [MOVE],52.0800
"3,674",2017-09-28,ICE - BofAML MOVE Index [MOVE],51.8600
"3,675",2017-09-29,ICE - BofAML MOVE Index [MOVE],52.8800
"3,676",2017-10-02,ICE - BofAML MOVE Index [MOVE],54.4600
"3,677",2017-10-03,ICE - BofAML MOVE Index [MOVE],54.6000
"3,678",2017-10-04,ICE - BofAML MOVE Index [MOVE],54.4900
"3,679",2017-10-05,ICE - BofAML MOVE Index [MOVE],55.5800
"3,680",2017-10-06,ICE - BofAML MOVE Index [MOVE],54.9800
"3,681",2017-10-10,ICE - BofAML MOVE Index [MOVE],53.8900
"3,682",2017-10-11,ICE - BofAML MOVE Index [MOVE],52.6900
"3,683",2017-10-12,ICE - BofAML MOVE Index [MOVE],51.8200
"3,684",2017-10-13,ICE - BofAML MOVE Index [MOVE],50.8500
"3,685",2017-10-17,ICE - BofAML MOVE Index [MOVE],49.0300
"3,686",2017-10-18,ICE - BofAML MOVE Index [MOVE],50.2900
"3,687",2017-10-19,ICE - BofAML MOVE Index [MOVE],51.4900
"3,688",2017-10-20,ICE - BofAML MOVE Index [MOVE],53.9800
"3,689",2017-10-23,ICE - BofAML MOVE Index [MOVE],54.1000
"3,690",2017-10-24,ICE - BofAML MOVE Index [MOVE],55.9400
"3,691",2017-10-25,ICE - BofAML MOVE Index [MOVE],57.3600
"3,692",2017-10-26,ICE - BofAML MOVE Index [MOVE],57.3500
"3,693",2017-10-27,ICE - BofAML MOVE Index [MOVE],54.6700
"3,694",2017-10-30,ICE - BofAML MOVE Index [MOVE],51.6900
"3,695",2017-10-31,ICE - BofAML MOVE Index [MOVE],51.1500
"3,696",2017-11-01,ICE - BofAML MOVE Index [MOVE],49.9400
"3,697",2017-11-02,ICE - BofAML MOVE Index [MOVE],48.7300
"3,698",2017-11-03,ICE - BofAML MOVE Index [MOVE],45.8300
"3,699",2017-11-06,ICE - BofAML MOVE Index [MOVE],45.0500
"3,700",2017-11-07,ICE - BofAML MOVE Index [MOVE],44.2000
"3,701",2017-11-08,ICE - BofAML MOVE Index [MOVE],43.9700
"3,702",2017-11-09,ICE - BofAML MOVE Index [MOVE],44.9900
"3,703",2017-11-10,ICE - BofAML MOVE Index [MOVE],47.2900
"3,704",2017-11-13,ICE - BofAML MOVE Index [MOVE],46.3900
"3,705",2017-11-14,ICE - BofAML MOVE Index [MOVE],47.7700
"3,706",2017-11-15,ICE - BofAML MOVE Index [MOVE],48.0000
"3,707",2017-11-16,ICE - BofAML MOVE Index [MOVE],47.7400
"3,708",2017-11-17,ICE - BofAML MOVE Index [MOVE],49.0900
"3,709",2017-11-20,ICE - BofAML MOVE Index [MOVE],48.1000
"3,710",2017-11-21,ICE - BofAML MOVE Index [MOVE],48.0900
"3,711",2017-11-22,ICE - BofAML MOVE Index [MOVE],46.8800
"3,712",2017-11-24,ICE - BofAML MOVE Index [MOVE],46.1600
"3,713",2017-11-27,ICE - BofAML MOVE Index [MOVE],45.2900
"3,714",2017-11-28,ICE - BofAML MOVE Index [MOVE],44.9300
"3,715",2017-11-29,ICE - BofAML MOVE Index [MOVE],45.5400
"3,716",2017-11-30,ICE - BofAML MOVE Index [MOVE],46.8300
"3,717",2017-12-01,ICE - BofAML MOVE Index [MOVE],50.1700
"3,718",2017-12-04,ICE - BofAML MOVE Index [MOVE],48.7600
"3,719",2017-12-05,ICE - BofAML MOVE Index [MOVE],49.2400
"3,720",2017-12-06,ICE - BofAML MOVE Index [MOVE],49.3200
"3,721",2017-12-07,ICE - BofAML MOVE Index [MOVE],49.2400
"3,722",2017-12-08,ICE - BofAML MOVE Index [MOVE],47.4900
"3,723",2017-12-11,ICE - BofAML MOVE Index [MOVE],46.5700
"3,724",2017-12-12,ICE - BofAML MOVE Index [MOVE],46.7500
"3,725",2017-12-13,ICE - BofAML MOVE Index [MOVE],45.0300
"3,726",2017-12-14,ICE - BofAML MOVE Index [MOVE],44.8400
"3,727",2017-12-15,ICE - BofAML MOVE Index [MOVE],46.4300
"3,728",2017-12-18,ICE - BofAML MOVE Index [MOVE],46.7300
"3,729",2017-12-19,ICE - BofAML MOVE Index [MOVE],48.9600
"3,730",2017-12-20,ICE - BofAML MOVE Index [MOVE],49.9500
"3,731",2017-12-21,ICE - BofAML MOVE Index [MOVE],51.6000
"3,732",2017-12-22,ICE - BofAML MOVE Index [MOVE],50.3800
"3,733",2017-12-26,ICE - BofAML MOVE Index [MOVE],48.8200
"3,734",2017-12-27,ICE - BofAML MOVE Index [MOVE],47.7300
"3,735",2017-12-28,ICE - BofAML MOVE Index [MOVE],46.1900
"3,736",2017-12-29,ICE - BofAML MOVE Index [MOVE],46.6000
"3,737",2018-01-02,ICE - BofAML MOVE Index [MOVE],49.1700
"3,738",2018-01-03,ICE - BofAML MOVE Index [MOVE],47.6000
"3,739",2018-01-04,ICE - BofAML MOVE Index [MOVE],47.3800
"3,740",2018-01-05,ICE - BofAML MOVE Index [MOVE],46.0700
"3,741",2018-01-08,ICE - BofAML MOVE Index [MOVE],45.9000
"3,742",2018-01-09,ICE - BofAML MOVE Index [MOVE],47.2900
"3,743",2018-01-10,ICE - BofAML MOVE Index [MOVE],49.1700
"3,744",2018-01-11,ICE - BofAML MOVE Index [MOVE],48.1900
"3,745",2018-01-12,ICE - BofAML MOVE Index [MOVE],47.6100
"3,746",2018-01-16,ICE - BofAML MOVE Index [MOVE],45.9100
"3,747",2018-01-17,ICE - BofAML MOVE Index [MOVE],45.8800
"3,748",2018-01-18,ICE - BofAML MOVE Index [MOVE],48.5500
"3,749",2018-01-22,ICE - BofAML MOVE Index [MOVE],52.6000
"3,750",2018-01-23,ICE - BofAML MOVE Index [MOVE],52.5500
"3,751",2018-01-24,ICE - BofAML MOVE Index [MOVE],54.1100
"3,752",2018-01-25,ICE - BofAML MOVE Index [MOVE],53.3800
"3,753",2018-01-26,ICE - BofAML MOVE Index [MOVE],55.6300
"3,754",2018-01-29,ICE - BofAML MOVE Index [MOVE],55.9800
"3,755",2018-01-30,ICE - BofAML MOVE Index [MOVE],57.2800
"3,756",2018-01-31,ICE - BofAML MOVE Index [MOVE],57.2000
"3,757",2018-02-01,ICE - BofAML MOVE Index [MOVE],57.8300
"3,758",2018-02-02,ICE - BofAML MOVE Index [MOVE],60.3300
"3,759",2018-02-05,ICE - BofAML MOVE Index [MOVE],60.4100
"3,760",2018-02-07,ICE - BofAML MOVE Index [MOVE],66.0700
"3,761",2018-02-08,ICE - BofAML MOVE Index [MOVE],67.8500
"3,762",2018-02-12,ICE - BofAML MOVE Index [MOVE],69.8600
"3,763",2018-02-13,ICE - BofAML MOVE Index [MOVE],68.9700
"3,764",2018-02-14,ICE - BofAML MOVE Index [MOVE],69.5200
"3,765",2018-02-15,ICE - BofAML MOVE Index [MOVE],66.6800
"3,766",2018-02-16,ICE - BofAML MOVE Index [MOVE],63.0300
"3,767",2018-02-20,ICE - BofAML MOVE Index [MOVE],60.2600
"3,768",2018-02-21,ICE - BofAML MOVE Index [MOVE],61.1600
"3,769",2018-02-22,ICE - BofAML MOVE Index [MOVE],61.1400
"3,770",2018-02-23,ICE - BofAML MOVE Index [MOVE],64.6000
"3,771",2018-02-26,ICE - BofAML MOVE Index [MOVE],63.7200
"3,772",2018-02-27,ICE - BofAML MOVE Index [MOVE],63.9300
"3,773",2018-02-28,ICE - BofAML MOVE Index [MOVE],62.9700
"3,774",2018-03-01,ICE - BofAML MOVE Index [MOVE],63.6600
"3,775",2018-03-02,ICE - BofAML MOVE Index [MOVE],65.3000
"3,776",2018-03-05,ICE - BofAML MOVE Index [MOVE],64.7100
"3,777",2018-03-06,ICE - BofAML MOVE Index [MOVE],63.5000
"3,778",2018-03-07,ICE - BofAML MOVE Index [MOVE],63.3500
"3,779",2018-03-08,ICE - BofAML MOVE Index [MOVE],61.5800
"3,780",2018-03-09,ICE - BofAML MOVE Index [MOVE],58.9700
"3,781",2018-03-12,ICE - BofAML MOVE Index [MOVE],58.2900
"3,782",2018-03-13,ICE - BofAML MOVE Index [MOVE],55.0700
"3,783",2018-03-14,ICE - BofAML MOVE Index [MOVE],57.8500
"3,784",2018-03-15,ICE - BofAML MOVE Index [MOVE],57.7100
"3,785",2018-03-16,ICE - BofAML MOVE Index [MOVE],59.0100
"3,786",2018-03-19,ICE - BofAML MOVE Index [MOVE],59.9800
"3,787",2018-03-20,ICE - BofAML MOVE Index [MOVE],57.8900
"3,788",2018-03-21,ICE - BofAML MOVE Index [MOVE],55.7200
"3,789",2018-03-22,ICE - BofAML MOVE Index [MOVE],55.9300
"3,790",2018-03-23,ICE - BofAML MOVE Index [MOVE],56.1700
"3,791",2018-03-26,ICE - BofAML MOVE Index [MOVE],54.5500
"3,792",2018-03-27,ICE - BofAML MOVE Index [MOVE],56.2700
"3,793",2018-03-28,ICE - BofAML MOVE Index [MOVE],58.3500
"3,794",2018-03-29,ICE - BofAML MOVE Index [MOVE],58.5400
"3,795",2018-04-02,ICE - BofAML MOVE Index [MOVE],58.6600
"3,796",2018-04-03,ICE - BofAML MOVE Index [MOVE],56.0200
"3,797",2018-04-04,ICE - BofAML MOVE Index [MOVE],55.3500
"3,798",2018-04-05,ICE - BofAML MOVE Index [MOVE],53.7200
"3,799",2018-04-06,ICE - BofAML MOVE Index [MOVE],56.0700
"3,800",2018-04-09,ICE - BofAML MOVE Index [MOVE],52.5100
"3,801",2018-04-10,ICE - BofAML MOVE Index [MOVE],51.4300
"3,802",2018-04-11,ICE - BofAML MOVE Index [MOVE],50.5000
"3,803",2018-04-12,ICE - BofAML MOVE Index [MOVE],51.4900
"3,804",2018-04-13,ICE - BofAML MOVE Index [MOVE],51.1400
"3,805",2018-04-16,ICE - BofAML MOVE Index [MOVE],49.7400
"3,806",2018-04-17,ICE - BofAML MOVE Index [MOVE],48.3400
"3,807",2018-04-18,ICE - BofAML MOVE Index [MOVE],50.0000
"3,808",2018-04-19,ICE - BofAML MOVE Index [MOVE],51.1000
"3,809",2018-04-20,ICE - BofAML MOVE Index [MOVE],52.7100
"3,810",2018-04-23,ICE - BofAML MOVE Index [MOVE],52.7900
"3,811",2018-04-24,ICE - BofAML MOVE Index [MOVE],53.0000
"3,812",2018-04-25,ICE - BofAML MOVE Index [MOVE],55.2000
"3,813",2018-04-26,ICE - BofAML MOVE Index [MOVE],53.1400
"3,814",2018-04-27,ICE - BofAML MOVE Index [MOVE],51.2700
"3,815",2018-04-30,ICE - BofAML MOVE Index [MOVE],50.3500
"3,816",2018-05-01,ICE - BofAML MOVE Index [MOVE],51.7800
"3,817",2018-05-02,ICE - BofAML MOVE Index [MOVE],49.0500
"3,818",2018-05-03,ICE - BofAML MOVE Index [MOVE],49.4300
"3,819",2018-05-07,ICE - BofAML MOVE Index [MOVE],48.0200
"3,820",2018-05-08,ICE - BofAML MOVE Index [MOVE],48.8200
"3,821",2018-05-09,ICE - BofAML MOVE Index [MOVE],49.3700
"3,822",2018-05-10,ICE - BofAML MOVE Index [MOVE],47.8100
"3,823",2018-05-11,ICE - BofAML MOVE Index [MOVE],47.0600
"3,824",2018-05-14,ICE - BofAML MOVE Index [MOVE],48.3400
"3,825",2018-05-15,ICE - BofAML MOVE Index [MOVE],52.6600
"3,826",2018-05-16,ICE - BofAML MOVE Index [MOVE],55.1300
"3,827",2018-05-17,ICE - BofAML MOVE Index [MOVE],54.1900
"3,828",2018-05-18,ICE - BofAML MOVE Index [MOVE],53.2600
"3,829",2018-05-21,ICE - BofAML MOVE Index [MOVE],53.0800
"3,830",2018-05-22,ICE - BofAML MOVE Index [MOVE],52.5700
"3,831",2018-05-23,ICE - BofAML MOVE Index [MOVE],53.2700
"3,832",2018-05-24,ICE - BofAML MOVE Index [MOVE],52.1600
"3,833",2018-05-25,ICE - BofAML MOVE Index [MOVE],54.1000
"3,834",2018-05-29,ICE - BofAML MOVE Index [MOVE],63.0000
"3,835",2018-05-30,ICE - BofAML MOVE Index [MOVE],61.8600
"3,836",2018-05-31,ICE - BofAML MOVE Index [MOVE],60.5400
"3,837",2018-06-01,ICE - BofAML MOVE Index [MOVE],56.9400
"3,838",2018-06-04,ICE - BofAML MOVE Index [MOVE],54.3000
"3,839",2018-06-05,ICE - BofAML MOVE Index [MOVE],54.4600
"3,840",2018-06-06,ICE - BofAML MOVE Index [MOVE],56.4400
"3,841",2018-06-07,ICE - BofAML MOVE Index [MOVE],56.5800
"3,842",2018-06-08,ICE - BofAML MOVE Index [MOVE],59.5700
"3,843",2018-06-11,ICE - BofAML MOVE Index [MOVE],57.8300
"3,844",2018-06-12,ICE - BofAML MOVE Index [MOVE],55.9600
"3,845",2018-06-13,ICE - BofAML MOVE Index [MOVE],53.7900
"3,846",2018-06-14,ICE - BofAML MOVE Index [MOVE],52.5000
"3,847",2018-06-15,ICE - BofAML MOVE Index [MOVE],53.0800
"3,848",2018-06-18,ICE - BofAML MOVE Index [MOVE],52.3300
"3,849",2018-06-19,ICE - BofAML MOVE Index [MOVE],52.4000
"3,850",2018-06-20,ICE - BofAML MOVE Index [MOVE],51.9200
"3,851",2018-06-21,ICE - BofAML MOVE Index [MOVE],53.0900
"3,852",2018-06-22,ICE - BofAML MOVE Index [MOVE],53.0300
"3,853",2018-06-25,ICE - BofAML MOVE Index [MOVE],53.0400
"3,854",2018-06-26,ICE - BofAML MOVE Index [MOVE],51.3000
"3,855",2018-06-27,ICE - BofAML MOVE Index [MOVE],53.0500
"3,856",2018-06-28,ICE - BofAML MOVE Index [MOVE],52.1300
"3,857",2018-06-29,ICE - BofAML MOVE Index [MOVE],51.1700
"3,858",2018-07-02,ICE - BofAML MOVE Index [MOVE],50.2500
"3,859",2018-07-03,ICE - BofAML MOVE Index [MOVE],51.2200
"3,860",2018-07-05,ICE - BofAML MOVE Index [MOVE],51.4600
"3,861",2018-07-06,ICE - BofAML MOVE Index [MOVE],50.1300
"3,862",2018-07-09,ICE - BofAML MOVE Index [MOVE],49.6900
"3,863",2018-07-10,ICE - BofAML MOVE Index [MOVE],49.8100
"3,864",2018-07-11,ICE - BofAML MOVE Index [MOVE],50.4800
"3,865",2018-07-12,ICE - BofAML MOVE Index [MOVE],48.5700
"3,866",2018-07-13,ICE - BofAML MOVE Index [MOVE],48.2800
"3,867",2018-07-16,ICE - BofAML MOVE Index [MOVE],47.7900
"3,868",2018-07-17,ICE - BofAML MOVE Index [MOVE],46.6400
"3,869",2018-07-18,ICE - BofAML MOVE Index [MOVE],45.2600
"3,870",2018-07-19,ICE - BofAML MOVE Index [MOVE],47.1100
"3,871",2018-07-20,ICE - BofAML MOVE Index [MOVE],49.0500
"3,872",2018-07-23,ICE - BofAML MOVE Index [MOVE],51.5100
"3,873",2018-07-24,ICE - BofAML MOVE Index [MOVE],50.3100
"3,874",2018-07-25,ICE - BofAML MOVE Index [MOVE],48.2900
"3,875",2018-07-26,ICE - BofAML MOVE Index [MOVE],49.2700
"3,876",2018-07-27,ICE - BofAML MOVE Index [MOVE],48.8300
"3,877",2018-07-30,ICE - BofAML MOVE Index [MOVE],49.4200
"3,878",2018-07-31,ICE - BofAML MOVE Index [MOVE],46.5000
"3,879",2018-08-01,ICE - BofAML MOVE Index [MOVE],48.3800
"3,880",2018-08-02,ICE - BofAML MOVE Index [MOVE],48.0000
"3,881",2018-08-03,ICE - BofAML MOVE Index [MOVE],47.6700
"3,882",2018-08-06,ICE - BofAML MOVE Index [MOVE],46.8600
"3,883",2018-08-07,ICE - BofAML MOVE Index [MOVE],47.1500
"3,884",2018-08-08,ICE - BofAML MOVE Index [MOVE],46.8400
"3,885",2018-08-09,ICE - BofAML MOVE Index [MOVE],47.3500
"3,886",2018-08-10,ICE - BofAML MOVE Index [MOVE],50.6300
"3,887",2018-08-13,ICE - BofAML MOVE Index [MOVE],50.7700
"3,888",2018-08-14,ICE - BofAML MOVE Index [MOVE],49.8400
"3,889",2018-08-15,ICE - BofAML MOVE Index [MOVE],51.5200
"3,890",2018-08-16,ICE - BofAML MOVE Index [MOVE],50.6100
"3,891",2018-08-17,ICE - BofAML MOVE Index [MOVE],50.6900
"3,892",2018-08-20,ICE - BofAML MOVE Index [MOVE],50.9700
"3,893",2018-08-21,ICE - BofAML MOVE Index [MOVE],50.3200
"3,894",2018-08-22,ICE - BofAML MOVE Index [MOVE],49.6400
"3,895",2018-08-23,ICE - BofAML MOVE Index [MOVE],49.2000
"3,896",2018-08-24,ICE - BofAML MOVE Index [MOVE],49.1600
"3,897",2018-08-27,ICE - BofAML MOVE Index [MOVE],49.3800
"3,898",2018-08-28,ICE - BofAML MOVE Index [MOVE],49.9500
"3,899",2018-08-29,ICE - BofAML MOVE Index [MOVE],49.1000
"3,900",2018-08-30,ICE - BofAML MOVE Index [MOVE],50.4100
"3,901",2018-08-31,ICE - BofAML MOVE Index [MOVE],50.7100
"3,902",2018-09-04,ICE - BofAML MOVE Index [MOVE],49.5700
"3,903",2018-09-05,ICE - BofAML MOVE Index [MOVE],48.4000
"3,904",2018-09-06,ICE - BofAML MOVE Index [MOVE],48.6500
"3,905",2018-09-07,ICE - BofAML MOVE Index [MOVE],49.4300
"3,906",2018-09-10,ICE - BofAML MOVE Index [MOVE],47.6900
"3,907",2018-09-11,ICE - BofAML MOVE Index [MOVE],47.9700
"3,908",2018-09-12,ICE - BofAML MOVE Index [MOVE],46.7900
"3,909",2018-09-13,ICE - BofAML MOVE Index [MOVE],46.0600
"3,910",2018-09-14,ICE - BofAML MOVE Index [MOVE],47.4500
"3,911",2018-09-17,ICE - BofAML MOVE Index [MOVE],46.8100
"3,912",2018-09-18,ICE - BofAML MOVE Index [MOVE],47.9700
"3,913",2018-09-19,ICE - BofAML MOVE Index [MOVE],48.7900
"3,914",2018-09-20,ICE - BofAML MOVE Index [MOVE],49.3400
"3,915",2018-09-21,ICE - BofAML MOVE Index [MOVE],48.8300
"3,916",2018-09-24,ICE - BofAML MOVE Index [MOVE],48.3100
"3,917",2018-09-25,ICE - BofAML MOVE Index [MOVE],49.3800
"3,918",2018-09-26,ICE - BofAML MOVE Index [MOVE],47.4400
"3,919",2018-09-27,ICE - BofAML MOVE Index [MOVE],45.7100
"3,920",2018-09-28,ICE - BofAML MOVE Index [MOVE],46.1600
"3,921",2018-10-01,ICE - BofAML MOVE Index [MOVE],44.2800
"3,922",2018-10-02,ICE - BofAML MOVE Index [MOVE],45.3500
"3,923",2018-10-03,ICE - BofAML MOVE Index [MOVE],50.2100
"3,924",2018-10-04,ICE - BofAML MOVE Index [MOVE],55.0700
"3,925",2018-10-05,ICE - BofAML MOVE Index [MOVE],55.1900
"3,926",2018-10-09,ICE - BofAML MOVE Index [MOVE],53.4500
"3,927",2018-10-10,ICE - BofAML MOVE Index [MOVE],55.7000
"3,928",2018-10-11,ICE - BofAML MOVE Index [MOVE],56.0700
"3,929",2018-10-12,ICE - BofAML MOVE Index [MOVE],54.3700
"3,930",2018-10-15,ICE - BofAML MOVE Index [MOVE],51.2500
"3,931",2018-10-16,ICE - BofAML MOVE Index [MOVE],50.1800
"3,932",2018-10-17,ICE - BofAML MOVE Index [MOVE],48.9900
"3,933",2018-10-18,ICE - BofAML MOVE Index [MOVE],52.6300
"3,934",2018-10-19,ICE - BofAML MOVE Index [MOVE],52.0400
"3,935",2018-10-22,ICE - BofAML MOVE Index [MOVE],51.8500
"3,936",2018-10-23,ICE - BofAML MOVE Index [MOVE],55.0100
"3,937",2018-10-24,ICE - BofAML MOVE Index [MOVE],57.6900
"3,938",2018-10-25,ICE - BofAML MOVE Index [MOVE],56.7000
"3,939",2018-10-26,ICE - BofAML MOVE Index [MOVE],62.7000
"3,940",2018-10-29,ICE - BofAML MOVE Index [MOVE],59.7700
"3,941",2018-10-30,ICE - BofAML MOVE Index [MOVE],61.7900
"3,942",2018-10-31,ICE - BofAML MOVE Index [MOVE],60.1300
"3,943",2018-11-01,ICE - BofAML MOVE Index [MOVE],58.5400
"3,944",2018-11-02,ICE - BofAML MOVE Index [MOVE],61.4200
"3,945",2018-11-05,ICE - BofAML MOVE Index [MOVE],59.9000
"3,946",2018-11-06,ICE - BofAML MOVE Index [MOVE],59.0100
"3,947",2018-11-08,ICE - BofAML MOVE Index [MOVE],51.5800
"3,948",2018-11-09,ICE - BofAML MOVE Index [MOVE],53.5400
"3,949",2018-11-13,ICE - BofAML MOVE Index [MOVE],52.2300
"3,950",2018-11-14,ICE - BofAML MOVE Index [MOVE],53.9000
"3,951",2018-11-15,ICE - BofAML MOVE Index [MOVE],56.2200
"3,952",2018-11-16,ICE - BofAML MOVE Index [MOVE],60.4300
"3,953",2018-11-19,ICE - BofAML MOVE Index [MOVE],59.4700
"3,954",2018-11-20,ICE - BofAML MOVE Index [MOVE],59.4900
"3,955",2018-11-21,ICE - BofAML MOVE Index [MOVE],57.6500
"3,956",2018-11-23,ICE - BofAML MOVE Index [MOVE],57.3100
"3,957",2018-11-26,ICE - BofAML MOVE Index [MOVE],51.5300
"3,958",2018-11-27,ICE - BofAML MOVE Index [MOVE],51.2400
"3,959",2018-11-28,ICE - BofAML MOVE Index [MOVE],50.7600
"3,960",2018-11-29,ICE - BofAML MOVE Index [MOVE],50.9200
"3,961",2018-11-30,ICE - BofAML MOVE Index [MOVE],52.4300
"3,962",2018-12-03,ICE - BofAML MOVE Index [MOVE],50.3100
"3,963",2018-12-04,ICE - BofAML MOVE Index [MOVE],53.8600
"3,964",2018-12-07,ICE - BofAML MOVE Index [MOVE],60.7400
"3,965",2018-12-10,ICE - BofAML MOVE Index [MOVE],60.2600
"3,966",2018-12-11,ICE - BofAML MOVE Index [MOVE],58.7300
"3,967",2018-12-12,ICE - BofAML MOVE Index [MOVE],58.2300
"3,968",2018-12-13,ICE - BofAML MOVE Index [MOVE],55.7500
"3,969",2018-12-14,ICE - BofAML MOVE Index [MOVE],56.1300
"3,970",2018-12-17,ICE - BofAML MOVE Index [MOVE],55.4100
"3,971",2018-12-18,ICE - BofAML MOVE Index [MOVE],59.4000
"3,972",2018-12-19,ICE - BofAML MOVE Index [MOVE],59.0100
"3,973",2018-12-20,ICE - BofAML MOVE Index [MOVE],58.7600
"3,974",2018-12-21,ICE - BofAML MOVE Index [MOVE],61.6100
"3,975",2018-12-24,ICE - BofAML MOVE Index [MOVE],66.0400
"3,976",2018-12-26,ICE - BofAML MOVE Index [MOVE],63.8900
"3,977",2018-12-27,ICE - BofAML MOVE Index [MOVE],68.3400
"3,978",2018-12-28,ICE - BofAML MOVE Index [MOVE],66.6600
"3,979",2018-12-31,ICE - BofAML MOVE Index [MOVE],66.5800
"3,980",2019-01-02,ICE - BofAML MOVE Index [MOVE],62.8000
"3,981",2019-01-03,ICE - BofAML MOVE Index [MOVE],65.7900
"3,982",2019-01-04,ICE - BofAML MOVE Index [MOVE],65.8200
"3,983",2019-01-07,ICE - BofAML MOVE Index [MOVE],60.8800
"3,984",2019-01-08,ICE - BofAML MOVE Index [MOVE],59.0400
"3,985",2019-01-09,ICE - BofAML MOVE Index [MOVE],57.0200
"3,986",2019-01-10,ICE - BofAML MOVE Index [MOVE],56.6500
"3,987",2019-01-11,ICE - BofAML MOVE Index [MOVE],55.9400
"3,988",2019-01-14,ICE - BofAML MOVE Index [MOVE],55.3400
"3,989",2019-01-15,ICE - BofAML MOVE Index [MOVE],53.0100
"3,990",2019-01-16,ICE - BofAML MOVE Index [MOVE],51.9500
"3,991",2019-01-17,ICE - BofAML MOVE Index [MOVE],53.4400
"3,992",2019-01-18,ICE - BofAML MOVE Index [MOVE],53.7800
"3,993",2019-01-22,ICE - BofAML MOVE Index [MOVE],54.6400
"3,994",2019-01-23,ICE - BofAML MOVE Index [MOVE],54.1900
"3,995",2019-01-24,ICE - BofAML MOVE Index [MOVE],54.1800
"3,996",2019-01-25,ICE - BofAML MOVE Index [MOVE],52.5000
"3,997",2019-01-28,ICE - BofAML MOVE Index [MOVE],50.9500
"3,998",2019-01-29,ICE - BofAML MOVE Index [MOVE],49.8000
"3,999",2019-01-30,ICE - BofAML MOVE Index [MOVE],48.3200
"4,000",2019-01-31,ICE - BofAML MOVE Index [MOVE],49.8100
"4,001",2019-02-01,ICE - BofAML MOVE Index [MOVE],48.7900
"4,002",2019-02-04,ICE - BofAML MOVE Index [MOVE],48.8700
"4,003",2019-02-05,ICE - BofAML MOVE Index [MOVE],48.6200
"4,004",2019-02-06,ICE - BofAML MOVE Index [MOVE],47.4400
"4,005",2019-02-07,ICE - BofAML MOVE Index [MOVE],48.9700
"4,006",2019-02-08,ICE - BofAML MOVE Index [MOVE],49.6300
"4,007",2019-02-11,ICE - BofAML MOVE Index [MOVE],48.3200
"4,008",2019-02-12,ICE - BofAML MOVE Index [MOVE],49.0200
"4,009",2019-02-13,ICE - BofAML MOVE Index [MOVE],48.1700
"4,010",2019-02-14,ICE - BofAML MOVE Index [MOVE],47.1900
"4,011",2019-02-15,ICE - BofAML MOVE Index [MOVE],45.7300
"4,012",2019-02-19,ICE - BofAML MOVE Index [MOVE],45.0600
"4,013",2019-02-20,ICE - BofAML MOVE Index [MOVE],44.5400
"4,014",2019-02-21,ICE - BofAML MOVE Index [MOVE],46.5500
"4,015",2019-02-22,ICE - BofAML MOVE Index [MOVE],47.2200
"4,016",2019-02-25,ICE - BofAML MOVE Index [MOVE],46.1600
"4,017",2019-02-26,ICE - BofAML MOVE Index [MOVE],46.2800
"4,018",2019-02-28,ICE - BofAML MOVE Index [MOVE],47.2200
"4,019",2019-03-01,ICE - BofAML MOVE Index [MOVE],47.9000
"4,020",2019-03-04,ICE - BofAML MOVE Index [MOVE],46.7400
"4,021",2019-03-05,ICE - BofAML MOVE Index [MOVE],45.8600
"4,022",2019-03-06,ICE - BofAML MOVE Index [MOVE],45.6300
"4,023",2019-03-07,ICE - BofAML MOVE Index [MOVE],45.8300
"4,024",2019-03-08,ICE - BofAML MOVE Index [MOVE],45.8300
"4,025",2019-03-11,ICE - BofAML MOVE Index [MOVE],44.8400
"4,026",2019-03-12,ICE - BofAML MOVE Index [MOVE],44.8600
"4,027",2019-03-13,ICE - BofAML MOVE Index [MOVE],44.5700
"4,028",2019-03-14,ICE - BofAML MOVE Index [MOVE],45.2400
"4,029",2019-03-15,ICE - BofAML MOVE Index [MOVE],46.0500
"4,030",2019-03-18,ICE - BofAML MOVE Index [MOVE],44.9500
"4,031",2019-03-19,ICE - BofAML MOVE Index [MOVE],43.6800
"4,032",2019-03-20,ICE - BofAML MOVE Index [MOVE],42.5300
"4,033",2019-03-21,ICE - BofAML MOVE Index [MOVE],44.5100
"4,034",2019-03-22,ICE - BofAML MOVE Index [MOVE],52.2600
"4,035",2019-03-25,ICE - BofAML MOVE Index [MOVE],57.1100
"4,036",2019-03-26,ICE - BofAML MOVE Index [MOVE],56.5100
"4,037",2019-03-27,ICE - BofAML MOVE Index [MOVE],60.9700
"4,038",2019-03-28,ICE - BofAML MOVE Index [MOVE],59.9300
"4,039",2019-03-29,ICE - BofAML MOVE Index [MOVE],58.5500
"4,040",2019-04-01,ICE - BofAML MOVE Index [MOVE],52.6900
"4,041",2019-04-02,ICE - BofAML MOVE Index [MOVE],54.2100
"4,042",2019-04-03,ICE - BofAML MOVE Index [MOVE],53.8400
"4,043",2019-04-04,ICE - BofAML MOVE Index [MOVE],51.7000
"4,044",2019-04-05,ICE - BofAML MOVE Index [MOVE],49.2200
"4,045",2019-04-08,ICE - BofAML MOVE Index [MOVE],47.8900
"4,046",2019-04-09,ICE - BofAML MOVE Index [MOVE],48.8300
"4,047",2019-04-10,ICE - BofAML MOVE Index [MOVE],48.6000
"4,048",2019-04-11,ICE - BofAML MOVE Index [MOVE],46.9000
"4,049",2019-04-12,ICE - BofAML MOVE Index [MOVE],48.8400
"4,050",2019-04-15,ICE - BofAML MOVE Index [MOVE],47.6400
"4,051",2019-04-16,ICE - BofAML MOVE Index [MOVE],48.3100
"4,052",2019-04-17,ICE - BofAML MOVE Index [MOVE],48.6500
"4,053",2019-04-18,ICE - BofAML MOVE Index [MOVE],49.2300
"4,054",2019-04-22,ICE - BofAML MOVE Index [MOVE],48.7800
"4,055",2019-04-23,ICE - BofAML MOVE Index [MOVE],49.7900
"4,056",2019-04-24,ICE - BofAML MOVE Index [MOVE],50.5200
"4,057",2019-04-25,ICE - BofAML MOVE Index [MOVE],49.7900
"4,058",2019-04-26,ICE - BofAML MOVE Index [MOVE],49.4300
"4,059",2019-04-29,ICE - BofAML MOVE Index [MOVE],48.0500
"4,060",2019-04-30,ICE - BofAML MOVE Index [MOVE],49.4700
"4,061",2019-05-01,ICE - BofAML MOVE Index [MOVE],46.7500
"4,062",2019-05-02,ICE - BofAML MOVE Index [MOVE],46.7200
"4,063",2019-05-03,ICE - BofAML MOVE Index [MOVE],45.7800
"4,064",2019-05-06,ICE - BofAML MOVE Index [MOVE],47.8200
"4,065",2019-05-07,ICE - BofAML MOVE Index [MOVE],52.3600
"4,066",2019-05-08,ICE - BofAML MOVE Index [MOVE],51.3100
"4,067",2019-05-09,ICE - BofAML MOVE Index [MOVE],54.7200
"4,068",2019-05-10,ICE - BofAML MOVE Index [MOVE],53.4900
"4,069",2019-05-13,ICE - BofAML MOVE Index [MOVE],57.8900
"4,070",2019-05-14,ICE - BofAML MOVE Index [MOVE],55.3500
"4,071",2019-05-15,ICE - BofAML MOVE Index [MOVE],57.4000
"4,072",2019-05-16,ICE - BofAML MOVE Index [MOVE],56.9800
"4,073",2019-05-17,ICE - BofAML MOVE Index [MOVE],56.9700
"4,074",2019-05-20,ICE - BofAML MOVE Index [MOVE],56.5500
"4,075",2019-05-21,ICE - BofAML MOVE Index [MOVE],55.3500
"4,076",2019-05-22,ICE - BofAML MOVE Index [MOVE],54.9600
"4,077",2019-05-23,ICE - BofAML MOVE Index [MOVE],61.0700
"4,078",2019-05-24,ICE - BofAML MOVE Index [MOVE],60.5400
"4,079",2019-05-28,ICE - BofAML MOVE Index [MOVE],61.7700
"4,080",2019-05-29,ICE - BofAML MOVE Index [MOVE],63.1600
"4,081",2019-05-30,ICE - BofAML MOVE Index [MOVE],61.7400
"4,082",2019-05-31,ICE - BofAML MOVE Index [MOVE],72.6800
"4,083",2019-06-03,ICE - BofAML MOVE Index [MOVE],73.5600
"4,084",2019-06-04,ICE - BofAML MOVE Index [MOVE],75.2600
"4,085",2019-06-05,ICE - BofAML MOVE Index [MOVE],77.6400
"4,086",2019-06-06,ICE - BofAML MOVE Index [MOVE],73.4200
"4,087",2019-06-07,ICE - BofAML MOVE Index [MOVE],68.6900
"4,088",2019-06-10,ICE - BofAML MOVE Index [MOVE],65.6200
"4,089",2019-06-11,ICE - BofAML MOVE Index [MOVE],64.9300
"4,090",2019-06-12,ICE - BofAML MOVE Index [MOVE],68.4300
"4,091",2019-06-13,ICE - BofAML MOVE Index [MOVE],75.7400
"4,092",2019-06-14,ICE - BofAML MOVE Index [MOVE],80.8200
"4,093",2019-06-17,ICE - BofAML MOVE Index [MOVE],76.8800
"4,094",2019-06-18,ICE - BofAML MOVE Index [MOVE],76.7400
"4,095",2019-06-19,ICE - BofAML MOVE Index [MOVE],71.3700
"4,096",2019-06-20,ICE - BofAML MOVE Index [MOVE],72.3700
"4,097",2019-06-21,ICE - BofAML MOVE Index [MOVE],74.6300
"4,098",2019-06-24,ICE - BofAML MOVE Index [MOVE],73.7600
"4,099",2019-06-25,ICE - BofAML MOVE Index [MOVE],74.2200
"4,100",2019-06-26,ICE - BofAML MOVE Index [MOVE],73.7300
"4,101",2019-06-27,ICE - BofAML MOVE Index [MOVE],69.9200
"4,102",2019-06-28,ICE - BofAML MOVE Index [MOVE],70.4300
"4,103",2019-07-01,ICE - BofAML MOVE Index [MOVE],66.5300
"4,104",2019-07-02,ICE - BofAML MOVE Index [MOVE],68.6000
"4,105",2019-07-03,ICE - BofAML MOVE Index [MOVE],68.3300
"4,106",2019-07-05,ICE - BofAML MOVE Index [MOVE],65.2800
"4,107",2019-07-08,ICE - BofAML MOVE Index [MOVE],63.2200
"4,108",2019-07-09,ICE - BofAML MOVE Index [MOVE],62.9000
"4,109",2019-07-10,ICE - BofAML MOVE Index [MOVE],62.3900
"4,110",2019-07-11,ICE - BofAML MOVE Index [MOVE],62.9600
"4,111",2019-07-12,ICE - BofAML MOVE Index [MOVE],62.7800
"4,112",2019-07-15,ICE - BofAML MOVE Index [MOVE],61.9000
"4,113",2019-07-16,ICE - BofAML MOVE Index [MOVE],61.2900
"4,114",2019-07-17,ICE - BofAML MOVE Index [MOVE],62.2900
"4,115",2019-07-18,ICE - BofAML MOVE Index [MOVE],63.1200
"4,116",2019-07-19,ICE - BofAML MOVE Index [MOVE],63.8600
"4,117",2019-07-22,ICE - BofAML MOVE Index [MOVE],60.9700
"4,118",2019-07-23,ICE - BofAML MOVE Index [MOVE],61.2300
"4,119",2019-07-24,ICE - BofAML MOVE Index [MOVE],60.7100
"4,120",2019-07-25,ICE - BofAML MOVE Index [MOVE],60.9900
"4,121",2019-07-26,ICE - BofAML MOVE Index [MOVE],58.9000
"4,122",2019-07-29,ICE - BofAML MOVE Index [MOVE],58.5500
"4,123",2019-07-30,ICE - BofAML MOVE Index [MOVE],57.8400
"4,124",2019-07-31,ICE - BofAML MOVE Index [MOVE],55.2500
"4,125",2019-08-01,ICE - BofAML MOVE Index [MOVE],64.6800
"4,126",2019-08-02,ICE - BofAML MOVE Index [MOVE],66.1100
"4,127",2019-08-05,ICE - BofAML MOVE Index [MOVE],77.2400
"4,128",2019-08-06,ICE - BofAML MOVE Index [MOVE],73.9200
"4,129",2019-08-07,ICE - BofAML MOVE Index [MOVE],79.0800
"4,130",2019-08-08,ICE - BofAML MOVE Index [MOVE],78.5500
"4,131",2019-08-09,ICE - BofAML MOVE Index [MOVE],78.9700
"4,132",2019-08-12,ICE - BofAML MOVE Index [MOVE],81.5800
"4,133",2019-08-13,ICE - BofAML MOVE Index [MOVE],77.7000
"4,134",2019-08-14,ICE - BofAML MOVE Index [MOVE],87.2200
"4,135",2019-08-15,ICE - BofAML MOVE Index [MOVE],90.6200
"4,136",2019-08-16,ICE - BofAML MOVE Index [MOVE],89.5200
"4,137",2019-08-19,ICE - BofAML MOVE Index [MOVE],86.4900
"4,138",2019-08-20,ICE - BofAML MOVE Index [MOVE],86.8600
"4,139",2019-08-21,ICE - BofAML MOVE Index [MOVE],84.5100
"4,140",2019-08-22,ICE - BofAML MOVE Index [MOVE],83.1500
"4,141",2019-08-23,ICE - BofAML MOVE Index [MOVE],91.8200
"4,142",2019-08-26,ICE - BofAML MOVE Index [MOVE],87.9800
"4,143",2019-08-27,ICE - BofAML MOVE Index [MOVE],88.6700
"4,144",2019-08-28,ICE - BofAML MOVE Index [MOVE],89.8700
"4,145",2019-08-29,ICE - BofAML MOVE Index [MOVE],86.9400
"4,146",2019-08-30,ICE - BofAML MOVE Index [MOVE],86.8900
"4,147",2019-09-03,ICE - BofAML MOVE Index [MOVE],85.2700
"4,148",2019-09-04,ICE - BofAML MOVE Index [MOVE],81.6000
"4,149",2019-09-05,ICE - BofAML MOVE Index [MOVE],79.9200
"4,150",2019-09-06,ICE - BofAML MOVE Index [MOVE],78.8200
"4,151",2019-09-09,ICE - BofAML MOVE Index [MOVE],76.4400
"4,152",2019-09-10,ICE - BofAML MOVE Index [MOVE],76.7800
"4,153",2019-09-11,ICE - BofAML MOVE Index [MOVE],76.7000
"4,154",2019-09-12,ICE - BofAML MOVE Index [MOVE],77.5700
"4,155",2019-09-13,ICE - BofAML MOVE Index [MOVE],85.5300
"4,156",2019-09-16,ICE - BofAML MOVE Index [MOVE],85.9500
"4,157",2019-09-17,ICE - BofAML MOVE Index [MOVE],84.7600
"4,158",2019-09-18,ICE - BofAML MOVE Index [MOVE],79.6600
"4,159",2019-09-19,ICE - BofAML MOVE Index [MOVE],78.1400
"4,160",2019-09-20,ICE - BofAML MOVE Index [MOVE],80.0700
"4,161",2019-09-23,ICE - BofAML MOVE Index [MOVE],81.0100
"4,162",2019-09-24,ICE - BofAML MOVE Index [MOVE],83.0700
"4,163",2019-09-25,ICE - BofAML MOVE Index [MOVE],80.2200
"4,164",2019-09-26,ICE - BofAML MOVE Index [MOVE],79.8700
"4,165",2019-09-27,ICE - BofAML MOVE Index [MOVE],79.9700
"4,166",2019-09-30,ICE - BofAML MOVE Index [MOVE],77.2000
"4,167",2019-10-01,ICE - BofAML MOVE Index [MOVE],85.6100
"4,168",2019-10-02,ICE - BofAML MOVE Index [MOVE],89.3900
"4,169",2019-10-03,ICE - BofAML MOVE Index [MOVE],87.9400
"4,170",2019-10-04,ICE - BofAML MOVE Index [MOVE],83.1500
"4,171",2019-10-07,ICE - BofAML MOVE Index [MOVE],81.8600
"4,172",2019-10-08,ICE - BofAML MOVE Index [MOVE],80.4700
"4,173",2019-10-09,ICE - BofAML MOVE Index [MOVE],79.3100
"4,174",2019-10-10,ICE - BofAML MOVE Index [MOVE],80.1400
"4,175",2019-10-11,ICE - BofAML MOVE Index [MOVE],79.8600
"4,176",2019-10-15,ICE - BofAML MOVE Index [MOVE],80.0600
"4,177",2019-10-16,ICE - BofAML MOVE Index [MOVE],77.9400
"4,178",2019-10-17,ICE - BofAML MOVE Index [MOVE],77.6100
"4,179",2019-10-18,ICE - BofAML MOVE Index [MOVE],78.3500
"4,180",2019-10-21,ICE - BofAML MOVE Index [MOVE],80.2500
"4,181",2019-10-22,ICE - BofAML MOVE Index [MOVE],78.7300
"4,182",2019-10-23,ICE - BofAML MOVE Index [MOVE],73.0300
"4,183",2019-10-24,ICE - BofAML MOVE Index [MOVE],68.9700
"4,184",2019-10-25,ICE - BofAML MOVE Index [MOVE],67.0700
"4,185",2019-10-28,ICE - BofAML MOVE Index [MOVE],67.4100
"4,186",2019-10-29,ICE - BofAML MOVE Index [MOVE],67.6100
"4,187",2019-10-30,ICE - BofAML MOVE Index [MOVE],63.3200
"4,188",2019-10-31,ICE - BofAML MOVE Index [MOVE],65.8800
"4,189",2019-11-01,ICE - BofAML MOVE Index [MOVE],57.2800
"4,190",2019-11-04,ICE - BofAML MOVE Index [MOVE],60.1800
"4,191",2019-11-05,ICE - BofAML MOVE Index [MOVE],61.4800
"4,192",2019-11-06,ICE - BofAML MOVE Index [MOVE],61.7300
"4,193",2019-11-07,ICE - BofAML MOVE Index [MOVE],67.0800
"4,194",2019-11-08,ICE - BofAML MOVE Index [MOVE],64.4400
"4,195",2019-11-11,ICE - BofAML MOVE Index [MOVE],64.4400
"4,196",2019-11-12,ICE - BofAML MOVE Index [MOVE],69.8200
"4,197",2019-11-13,ICE - BofAML MOVE Index [MOVE],66.1000
"4,198",2019-11-14,ICE - BofAML MOVE Index [MOVE],64.1700
"4,199",2019-11-15,ICE - BofAML MOVE Index [MOVE],61.7000
"4,200",2019-11-18,ICE - BofAML MOVE Index [MOVE],64.1300
"4,201",2019-11-19,ICE - BofAML MOVE Index [MOVE],62.6400
"4,202",2019-11-20,ICE - BofAML MOVE Index [MOVE],65.5800
"4,203",2019-11-21,ICE - BofAML MOVE Index [MOVE],61.8300
"4,204",2019-11-22,ICE - BofAML MOVE Index [MOVE],62.1700
"4,205",2019-11-25,ICE - BofAML MOVE Index [MOVE],61.5500
"4,206",2019-11-26,ICE - BofAML MOVE Index [MOVE],60.3900
"4,207",2019-11-27,ICE - BofAML MOVE Index [MOVE],57.6200
"4,208",2019-11-28,ICE - BofAML MOVE Index [MOVE],57.6200
"4,209",2019-11-29,ICE - BofAML MOVE Index [MOVE],56.5700
"4,210",2019-12-02,ICE - BofAML MOVE Index [MOVE],59.4200
"4,211",2019-12-03,ICE - BofAML MOVE Index [MOVE],64.6200
"4,212",2019-12-04,ICE - BofAML MOVE Index [MOVE],63.0100
"4,213",2019-12-05,ICE - BofAML MOVE Index [MOVE],63.7300
"4,214",2019-12-06,ICE - BofAML MOVE Index [MOVE],64.0700
"4,215",2019-12-09,ICE - BofAML MOVE Index [MOVE],67.2900
"4,216",2019-12-10,ICE - BofAML MOVE Index [MOVE],67.0900
"4,217",2019-12-11,ICE - BofAML MOVE Index [MOVE],61.3000
"4,218",2019-12-12,ICE - BofAML MOVE Index [MOVE],61.6300
"4,219",2019-12-13,ICE - BofAML MOVE Index [MOVE],56.4400
"4,220",2019-12-16,ICE - BofAML MOVE Index [MOVE],56.1300
"4,221",2019-12-17,ICE - BofAML MOVE Index [MOVE],55.3800
"4,222",2019-12-18,ICE - BofAML MOVE Index [MOVE],53.4100
"4,223",2019-12-19,ICE - BofAML MOVE Index [MOVE],53.7000
"4,224",2019-12-20,ICE - BofAML MOVE Index [MOVE],54.1900
"4,225",2019-12-23,ICE - BofAML MOVE Index [MOVE],55.3100
"4,226",2019-12-24,ICE - BofAML MOVE Index [MOVE],58.3200
"4,227",2019-12-25,ICE - BofAML MOVE Index [MOVE],58.3200
"4,228",2019-12-26,ICE - BofAML MOVE Index [MOVE],56.4200
"4,229",2019-12-27,ICE - BofAML MOVE Index [MOVE],55.3000
"4,230",2019-12-30,ICE - BofAML MOVE Index [MOVE],59.6300
"4,231",2019-12-31,ICE - BofAML MOVE Index [MOVE],58.2800
"4,232",2020-01-01,ICE - BofAML MOVE Index [MOVE],58.2800
"4,233",2020-01-02,ICE - BofAML MOVE Index [MOVE],57.2000
"4,234",2020-01-03,ICE - BofAML MOVE Index [MOVE],60.1200
"4,235",2020-01-06,ICE - BofAML MOVE Index [MOVE],62.7900
"4,236",2020-01-07,ICE - BofAML MOVE Index [MOVE],62.6300
"4,237",2020-01-08,ICE - BofAML MOVE Index [MOVE],60.4900
"4,238",2020-01-09,ICE - BofAML MOVE Index [MOVE],57.6600
"4,239",2020-01-10,ICE - BofAML MOVE Index [MOVE],53.3200
"4,240",2020-01-13,ICE - BofAML MOVE Index [MOVE],53.2700
"4,241",2020-01-14,ICE - BofAML MOVE Index [MOVE],52.3500
"4,242",2020-01-15,ICE - BofAML MOVE Index [MOVE],50.5400
"4,243",2020-01-16,ICE - BofAML MOVE Index [MOVE],50.3700
"4,244",2020-01-17,ICE - BofAML MOVE Index [MOVE],49.6700
"4,245",2020-01-20,ICE - BofAML MOVE Index [MOVE],49.6700
"4,246",2020-01-21,ICE - BofAML MOVE Index [MOVE],53.4200
"4,247",2020-01-22,ICE - BofAML MOVE Index [MOVE],51.3100
"4,248",2020-01-23,ICE - BofAML MOVE Index [MOVE],55.3400
"4,249",2020-01-24,ICE - BofAML MOVE Index [MOVE],59.9400
"4,250",2020-01-27,ICE - BofAML MOVE Index [MOVE],66.7300
"4,251",2020-01-28,ICE - BofAML MOVE Index [MOVE],65.6000
"4,252",2020-01-29,ICE - BofAML MOVE Index [MOVE],66.1700
"4,253",2020-01-30,ICE - BofAML MOVE Index [MOVE],71.0700
"4,254",2020-01-31,ICE - BofAML MOVE Index [MOVE],72.9800
"4,255",2020-02-03,ICE - BofAML MOVE Index [MOVE],72.8100
"4,256",2020-02-04,ICE - BofAML MOVE Index [MOVE],68.1700
"4,257",2020-02-05,ICE - BofAML MOVE Index [MOVE],64.0700
"4,258",2020-02-06,ICE - BofAML MOVE Index [MOVE],61.2400
"4,259",2020-02-07,ICE - BofAML MOVE Index [MOVE],65.5900
"4,260",2020-02-10,ICE - BofAML MOVE Index [MOVE],68.1300
"4,261",2020-02-11,ICE - BofAML MOVE Index [MOVE],64.8900
"4,262",2020-02-12,ICE - BofAML MOVE Index [MOVE],63.5200
"4,263",2020-02-13,ICE - BofAML MOVE Index [MOVE],63.5100
"4,264",2020-02-14,ICE - BofAML MOVE Index [MOVE],62.3800
"4,265",2020-02-18,ICE - BofAML MOVE Index [MOVE],67.6600
"4,266",2020-02-19,ICE - BofAML MOVE Index [MOVE],68.0400
"4,267",2020-02-20,ICE - BofAML MOVE Index [MOVE],69.6000
"4,268",2020-02-21,ICE - BofAML MOVE Index [MOVE],74.5400
"4,269",2020-02-24,ICE - BofAML MOVE Index [MOVE],86.9200
"4,270",2020-02-25,ICE - BofAML MOVE Index [MOVE],87.3800
"4,271",2020-02-26,ICE - BofAML MOVE Index [MOVE],87.0000
"4,272",2020-02-27,ICE - BofAML MOVE Index [MOVE],92.5900
"4,273",2020-02-28,ICE - BofAML MOVE Index [MOVE],109.6700
"4,274",2020-03-02,ICE - BofAML MOVE Index [MOVE],104.8900
"4,275",2020-03-03,ICE - BofAML MOVE Index [MOVE],102.9700
"4,276",2020-03-04,ICE - BofAML MOVE Index [MOVE],89.5900
"4,277",2020-03-05,ICE - BofAML MOVE Index [MOVE],96.9600
"4,278",2020-03-06,ICE - BofAML MOVE Index [MOVE],125.2100
"4,279",2020-03-09,ICE - BofAML MOVE Index [MOVE],163.7000
"4,280",2020-03-10,ICE - BofAML MOVE Index [MOVE],123.7200
"4,281",2020-03-11,ICE - BofAML MOVE Index [MOVE],127.8400
"4,282",2020-03-12,ICE - BofAML MOVE Index [MOVE],152.6200
"4,283",2020-03-13,ICE - BofAML MOVE Index [MOVE],138.4000
"4,284",2020-03-16,ICE - BofAML MOVE Index [MOVE],124.5300
"4,285",2020-03-17,ICE - BofAML MOVE Index [MOVE],109.8500
"4,286",2020-03-18,ICE - BofAML MOVE Index [MOVE],124.1400
"4,287",2020-03-19,ICE - BofAML MOVE Index [MOVE],141.1300
"4,288",2020-03-20,ICE - BofAML MOVE Index [MOVE],133.3700
"4,289",2020-03-23,ICE - BofAML MOVE Index [MOVE],135.3800
"4,290",2020-03-24,ICE - BofAML MOVE Index [MOVE],111.0900
"4,291",2020-03-25,ICE - BofAML MOVE Index [MOVE],87.1400
"4,292",2020-03-26,ICE - BofAML MOVE Index [MOVE],88.4800
"4,293",2020-03-27,ICE - BofAML MOVE Index [MOVE],88.3300
"4,294",2020-03-30,ICE - BofAML MOVE Index [MOVE],90.7000
"4,295",2020-03-31,ICE - BofAML MOVE Index [MOVE],83.8700
"4,296",2020-04-01,ICE - BofAML MOVE Index [MOVE],83.1300
"4,297",2020-04-02,ICE - BofAML MOVE Index [MOVE],71.9900
"4,298",2020-04-03,ICE - BofAML MOVE Index [MOVE],65.0100
"4,299",2020-04-06,ICE - BofAML MOVE Index [MOVE],66.2800
"4,300",2020-04-07,ICE - BofAML MOVE Index [MOVE],72.2100
"4,301",2020-04-08,ICE - BofAML MOVE Index [MOVE],75.7100
"4,302",2020-04-09,ICE - BofAML MOVE Index [MOVE],74.3900
"4,303",2020-04-13,ICE - BofAML MOVE Index [MOVE],75.8500
"4,304",2020-04-14,ICE - BofAML MOVE Index [MOVE],69.5200
"4,305",2020-04-15,ICE - BofAML MOVE Index [MOVE],70.5000
"4,306",2020-04-16,ICE - BofAML MOVE Index [MOVE],69.9300
"4,307",2020-04-17,ICE - BofAML MOVE Index [MOVE],69.8400
"4,308",2020-04-20,ICE - BofAML MOVE Index [MOVE],70.6000
"4,309",2020-04-21,ICE - BofAML MOVE Index [MOVE],73.8300
"4,310",2020-04-22,ICE - BofAML MOVE Index [MOVE],72.2900
"4,311",2020-04-23,ICE - BofAML MOVE Index [MOVE],67.2500
"4,312",2020-04-24,ICE - BofAML MOVE Index [MOVE],66.0900
"4,313",2020-04-27,ICE - BofAML MOVE Index [MOVE],62.7000
"4,314",2020-04-28,ICE - BofAML MOVE Index [MOVE],58.8900
"4,315",2020-04-29,ICE - BofAML MOVE Index [MOVE],57.1500
"4,316",2020-04-30,ICE - BofAML MOVE Index [MOVE],53.5900
"4,317",2020-05-01,ICE - BofAML MOVE Index [MOVE],48.1100
"4,318",2020-05-04,ICE - BofAML MOVE Index [MOVE],49.2500
"4,319",2020-05-05,ICE - BofAML MOVE Index [MOVE],49.6500
"4,320",2020-05-06,ICE - BofAML MOVE Index [MOVE],51.3100
"4,321",2020-05-07,ICE - BofAML MOVE Index [MOVE],54.9300
"4,322",2020-05-08,ICE - BofAML MOVE Index [MOVE],57.4000
"4,323",2020-05-11,ICE - BofAML MOVE Index [MOVE],61.6000
"4,324",2020-05-12,ICE - BofAML MOVE Index [MOVE],61.2600
"4,325",2020-05-13,ICE - BofAML MOVE Index [MOVE],57.5600
"4,326",2020-05-14,ICE - BofAML MOVE Index [MOVE],59.0500
"4,327",2020-05-15,ICE - BofAML MOVE Index [MOVE],56.5300
"4,328",2020-05-18,ICE - BofAML MOVE Index [MOVE],58.7000
"4,329",2020-05-19,ICE - BofAML MOVE Index [MOVE],60.0900
"4,330",2020-05-20,ICE - BofAML MOVE Index [MOVE],58.8500
"4,331",2020-05-21,ICE - BofAML MOVE Index [MOVE],55.6200
"4,332",2020-05-22,ICE - BofAML MOVE Index [MOVE],51.6700
"4,333",2020-05-25,ICE - BofAML MOVE Index [MOVE],51.6700
"4,334",2020-05-26,ICE - BofAML MOVE Index [MOVE],52.2200
"4,335",2020-05-27,ICE - BofAML MOVE Index [MOVE],52.9800
"4,336",2020-05-28,ICE - BofAML MOVE Index [MOVE],50.5700
"4,337",2020-05-29,ICE - BofAML MOVE Index [MOVE],51.5500
"4,338",2020-06-01,ICE - BofAML MOVE Index [MOVE],55.0700
"4,339",2020-06-02,ICE - BofAML MOVE Index [MOVE],55.3500
"4,340",2020-06-03,ICE - BofAML MOVE Index [MOVE],61.2400
"4,341",2020-06-04,ICE - BofAML MOVE Index [MOVE],61.1800
"4,342",2020-06-05,ICE - BofAML MOVE Index [MOVE],61.9700
"4,343",2020-06-08,ICE - BofAML MOVE Index [MOVE],62.7700
"4,344",2020-06-09,ICE - BofAML MOVE Index [MOVE],62.9400
"4,345",2020-06-10,ICE - BofAML MOVE Index [MOVE],60.0200
"4,346",2020-06-11,ICE - BofAML MOVE Index [MOVE],56.4700
"4,347",2020-06-12,ICE - BofAML MOVE Index [MOVE],55.8100
"4,348",2020-06-15,ICE - BofAML MOVE Index [MOVE],58.0900
"4,349",2020-06-16,ICE - BofAML MOVE Index [MOVE],60.4900
"4,350",2020-06-17,ICE - BofAML MOVE Index [MOVE],58.1600
"4,351",2020-06-18,ICE - BofAML MOVE Index [MOVE],55.1500
"4,352",2020-06-19,ICE - BofAML MOVE Index [MOVE],53.4500
"4,353",2020-06-22,ICE - BofAML MOVE Index [MOVE],53.9300
"4,354",2020-06-23,ICE - BofAML MOVE Index [MOVE],54.0400
"4,355",2020-06-24,ICE - BofAML MOVE Index [MOVE],54.8900
"4,356",2020-06-25,ICE - BofAML MOVE Index [MOVE],51.5700
"4,357",2020-06-26,ICE - BofAML MOVE Index [MOVE],51.2100
"4,358",2020-06-29,ICE - BofAML MOVE Index [MOVE],52.9600
"4,359",2020-06-30,ICE - BofAML MOVE Index [MOVE],54.1300
"4,360",2020-07-01,ICE - BofAML MOVE Index [MOVE],53.2800
"4,361",2020-07-02,ICE - BofAML MOVE Index [MOVE],50.9600
"4,362",2020-07-06,ICE - BofAML MOVE Index [MOVE],52.0300
"4,363",2020-07-07,ICE - BofAML MOVE Index [MOVE],50.9800
"4,364",2020-07-08,ICE - BofAML MOVE Index [MOVE],49.8000
"4,365",2020-07-09,ICE - BofAML MOVE Index [MOVE],50.0700
"4,366",2020-07-10,ICE - BofAML MOVE Index [MOVE],49.1900
"4,367",2020-07-13,ICE - BofAML MOVE Index [MOVE],49.5500
"4,368",2020-07-14,ICE - BofAML MOVE Index [MOVE],50.8100
"4,369",2020-07-15,ICE - BofAML MOVE Index [MOVE],47.0800
"4,370",2020-07-16,ICE - BofAML MOVE Index [MOVE],46.4300
"4,371",2020-07-17,ICE - BofAML MOVE Index [MOVE],45.6800
"4,372",2020-07-20,ICE - BofAML MOVE Index [MOVE],46.8200
"4,373",2020-07-21,ICE - BofAML MOVE Index [MOVE],46.4500
"4,374",2020-07-22,ICE - BofAML MOVE Index [MOVE],45.3200
"4,375",2020-07-23,ICE - BofAML MOVE Index [MOVE],43.9300
"4,376",2020-07-24,ICE - BofAML MOVE Index [MOVE],42.4800
"4,377",2020-07-27,ICE - BofAML MOVE Index [MOVE],42.6100
"4,378",2020-07-28,ICE - BofAML MOVE Index [MOVE],41.2700
"4,379",2020-07-29,ICE - BofAML MOVE Index [MOVE],41.6300
"4,380",2020-07-30,ICE - BofAML MOVE Index [MOVE],40.6600
"4,381",2020-07-31,ICE - BofAML MOVE Index [MOVE],41.9800
"4,382",2020-08-03,ICE - BofAML MOVE Index [MOVE],43.1300
"4,383",2020-08-04,ICE - BofAML MOVE Index [MOVE],44.1100
"4,384",2020-08-05,ICE - BofAML MOVE Index [MOVE],41.7500
"4,385",2020-08-06,ICE - BofAML MOVE Index [MOVE],42.6000
"4,386",2020-08-10,ICE - BofAML MOVE Index [MOVE],42.2100
"4,387",2020-08-11,ICE - BofAML MOVE Index [MOVE],45.2600
"4,388",2020-08-12,ICE - BofAML MOVE Index [MOVE],44.2300
"4,389",2020-08-13,ICE - BofAML MOVE Index [MOVE],45.0800
"4,390",2020-08-14,ICE - BofAML MOVE Index [MOVE],43.0900
"4,391",2020-08-17,ICE - BofAML MOVE Index [MOVE],45.8100
"4,392",2020-08-18,ICE - BofAML MOVE Index [MOVE],46.0600
"4,393",2020-08-19,ICE - BofAML MOVE Index [MOVE],44.6000
"4,394",2020-08-20,ICE - BofAML MOVE Index [MOVE],44.5800
"4,395",2020-08-21,ICE - BofAML MOVE Index [MOVE],45.1400
"4,396",2020-08-24,ICE - BofAML MOVE Index [MOVE],46.3300
"4,397",2020-08-25,ICE - BofAML MOVE Index [MOVE],47.8900
"4,398",2020-08-26,ICE - BofAML MOVE Index [MOVE],47.9900
"4,399",2020-08-27,ICE - BofAML MOVE Index [MOVE],49.2900
"4,400",2020-08-28,ICE - BofAML MOVE Index [MOVE],48.1900
"4,401",2020-08-31,ICE - BofAML MOVE Index [MOVE],47.0200
"4,402",2020-09-01,ICE - BofAML MOVE Index [MOVE],44.3000
"4,403",2020-09-02,ICE - BofAML MOVE Index [MOVE],44.8600
"4,404",2020-09-03,ICE - BofAML MOVE Index [MOVE],45.7600
"4,405",2020-09-04,ICE - BofAML MOVE Index [MOVE],47.0400
"4,406",2020-09-08,ICE - BofAML MOVE Index [MOVE],50.6800
"4,407",2020-09-09,ICE - BofAML MOVE Index [MOVE],48.8200
"4,408",2020-09-10,ICE - BofAML MOVE Index [MOVE],45.2100
"4,409",2020-09-11,ICE - BofAML MOVE Index [MOVE],43.1200
"4,410",2020-09-14,ICE - BofAML MOVE Index [MOVE],44.2100
"4,411",2020-09-15,ICE - BofAML MOVE Index [MOVE],43.0600
"4,412",2020-09-16,ICE - BofAML MOVE Index [MOVE],42.4300
"4,413",2020-09-17,ICE - BofAML MOVE Index [MOVE],38.4500
"4,414",2020-09-18,ICE - BofAML MOVE Index [MOVE],37.2400
"4,415",2020-09-21,ICE - BofAML MOVE Index [MOVE],38.6300
"4,416",2020-09-22,ICE - BofAML MOVE Index [MOVE],39.3500
"4,417",2020-09-23,ICE - BofAML MOVE Index [MOVE],38.6300
"4,418",2020-09-24,ICE - BofAML MOVE Index [MOVE],37.2200
"4,419",2020-09-25,ICE - BofAML MOVE Index [MOVE],36.9700
"4,420",2020-09-28,ICE - BofAML MOVE Index [MOVE],37.4000
"4,421",2020-09-29,ICE - BofAML MOVE Index [MOVE],36.6200
"4,422",2020-09-30,ICE - BofAML MOVE Index [MOVE],39.2100
"4,423",2020-10-01,ICE - BofAML MOVE Index [MOVE],38.6500
"4,424",2020-10-02,ICE - BofAML MOVE Index [MOVE],39.9700
"4,425",2020-10-05,ICE - BofAML MOVE Index [MOVE],39.8100
"4,426",2020-10-06,ICE - BofAML MOVE Index [MOVE],57.7500
"4,427",2020-10-07,ICE - BofAML MOVE Index [MOVE],56.9800
"4,428",2020-10-08,ICE - BofAML MOVE Index [MOVE],57.3100
"4,429",2020-10-09,ICE - BofAML MOVE Index [MOVE],57.5200
"4,430",2020-10-13,ICE - BofAML MOVE Index [MOVE],55.5900
"4,431",2020-10-14,ICE - BofAML MOVE Index [MOVE],53.5000
"4,432",2020-10-15,ICE - BofAML MOVE Index [MOVE],55.6200
"4,433",2020-10-16,ICE - BofAML MOVE Index [MOVE],57.2500
"4,434",2020-10-19,ICE - BofAML MOVE Index [MOVE],61.1600
"4,435",2020-10-20,ICE - BofAML MOVE Index [MOVE],60.4200
"4,436",2020-10-21,ICE - BofAML MOVE Index [MOVE],59.0700
"4,437",2020-10-22,ICE - BofAML MOVE Index [MOVE],59.7300
"4,438",2020-10-23,ICE - BofAML MOVE Index [MOVE],58.4600
"4,439",2020-10-26,ICE - BofAML MOVE Index [MOVE],58.9500
"4,440",2020-10-27,ICE - BofAML MOVE Index [MOVE],57.8800
"4,441",2020-10-28,ICE - BofAML MOVE Index [MOVE],57.1300
"4,442",2020-10-29,ICE - BofAML MOVE Index [MOVE],61.3000
"4,443",2020-10-30,ICE - BofAML MOVE Index [MOVE],61.9100
"4,444",2020-11-02,ICE - BofAML MOVE Index [MOVE],63.5600
"4,445",2020-11-03,ICE - BofAML MOVE Index [MOVE],64.3700
"4,446",2020-11-04,ICE - BofAML MOVE Index [MOVE],47.7400
"4,447",2020-11-05,ICE - BofAML MOVE Index [MOVE],43.7600
"4,448",2020-11-06,ICE - BofAML MOVE Index [MOVE],39.8800
"4,449",2020-11-09,ICE - BofAML MOVE Index [MOVE],44.9400
"4,450",2020-11-10,ICE - BofAML MOVE Index [MOVE],46.1900
"4,451",2020-11-12,ICE - BofAML MOVE Index [MOVE],44.1700
"4,452",2020-11-13,ICE - BofAML MOVE Index [MOVE],42.9500
"4,453",2020-11-16,ICE - BofAML MOVE Index [MOVE],42.4900
"4,454",2020-11-17,ICE - BofAML MOVE Index [MOVE],43.0800
"4,455",2020-11-18,ICE - BofAML MOVE Index [MOVE],43.6200
"4,456",2020-11-19,ICE - BofAML MOVE Index [MOVE],43.5300
"4,457",2020-11-20,ICE - BofAML MOVE Index [MOVE],42.3100
"4,458",2020-11-23,ICE - BofAML MOVE Index [MOVE],43.0400
"4,459",2020-11-24,ICE - BofAML MOVE Index [MOVE],42.3800
"4,460",2020-11-25,ICE - BofAML MOVE Index [MOVE],39.6200
"4,461",2020-11-27,ICE - BofAML MOVE Index [MOVE],39.6400
"4,462",2020-11-30,ICE - BofAML MOVE Index [MOVE],40.8400
"4,463",2020-12-01,ICE - BofAML MOVE Index [MOVE],41.5300
"4,464",2020-12-02,ICE - BofAML MOVE Index [MOVE],43.9200
"4,465",2020-12-03,ICE - BofAML MOVE Index [MOVE],42.5300
"4,466",2020-12-04,ICE - BofAML MOVE Index [MOVE],43.8900
"4,467",2020-12-07,ICE - BofAML MOVE Index [MOVE],49.6700
"4,468",2020-12-08,ICE - BofAML MOVE Index [MOVE],49.1000
"4,469",2020-12-09,ICE - BofAML MOVE Index [MOVE],48.4800
"4,470",2020-12-10,ICE - BofAML MOVE Index [MOVE],47.1500
"4,471",2020-12-11,ICE - BofAML MOVE Index [MOVE],47.5200
"4,472",2020-12-14,ICE - BofAML MOVE Index [MOVE],49.2200
"4,473",2020-12-15,ICE - BofAML MOVE Index [MOVE],48.1400
"4,474",2020-12-16,ICE - BofAML MOVE Index [MOVE],46.9600
"4,475",2020-12-17,ICE - BofAML MOVE Index [MOVE],44.1500
"4,476",2020-12-18,ICE - BofAML MOVE Index [MOVE],44.6400
"4,477",2020-12-21,ICE - BofAML MOVE Index [MOVE],46.6600
"4,478",2020-12-22,ICE - BofAML MOVE Index [MOVE],43.5700
"4,479",2020-12-23,ICE - BofAML MOVE Index [MOVE],42.7400
"4,480",2020-12-24,ICE - BofAML MOVE Index [MOVE],42.1100
"4,481",2020-12-28,ICE - BofAML MOVE Index [MOVE],45.2600
"4,482",2020-12-29,ICE - BofAML MOVE Index [MOVE],46.1000
"4,483",2020-12-30,ICE - BofAML MOVE Index [MOVE],47.1900
"4,484",2020-12-31,ICE - BofAML MOVE Index [MOVE],48.9800
"4,485",2021-01-04,ICE - BofAML MOVE Index [MOVE],49.5900
"4,486",2021-01-05,ICE - BofAML MOVE Index [MOVE],48.9500
"4,487",2021-01-06,ICE - BofAML MOVE Index [MOVE],44.6400
"4,488",2021-01-07,ICE - BofAML MOVE Index [MOVE],45.2000
"4,489",2021-01-08,ICE - BofAML MOVE Index [MOVE],44.8100
"4,490",2021-01-11,ICE - BofAML MOVE Index [MOVE],47.7700
"4,491",2021-01-12,ICE - BofAML MOVE Index [MOVE],50.1200
"4,492",2021-01-13,ICE - BofAML MOVE Index [MOVE],45.6000
"4,493",2021-01-14,ICE - BofAML MOVE Index [MOVE],46.2300
"4,494",2021-01-15,ICE - BofAML MOVE Index [MOVE],45.1400
"4,495",2021-01-19,ICE - BofAML MOVE Index [MOVE],45.2300
"4,496",2021-01-20,ICE - BofAML MOVE Index [MOVE],42.5300
"4,497",2021-01-21,ICE - BofAML MOVE Index [MOVE],43.0100
"4,498",2021-01-22,ICE - BofAML MOVE Index [MOVE],43.0900
"4,499",2021-01-25,ICE - BofAML MOVE Index [MOVE],43.0800
"4,500",2021-01-26,ICE - BofAML MOVE Index [MOVE],43.1400
"4,501",2021-01-27,ICE - BofAML MOVE Index [MOVE],44.1600
"4,502",2021-01-28,ICE - BofAML MOVE Index [MOVE],45.5300
"4,503",2021-01-29,ICE - BofAML MOVE Index [MOVE],47.4100
"4,504",2021-02-01,ICE - BofAML MOVE Index [MOVE],46.2800
"4,505",2021-02-02,ICE - BofAML MOVE Index [MOVE],45.9100
"4,506",2021-02-03,ICE - BofAML MOVE Index [MOVE],46.9300
"4,507",2021-02-04,ICE - BofAML MOVE Index [MOVE],47.2500
"4,508",2021-02-05,ICE - BofAML MOVE Index [MOVE],47.2000
"4,509",2021-02-08,ICE - BofAML MOVE Index [MOVE],48.4500
"4,510",2021-02-09,ICE - BofAML MOVE Index [MOVE],46.7500
"4,511",2021-02-10,ICE - BofAML MOVE Index [MOVE],46.2700
"4,512",2021-02-11,ICE - BofAML MOVE Index [MOVE],45.9500
"4,513",2021-02-12,ICE - BofAML MOVE Index [MOVE],47.0100
"4,514",2021-02-16,ICE - BofAML MOVE Index [MOVE],56.7800
"4,515",2021-02-17,ICE - BofAML MOVE Index [MOVE],55.9700
"4,516",2021-02-18,ICE - BofAML MOVE Index [MOVE],56.1200
"4,517",2021-02-19,ICE - BofAML MOVE Index [MOVE],60.4300
"4,518",2021-02-22,ICE - BofAML MOVE Index [MOVE],62.4200
"4,519",2021-02-23,ICE - BofAML MOVE Index [MOVE],61.7300
"4,520",2021-02-24,ICE - BofAML MOVE Index [MOVE],61.9200
"4,521",2021-02-25,ICE - BofAML MOVE Index [MOVE],74.1600
"4,522",2021-02-26,ICE - BofAML MOVE Index [MOVE],75.6600
"4,523",2021-03-01,ICE - BofAML MOVE Index [MOVE],68.7300
"4,524",2021-03-02,ICE - BofAML MOVE Index [MOVE],57.7000
"4,525",2021-03-03,ICE - BofAML MOVE Index [MOVE],65.8300
"4,526",2021-03-04,ICE - BofAML MOVE Index [MOVE],68.1300
"4,527",2021-03-05,ICE - BofAML MOVE Index [MOVE],69.3700
"4,528",2021-03-08,ICE - BofAML MOVE Index [MOVE],71.6500
"4,529",2021-03-09,ICE - BofAML MOVE Index [MOVE],67.4400
"4,530",2021-03-10,ICE - BofAML MOVE Index [MOVE],63.1900
"4,531",2021-03-11,ICE - BofAML MOVE Index [MOVE],63.9000
"4,532",2021-03-12,ICE - BofAML MOVE Index [MOVE],70.8300
"4,533",2021-03-15,ICE - BofAML MOVE Index [MOVE],70.7900
"4,534",2021-03-16,ICE - BofAML MOVE Index [MOVE],70.8100
"4,535",2021-03-17,ICE - BofAML MOVE Index [MOVE],66.7500
"4,536",2021-03-18,ICE - BofAML MOVE Index [MOVE],70.4800
"4,537",2021-03-19,ICE - BofAML MOVE Index [MOVE],68.8000
"4,538",2021-03-22,ICE - BofAML MOVE Index [MOVE],67.6200
"4,539",2021-03-23,ICE - BofAML MOVE Index [MOVE],60.7700
"4,540",2021-03-24,ICE - BofAML MOVE Index [MOVE],60.7100
"4,541",2021-03-25,ICE - BofAML MOVE Index [MOVE],59.5400
"4,542",2021-03-26,ICE - BofAML MOVE Index [MOVE],61.4900
"4,543",2021-03-29,ICE - BofAML MOVE Index [MOVE],65.9600
"4,544",2021-03-30,ICE - BofAML MOVE Index [MOVE],67.4400
"4,545",2021-03-31,ICE - BofAML MOVE Index [MOVE],71.2700
"4,546",2021-04-01,ICE - BofAML MOVE Index [MOVE],64.9900
"4,547",2021-04-02,ICE - BofAML MOVE Index [MOVE],63.7100
"4,548",2021-04-05,ICE - BofAML MOVE Index [MOVE],61.7900
"4,549",2021-04-06,ICE - BofAML MOVE Index [MOVE],60.2900
"4,550",2021-04-07,ICE - BofAML MOVE Index [MOVE],62.5400
"4,551",2021-04-08,ICE - BofAML MOVE Index [MOVE],60.0800
"4,552",2021-04-09,ICE - BofAML MOVE Index [MOVE],61.2100
"4,553",2021-04-12,ICE - BofAML MOVE Index [MOVE],63.5000
"4,554",2021-04-13,ICE - BofAML MOVE Index [MOVE],61.2000
"4,555",2021-04-14,ICE - BofAML MOVE Index [MOVE],60.0800
"4,556",2021-04-15,ICE - BofAML MOVE Index [MOVE],59.0500
"4,557",2021-04-16,ICE - BofAML MOVE Index [MOVE],62.5700
"4,558",2021-04-19,ICE - BofAML MOVE Index [MOVE],63.9600
"4,559",2021-04-20,ICE - BofAML MOVE Index [MOVE],64.3500
"4,560",2021-04-21,ICE - BofAML MOVE Index [MOVE],62.2700
"4,561",2021-04-22,ICE - BofAML MOVE Index [MOVE],59.6200
"4,562",2021-04-23,ICE - BofAML MOVE Index [MOVE],59.9800
"4,563",2021-04-26,ICE - BofAML MOVE Index [MOVE],60.9800
"4,564",2021-04-27,ICE - BofAML MOVE Index [MOVE],60.1500
"4,565",2021-04-28,ICE - BofAML MOVE Index [MOVE],60.3100
"4,566",2021-04-29,ICE - BofAML MOVE Index [MOVE],59.0200
"4,567",2021-04-30,ICE - BofAML MOVE Index [MOVE],58.1300
"4,568",2021-05-03,ICE - BofAML MOVE Index [MOVE],57.3300
"4,569",2021-05-04,ICE - BofAML MOVE Index [MOVE],58.5100
"4,570",2021-05-05,ICE - BofAML MOVE Index [MOVE],56.9300
"4,571",2021-05-06,ICE - BofAML MOVE Index [MOVE],57.7500
"4,572",2021-05-07,ICE - BofAML MOVE Index [MOVE],54.1300
"4,573",2021-05-10,ICE - BofAML MOVE Index [MOVE],55.4800
"4,574",2021-05-11,ICE - BofAML MOVE Index [MOVE],58.0100
"4,575",2021-05-12,ICE - BofAML MOVE Index [MOVE],58.4700
"4,576",2021-05-13,ICE - BofAML MOVE Index [MOVE],56.5900
"4,577",2021-05-14,ICE - BofAML MOVE Index [MOVE],54.9900
"4,578",2021-05-17,ICE - BofAML MOVE Index [MOVE],58.5900
"4,579",2021-05-18,ICE - BofAML MOVE Index [MOVE],57.1800
"4,580",2021-05-19,ICE - BofAML MOVE Index [MOVE],57.3100
"4,581",2021-05-20,ICE - BofAML MOVE Index [MOVE],55.0400
"4,582",2021-05-21,ICE - BofAML MOVE Index [MOVE],54.5900
"4,583",2021-05-24,ICE - BofAML MOVE Index [MOVE],54.9400
"4,584",2021-05-25,ICE - BofAML MOVE Index [MOVE],53.7200
"4,585",2021-05-26,ICE - BofAML MOVE Index [MOVE],52.8200
"4,586",2021-05-27,ICE - BofAML MOVE Index [MOVE],53.4700
"4,587",2021-05-28,ICE - BofAML MOVE Index [MOVE],52.0400
"4,588",2021-06-01,ICE - BofAML MOVE Index [MOVE],54.9900
"4,589",2021-06-02,ICE - BofAML MOVE Index [MOVE],55.2100
"4,590",2021-06-03,ICE - BofAML MOVE Index [MOVE],53.9600
"4,591",2021-06-04,ICE - BofAML MOVE Index [MOVE],49.7800
"4,592",2021-06-07,ICE - BofAML MOVE Index [MOVE],49.5500
"4,593",2021-06-08,ICE - BofAML MOVE Index [MOVE],49.9300
"4,594",2021-06-09,ICE - BofAML MOVE Index [MOVE],52.8400
"4,595",2021-06-10,ICE - BofAML MOVE Index [MOVE],48.2600
"4,596",2021-06-11,ICE - BofAML MOVE Index [MOVE],50.8500
"4,597",2021-06-14,ICE - BofAML MOVE Index [MOVE],54.0300
"4,598",2021-06-15,ICE - BofAML MOVE Index [MOVE],52.9200
"4,599",2021-06-16,ICE - BofAML MOVE Index [MOVE],54.2800
"4,600",2021-06-17,ICE - BofAML MOVE Index [MOVE],54.9100
"4,601",2021-06-18,ICE - BofAML MOVE Index [MOVE],60.4500
"4,602",2021-06-21,ICE - BofAML MOVE Index [MOVE],61.8600
"4,603",2021-06-22,ICE - BofAML MOVE Index [MOVE],58.6400
"4,604",2021-06-23,ICE - BofAML MOVE Index [MOVE],55.6000
"4,605",2021-06-24,ICE - BofAML MOVE Index [MOVE],54.8300
"4,606",2021-06-25,ICE - BofAML MOVE Index [MOVE],55.5800
"4,607",2021-06-28,ICE - BofAML MOVE Index [MOVE],56.3300
"4,608",2021-06-29,ICE - BofAML MOVE Index [MOVE],56.8000
"4,609",2021-06-30,ICE - BofAML MOVE Index [MOVE],57.2700
"4,610",2021-07-01,ICE - BofAML MOVE Index [MOVE],57.5200
"4,611",2021-07-02,ICE - BofAML MOVE Index [MOVE],52.4100
"4,612",2021-07-06,ICE - BofAML MOVE Index [MOVE],56.5500
"4,613",2021-07-07,ICE - BofAML MOVE Index [MOVE],60.6500
"4,614",2021-07-08,ICE - BofAML MOVE Index [MOVE],61.6800
"4,615",2021-07-09,ICE - BofAML MOVE Index [MOVE],59.9200
"4,616",2021-07-12,ICE - BofAML MOVE Index [MOVE],60.7800
"4,617",2021-07-13,ICE - BofAML MOVE Index [MOVE],60.8000
"4,618",2021-07-14,ICE - BofAML MOVE Index [MOVE],57.3100
"4,619",2021-07-15,ICE - BofAML MOVE Index [MOVE],56.9800
"4,620",2021-07-16,ICE - BofAML MOVE Index [MOVE],58.2400
"4,621",2021-07-19,ICE - BofAML MOVE Index [MOVE],67.5800
"4,622",2021-07-20,ICE - BofAML MOVE Index [MOVE],69.3100
"4,623",2021-07-21,ICE - BofAML MOVE Index [MOVE],65.2800
"4,624",2021-07-22,ICE - BofAML MOVE Index [MOVE],64.9600
"4,625",2021-07-23,ICE - BofAML MOVE Index [MOVE],65.2800
"4,626",2021-07-26,ICE - BofAML MOVE Index [MOVE],69.0300
"4,627",2021-07-27,ICE - BofAML MOVE Index [MOVE],70.0700
"4,628",2021-07-28,ICE - BofAML MOVE Index [MOVE],62.4000
"4,629",2021-07-29,ICE - BofAML MOVE Index [MOVE],62.0800
"4,630",2021-07-30,ICE - BofAML MOVE Index [MOVE],61.1900
"4,631",2021-08-02,ICE - BofAML MOVE Index [MOVE],64.2900
"4,632",2021-08-03,ICE - BofAML MOVE Index [MOVE],65.4200
"4,633",2021-08-04,ICE - BofAML MOVE Index [MOVE],62.6700
"4,634",2021-08-05,ICE - BofAML MOVE Index [MOVE],63.5700
"4,635",2021-08-06,ICE - BofAML MOVE Index [MOVE],62.6400
"4,636",2021-08-09,ICE - BofAML MOVE Index [MOVE],65.7200
"4,637",2021-08-10,ICE - BofAML MOVE Index [MOVE],66.5500
"4,638",2021-08-11,ICE - BofAML MOVE Index [MOVE],60.6600
"4,639",2021-08-12,ICE - BofAML MOVE Index [MOVE],57.3900
"4,640",2021-08-13,ICE - BofAML MOVE Index [MOVE],55.4500
"4,641",2021-08-16,ICE - BofAML MOVE Index [MOVE],59.4000
"4,642",2021-08-17,ICE - BofAML MOVE Index [MOVE],60.2800
"4,643",2021-08-18,ICE - BofAML MOVE Index [MOVE],58.0500
"4,644",2021-08-19,ICE - BofAML MOVE Index [MOVE],59.3800
"4,645",2021-08-20,ICE - BofAML MOVE Index [MOVE],59.9500
"4,646",2021-08-23,ICE - BofAML MOVE Index [MOVE],62.2300
"4,647",2021-08-24,ICE - BofAML MOVE Index [MOVE],63.0300
"4,648",2021-08-25,ICE - BofAML MOVE Index [MOVE],64.5100
"4,649",2021-08-26,ICE - BofAML MOVE Index [MOVE],63.4100
"4,650",2021-08-27,ICE - BofAML MOVE Index [MOVE],57.9800
"4,651",2021-08-30,ICE - BofAML MOVE Index [MOVE],60.1400
"4,652",2021-08-31,ICE - BofAML MOVE Index [MOVE],59.5400
"4,653",2021-09-01,ICE - BofAML MOVE Index [MOVE],58.0900
"4,654",2021-09-02,ICE - BofAML MOVE Index [MOVE],55.8000
"4,655",2021-09-03,ICE - BofAML MOVE Index [MOVE],53.2600
"4,656",2021-09-07,ICE - BofAML MOVE Index [MOVE],57.0500
"4,657",2021-09-08,ICE - BofAML MOVE Index [MOVE],57.0200
"4,658",2021-09-09,ICE - BofAML MOVE Index [MOVE],52.6100
"4,659",2021-09-10,ICE - BofAML MOVE Index [MOVE],51.7300
"4,660",2021-09-13,ICE - BofAML MOVE Index [MOVE],53.1000
"4,661",2021-09-14,ICE - BofAML MOVE Index [MOVE],51.7300
"4,662",2021-09-15,ICE - BofAML MOVE Index [MOVE],53.9300
"4,663",2021-09-16,ICE - BofAML MOVE Index [MOVE],53.7000
"4,664",2021-09-17,ICE - BofAML MOVE Index [MOVE],56.0600
"4,665",2021-09-20,ICE - BofAML MOVE Index [MOVE],59.5800
"4,666",2021-09-21,ICE - BofAML MOVE Index [MOVE],59.2000
"4,667",2021-09-22,ICE - BofAML MOVE Index [MOVE],55.9200
"4,668",2021-09-23,ICE - BofAML MOVE Index [MOVE],56.7900
"4,669",2021-09-24,ICE - BofAML MOVE Index [MOVE],58.4600
"4,670",2021-09-27,ICE - BofAML MOVE Index [MOVE],60.5000
"4,671",2021-09-28,ICE - BofAML MOVE Index [MOVE],62.7100
"4,672",2021-09-29,ICE - BofAML MOVE Index [MOVE],61.2100
"4,673",2021-09-30,ICE - BofAML MOVE Index [MOVE],61.0700
"4,674",2021-10-01,ICE - BofAML MOVE Index [MOVE],57.3800
"4,675",2021-10-04,ICE - BofAML MOVE Index [MOVE],60.6100
"4,676",2021-10-05,ICE - BofAML MOVE Index [MOVE],62.8300
"4,677",2021-10-06,ICE - BofAML MOVE Index [MOVE],60.6500
"4,678",2021-10-07,ICE - BofAML MOVE Index [MOVE],60.9100
"4,679",2021-10-08,ICE - BofAML MOVE Index [MOVE],59.6500
"4,680",2021-10-12,ICE - BofAML MOVE Index [MOVE],62.9500
"4,681",2021-10-13,ICE - BofAML MOVE Index [MOVE],60.8400
"4,682",2021-10-14,ICE - BofAML MOVE Index [MOVE],59.3500
"4,683",2021-10-15,ICE - BofAML MOVE Index [MOVE],62.7000
"4,684",2021-10-18,ICE - BofAML MOVE Index [MOVE],70.7700
"4,685",2021-10-19,ICE - BofAML MOVE Index [MOVE],68.2500
"4,686",2021-10-20,ICE - BofAML MOVE Index [MOVE],65.4700
"4,687",2021-10-21,ICE - BofAML MOVE Index [MOVE],69.4200
"4,688",2021-10-22,ICE - BofAML MOVE Index [MOVE],72.0400
"4,689",2021-10-25,ICE - BofAML MOVE Index [MOVE],68.9600
"4,690",2021-10-26,ICE - BofAML MOVE Index [MOVE],66.7000
"4,691",2021-10-27,ICE - BofAML MOVE Index [MOVE],70.0600
"4,692",2021-10-28,ICE - BofAML MOVE Index [MOVE],71.9600
"4,693",2021-10-29,ICE - BofAML MOVE Index [MOVE],75.4500
"4,694",2021-11-01,ICE - BofAML MOVE Index [MOVE],78.3400
"4,695",2021-11-02,ICE - BofAML MOVE Index [MOVE],71.0400
"4,696",2021-11-03,ICE - BofAML MOVE Index [MOVE],71.2200
"4,697",2021-11-04,ICE - BofAML MOVE Index [MOVE],64.6100
"4,698",2021-11-05,ICE - BofAML MOVE Index [MOVE],66.9000
"4,699",2021-11-08,ICE - BofAML MOVE Index [MOVE],70.9700
"4,700",2021-11-09,ICE - BofAML MOVE Index [MOVE],73.0200
"4,701",2021-11-10,ICE - BofAML MOVE Index [MOVE],78.3100
"4,702",2021-11-12,ICE - BofAML MOVE Index [MOVE],78.6100
"4,703",2021-11-15,ICE - BofAML MOVE Index [MOVE],81.5900
"4,704",2021-11-16,ICE - BofAML MOVE Index [MOVE],81.5800
"4,705",2021-11-17,ICE - BofAML MOVE Index [MOVE],81.5800
"4,706",2021-11-18,ICE - BofAML MOVE Index [MOVE],74.5100
"4,707",2021-11-19,ICE - BofAML MOVE Index [MOVE],73.3900
"4,708",2021-11-22,ICE - BofAML MOVE Index [MOVE],79.2100
"4,709",2021-11-23,ICE - BofAML MOVE Index [MOVE],80.5700
"4,710",2021-11-24,ICE - BofAML MOVE Index [MOVE],83.1500
"4,711",2021-11-26,ICE - BofAML MOVE Index [MOVE],89.4500
"4,712",2021-11-29,ICE - BofAML MOVE Index [MOVE],89.4100
"4,713",2021-11-30,ICE - BofAML MOVE Index [MOVE],84.0400
"4,714",2021-12-01,ICE - BofAML MOVE Index [MOVE],82.9700
"4,715",2021-12-02,ICE - BofAML MOVE Index [MOVE],82.5500
"4,716",2021-12-03,ICE - BofAML MOVE Index [MOVE],79.1400
"4,717",2021-12-06,ICE - BofAML MOVE Index [MOVE],87.8900
"4,718",2021-12-07,ICE - BofAML MOVE Index [MOVE],88.1400
"4,719",2021-12-08,ICE - BofAML MOVE Index [MOVE],80.2900
"4,720",2021-12-09,ICE - BofAML MOVE Index [MOVE],79.5400
"4,721",2021-12-10,ICE - BofAML MOVE Index [MOVE],74.3600
"4,722",2021-12-13,ICE - BofAML MOVE Index [MOVE],76.4100
"4,723",2021-12-14,ICE - BofAML MOVE Index [MOVE],78.9800
"4,724",2021-12-15,ICE - BofAML MOVE Index [MOVE],74.0600
"4,725",2021-12-16,ICE - BofAML MOVE Index [MOVE],69.1000
"4,726",2021-12-17,ICE - BofAML MOVE Index [MOVE],72.4600
"4,727",2021-12-20,ICE - BofAML MOVE Index [MOVE],77.0200
"4,728",2021-12-21,ICE - BofAML MOVE Index [MOVE],79.5200
"4,729",2021-12-22,ICE - BofAML MOVE Index [MOVE],76.8500
"4,730",2021-12-23,ICE - BofAML MOVE Index [MOVE],77.2900
"4,731",2021-12-27,ICE - BofAML MOVE Index [MOVE],80.1200
"4,732",2021-12-28,ICE - BofAML MOVE Index [MOVE],77.5200
"4,733",2021-12-29,ICE - BofAML MOVE Index [MOVE],78.0000
"4,734",2021-12-30,ICE - BofAML MOVE Index [MOVE],77.6200
"4,735",2021-12-31,ICE - BofAML MOVE Index [MOVE],77.1000
"4,736",2022-01-03,ICE - BofAML MOVE Index [MOVE],84.0800
"4,737",2022-01-04,ICE - BofAML MOVE Index [MOVE],83.1100
"4,738",2022-01-05,ICE - BofAML MOVE Index [MOVE],78.6800
"4,739",2022-01-06,ICE - BofAML MOVE Index [MOVE],77.7300
"4,740",2022-01-07,ICE - BofAML MOVE Index [MOVE],74.6900
"4,741",2022-01-10,ICE - BofAML MOVE Index [MOVE],78.1200
"4,742",2022-01-11,ICE - BofAML MOVE Index [MOVE],77.8500
"4,743",2022-01-12,ICE - BofAML MOVE Index [MOVE],74.5500
"4,744",2022-01-13,ICE - BofAML MOVE Index [MOVE],72.5700
"4,745",2022-01-14,ICE - BofAML MOVE Index [MOVE],76.5900
"4,746",2022-01-18,ICE - BofAML MOVE Index [MOVE],84.6300
"4,747",2022-01-19,ICE - BofAML MOVE Index [MOVE],80.1400
"4,748",2022-01-20,ICE - BofAML MOVE Index [MOVE],80.9600
"4,749",2022-01-21,ICE - BofAML MOVE Index [MOVE],81.0300
"4,750",2022-01-24,ICE - BofAML MOVE Index [MOVE],83.7700
"4,751",2022-01-25,ICE - BofAML MOVE Index [MOVE],84.5700
"4,752",2022-01-26,ICE - BofAML MOVE Index [MOVE],85.7500
"4,753",2022-01-27,ICE - BofAML MOVE Index [MOVE],85.6200
"4,754",2022-01-28,ICE - BofAML MOVE Index [MOVE],85.2900
"4,755",2022-01-31,ICE - BofAML MOVE Index [MOVE],85.1400
"4,756",2022-02-01,ICE - BofAML MOVE Index [MOVE],85.2200
"4,757",2022-02-02,ICE - BofAML MOVE Index [MOVE],84.8500
"4,758",2022-02-03,ICE - BofAML MOVE Index [MOVE],85.7400
"4,759",2022-02-04,ICE - BofAML MOVE Index [MOVE],87.6800
"4,760",2022-02-07,ICE - BofAML MOVE Index [MOVE],87.4400
"4,761",2022-02-08,ICE - BofAML MOVE Index [MOVE],82.7200
"4,762",2022-02-09,ICE - BofAML MOVE Index [MOVE],81.7600
"4,763",2022-02-10,ICE - BofAML MOVE Index [MOVE],88.5200
"4,764",2022-02-11,ICE - BofAML MOVE Index [MOVE],94.0300
"4,765",2022-02-14,ICE - BofAML MOVE Index [MOVE],102.2800
"4,766",2022-02-15,ICE - BofAML MOVE Index [MOVE],94.0000
"4,767",2022-02-16,ICE - BofAML MOVE Index [MOVE],92.7400
"4,768",2022-02-17,ICE - BofAML MOVE Index [MOVE],96.1700
"4,769",2022-02-18,ICE - BofAML MOVE Index [MOVE],94.3600
"4,770",2022-02-22,ICE - BofAML MOVE Index [MOVE],95.5400
"4,771",2022-02-23,ICE - BofAML MOVE Index [MOVE],95.1500
"4,772",2022-02-24,ICE - BofAML MOVE Index [MOVE],100.7500
"4,773",2022-02-25,ICE - BofAML MOVE Index [MOVE],93.3400
"4,774",2022-02-28,ICE - BofAML MOVE Index [MOVE],100.4000
"4,775",2022-03-01,ICE - BofAML MOVE Index [MOVE],118.2600
"4,776",2022-03-02,ICE - BofAML MOVE Index [MOVE],110.2800
"4,777",2022-03-03,ICE - BofAML MOVE Index [MOVE],115.1800
"4,778",2022-03-04,ICE - BofAML MOVE Index [MOVE],131.8200
"4,779",2022-03-07,ICE - BofAML MOVE Index [MOVE],140.0300
"4,780",2022-03-08,ICE - BofAML MOVE Index [MOVE],133.3700
"4,781",2022-03-09,ICE - BofAML MOVE Index [MOVE],110.9000
"4,782",2022-03-10,ICE - BofAML MOVE Index [MOVE],105.3100
"4,783",2022-03-11,ICE - BofAML MOVE Index [MOVE],99.0300
"4,784",2022-03-14,ICE - BofAML MOVE Index [MOVE],105.0800
"4,785",2022-03-15,ICE - BofAML MOVE Index [MOVE],101.0300
"4,786",2022-03-16,ICE - BofAML MOVE Index [MOVE],100.5700
"4,787",2022-03-17,ICE - BofAML MOVE Index [MOVE],91.7600
"4,788",2022-03-18,ICE - BofAML MOVE Index [MOVE],91.7700
"4,789",2022-03-21,ICE - BofAML MOVE Index [MOVE],101.9400
"4,790",2022-03-22,ICE - BofAML MOVE Index [MOVE],105.3800
"4,791",2022-03-23,ICE - BofAML MOVE Index [MOVE],105.7200
"4,792",2022-03-24,ICE - BofAML MOVE Index [MOVE],113.1400
"4,793",2022-03-25,ICE - BofAML MOVE Index [MOVE],125.2700
"4,794",2022-03-28,ICE - BofAML MOVE Index [MOVE],129.2800
"4,795",2022-03-29,ICE - BofAML MOVE Index [MOVE],117.9200
"4,796",2022-03-30,ICE - BofAML MOVE Index [MOVE],112.9800
"4,797",2022-03-31,ICE - BofAML MOVE Index [MOVE],106.8800
"4,798",2022-04-01,ICE - BofAML MOVE Index [MOVE],108.3400
"4,799",2022-04-04,ICE - BofAML MOVE Index [MOVE],108.3700
"4,800",2022-04-05,ICE - BofAML MOVE Index [MOVE],116.3700
"4,801",2022-04-06,ICE - BofAML MOVE Index [MOVE],123.9200
"4,802",2022-04-07,ICE - BofAML MOVE Index [MOVE],122.6700
"4,803",2022-04-08,ICE - BofAML MOVE Index [MOVE],124.8600
"4,804",2022-04-11,ICE - BofAML MOVE Index [MOVE],129.8700
"4,805",2022-04-12,ICE - BofAML MOVE Index [MOVE],117.7900
"4,806",2022-04-13,ICE - BofAML MOVE Index [MOVE],116.3300
"4,807",2022-04-14,ICE - BofAML MOVE Index [MOVE],119.6600
"4,808",2022-04-18,ICE - BofAML MOVE Index [MOVE],122.3200
"4,809",2022-04-19,ICE - BofAML MOVE Index [MOVE],122.7400
"4,810",2022-04-20,ICE - BofAML MOVE Index [MOVE],125.1200
"4,811",2022-04-21,ICE - BofAML MOVE Index [MOVE],130.6900
"4,812",2022-04-22,ICE - BofAML MOVE Index [MOVE],128.1200
"4,813",2022-04-25,ICE - BofAML MOVE Index [MOVE],131.6300
"4,814",2022-04-26,ICE - BofAML MOVE Index [MOVE],129.2700
"4,815",2022-04-27,ICE - BofAML MOVE Index [MOVE],130.1100
"4,816",2022-04-28,ICE - BofAML MOVE Index [MOVE],128.7400
"4,817",2022-04-29,ICE - BofAML MOVE Index [MOVE],128.4000
"4,818",2022-05-03,ICE - BofAML MOVE Index [MOVE],126.4600
"4,819",2022-05-04,ICE - BofAML MOVE Index [MOVE],121.9900
"4,820",2022-05-05,ICE - BofAML MOVE Index [MOVE],122.7200
"4,821",2022-05-06,ICE - BofAML MOVE Index [MOVE],121.4200
"4,822",2022-05-09,ICE - BofAML MOVE Index [MOVE],125.2200
"4,823",2022-05-10,ICE - BofAML MOVE Index [MOVE],126.7600
"4,824",2022-05-11,ICE - BofAML MOVE Index [MOVE],118.0500
"4,825",2022-05-12,ICE - BofAML MOVE Index [MOVE],118.7300
"4,826",2022-05-13,ICE - BofAML MOVE Index [MOVE],114.6100
"4,827",2022-05-16,ICE - BofAML MOVE Index [MOVE],117.9500
"4,828",2022-05-17,ICE - BofAML MOVE Index [MOVE],119.4600
"4,829",2022-05-18,ICE - BofAML MOVE Index [MOVE],114.8600
"4,830",2022-05-19,ICE - BofAML MOVE Index [MOVE],115.0500
"4,831",2022-05-20,ICE - BofAML MOVE Index [MOVE],111.1000
"4,832",2022-05-23,ICE - BofAML MOVE Index [MOVE],110.1900
"4,833",2022-05-24,ICE - BofAML MOVE Index [MOVE],111.1500
"4,834",2022-05-25,ICE - BofAML MOVE Index [MOVE],105.6900
"4,835",2022-05-26,ICE - BofAML MOVE Index [MOVE],102.4900
"4,836",2022-05-27,ICE - BofAML MOVE Index [MOVE],98.4800
"4,837",2022-05-31,ICE - BofAML MOVE Index [MOVE],107.1200
"4,838",2022-06-01,ICE - BofAML MOVE Index [MOVE],109.3800
"4,839",2022-06-02,ICE - BofAML MOVE Index [MOVE],99.2700
"4,840",2022-06-03,ICE - BofAML MOVE Index [MOVE],97.7300
"4,841",2022-06-06,ICE - BofAML MOVE Index [MOVE],102.2600
"4,842",2022-06-07,ICE - BofAML MOVE Index [MOVE],102.6100
"4,843",2022-06-08,ICE - BofAML MOVE Index [MOVE],105.2900
"4,844",2022-06-09,ICE - BofAML MOVE Index [MOVE],105.2900
"4,845",2022-06-10,ICE - BofAML MOVE Index [MOVE],114.2300
"4,846",2022-06-13,ICE - BofAML MOVE Index [MOVE],139.2100
"4,847",2022-06-14,ICE - BofAML MOVE Index [MOVE],144.0900
"4,848",2022-06-15,ICE - BofAML MOVE Index [MOVE],135.9300
"4,849",2022-06-16,ICE - BofAML MOVE Index [MOVE],138.1000
"4,850",2022-06-17,ICE - BofAML MOVE Index [MOVE],133.7500
"4,851",2022-06-21,ICE - BofAML MOVE Index [MOVE],138.9100
"4,852",2022-06-22,ICE - BofAML MOVE Index [MOVE],129.9400
"4,853",2022-06-23,ICE - BofAML MOVE Index [MOVE],125.9800
"4,854",2022-06-24,ICE - BofAML MOVE Index [MOVE],127.0000
"4,855",2022-06-27,ICE - BofAML MOVE Index [MOVE],133.2200
"4,856",2022-06-28,ICE - BofAML MOVE Index [MOVE],135.2200
"4,857",2022-06-29,ICE - BofAML MOVE Index [MOVE],130.4300
"4,858",2022-06-30,ICE - BofAML MOVE Index [MOVE],135.5000
"4,859",2022-07-01,ICE - BofAML MOVE Index [MOVE],144.1700
"4,860",2022-07-05,ICE - BofAML MOVE Index [MOVE],156.1600
"4,861",2022-07-06,ICE - BofAML MOVE Index [MOVE],151.1400
"4,862",2022-07-07,ICE - BofAML MOVE Index [MOVE],149.7100
"4,863",2022-07-08,ICE - BofAML MOVE Index [MOVE],145.2500
"4,864",2022-07-11,ICE - BofAML MOVE Index [MOVE],147.7200
"4,865",2022-07-12,ICE - BofAML MOVE Index [MOVE],148.1100
"4,866",2022-07-13,ICE - BofAML MOVE Index [MOVE],136.1000
"4,867",2022-07-14,ICE - BofAML MOVE Index [MOVE],137.7600
"4,868",2022-07-15,ICE - BofAML MOVE Index [MOVE],129.8500
"4,869",2022-07-18,ICE - BofAML MOVE Index [MOVE],127.6900
"4,870",2022-07-19,ICE - BofAML MOVE Index [MOVE],124.7000
"4,871",2022-07-20,ICE - BofAML MOVE Index [MOVE],122.9000
"4,872",2022-07-21,ICE - BofAML MOVE Index [MOVE],121.1500
"4,873",2022-07-22,ICE - BofAML MOVE Index [MOVE],123.7000
"4,874",2022-07-25,ICE - BofAML MOVE Index [MOVE],128.2700
"4,875",2022-07-26,ICE - BofAML MOVE Index [MOVE],128.5500
"4,876",2022-07-27,ICE - BofAML MOVE Index [MOVE],117.2800
"4,877",2022-07-28,ICE - BofAML MOVE Index [MOVE],119.9300
"4,878",2022-07-29,ICE - BofAML MOVE Index [MOVE],116.3600
"4,879",2022-08-01,ICE - BofAML MOVE Index [MOVE],120.5000
"4,880",2022-08-02,ICE - BofAML MOVE Index [MOVE],129.2300
"4,881",2022-08-03,ICE - BofAML MOVE Index [MOVE],122.0400
"4,882",2022-08-04,ICE - BofAML MOVE Index [MOVE],120.5700
"4,883",2022-08-05,ICE - BofAML MOVE Index [MOVE],122.5800
"4,884",2022-08-08,ICE - BofAML MOVE Index [MOVE],124.1200
"4,885",2022-08-09,ICE - BofAML MOVE Index [MOVE],125.1200
"4,886",2022-08-10,ICE - BofAML MOVE Index [MOVE],115.2600
"4,887",2022-08-11,ICE - BofAML MOVE Index [MOVE],111.1100
"4,888",2022-08-12,ICE - BofAML MOVE Index [MOVE],106.2800
"4,889",2022-08-15,ICE - BofAML MOVE Index [MOVE],113.8200
"4,890",2022-08-16,ICE - BofAML MOVE Index [MOVE],116.8300
"4,891",2022-08-17,ICE - BofAML MOVE Index [MOVE],117.7000
"4,892",2022-08-18,ICE - BofAML MOVE Index [MOVE],120.2600
"4,893",2022-08-19,ICE - BofAML MOVE Index [MOVE],123.8100
"4,894",2022-08-22,ICE - BofAML MOVE Index [MOVE],135.8900
"4,895",2022-08-23,ICE - BofAML MOVE Index [MOVE],133.8500
"4,896",2022-08-24,ICE - BofAML MOVE Index [MOVE],133.1300
"4,897",2022-08-25,ICE - BofAML MOVE Index [MOVE],126.3300
"4,898",2022-08-26,ICE - BofAML MOVE Index [MOVE],122.9500
"4,899",2022-08-29,ICE - BofAML MOVE Index [MOVE],130.1400
"4,900",2022-08-30,ICE - BofAML MOVE Index [MOVE],127.6900
"4,901",2022-08-31,ICE - BofAML MOVE Index [MOVE],124.8400
"4,902",2022-09-01,ICE - BofAML MOVE Index [MOVE],126.5800
"4,903",2022-09-02,ICE - BofAML MOVE Index [MOVE],120.7200
"4,904",2022-09-06,ICE - BofAML MOVE Index [MOVE],133.5400
"4,905",2022-09-07,ICE - BofAML MOVE Index [MOVE],133.1200
"4,906",2022-09-09,ICE - BofAML MOVE Index [MOVE],121.5400
"4,907",2022-09-12,ICE - BofAML MOVE Index [MOVE],123.0700
"4,908",2022-09-13,ICE - BofAML MOVE Index [MOVE],128.8700
"4,909",2022-09-14,ICE - BofAML MOVE Index [MOVE],125.3500
"4,910",2022-09-15,ICE - BofAML MOVE Index [MOVE],124.0700
"4,911",2022-09-16,ICE - BofAML MOVE Index [MOVE],124.9500
"4,912",2022-09-19,ICE - BofAML MOVE Index [MOVE],133.7900
"4,913",2022-09-20,ICE - BofAML MOVE Index [MOVE],134.6600
"4,914",2022-09-21,ICE - BofAML MOVE Index [MOVE],130.5400
"4,915",2022-09-22,ICE - BofAML MOVE Index [MOVE],131.9300
"4,916",2022-09-23,ICE - BofAML MOVE Index [MOVE],137.2800
"4,917",2022-09-26,ICE - BofAML MOVE Index [MOVE],153.6100
"4,918",2022-09-27,ICE - BofAML MOVE Index [MOVE],158.1200
"4,919",2022-09-28,ICE - BofAML MOVE Index [MOVE],158.9900
"4,920",2022-09-29,ICE - BofAML MOVE Index [MOVE],148.1400
"4,921",2022-09-30,ICE - BofAML MOVE Index [MOVE],141.8900
"4,922",2022-10-03,ICE - BofAML MOVE Index [MOVE],152.9400
"4,923",2022-10-04,ICE - BofAML MOVE Index [MOVE],151.2100
"4,924",2022-10-05,ICE - BofAML MOVE Index [MOVE],152.0100
"4,925",2022-10-06,ICE - BofAML MOVE Index [MOVE],153.2900
"4,926",2022-10-07,ICE - BofAML MOVE Index [MOVE],148.4600
"4,927",2022-10-11,ICE - BofAML MOVE Index [MOVE],155.5700
"4,928",2022-10-12,ICE - BofAML MOVE Index [MOVE],160.7200
"4,929",2022-10-13,ICE - BofAML MOVE Index [MOVE],155.0800
"4,930",2022-10-14,ICE - BofAML MOVE Index [MOVE],152.8900
"4,931",2022-10-17,ICE - BofAML MOVE Index [MOVE],150.4200
"4,932",2022-10-18,ICE - BofAML MOVE Index [MOVE],145.7900
"4,933",2022-10-19,ICE - BofAML MOVE Index [MOVE],147.7300
"4,934",2022-10-20,ICE - BofAML MOVE Index [MOVE],155.6100
"4,935",2022-10-21,ICE - BofAML MOVE Index [MOVE],156.9500
"4,936",2022-10-24,ICE - BofAML MOVE Index [MOVE],154.0200
"4,937",2022-10-25,ICE - BofAML MOVE Index [MOVE],147.7800
"4,938",2022-10-26,ICE - BofAML MOVE Index [MOVE],140.2000
"4,939",2022-10-27,ICE - BofAML MOVE Index [MOVE],142.7800
"4,940",2022-10-28,ICE - BofAML MOVE Index [MOVE],144.6000
"4,941",2022-10-31,ICE - BofAML MOVE Index [MOVE],147.9200
"4,942",2022-11-01,ICE - BofAML MOVE Index [MOVE],148.4200
"4,943",2022-11-02,ICE - BofAML MOVE Index [MOVE],141.1700
"4,944",2022-11-03,ICE - BofAML MOVE Index [MOVE],136.2800
"4,945",2022-11-04,ICE - BofAML MOVE Index [MOVE],128.4400
"4,946",2022-11-07,ICE - BofAML MOVE Index [MOVE],128.3300
"4,947",2022-11-08,ICE - BofAML MOVE Index [MOVE],126.3300
"4,948",2022-11-09,ICE - BofAML MOVE Index [MOVE],124.4000
"4,949",2022-11-10,ICE - BofAML MOVE Index [MOVE],111.6900
"4,950",2022-11-14,ICE - BofAML MOVE Index [MOVE],119.9900
"4,951",2022-11-15,ICE - BofAML MOVE Index [MOVE],128.6200
"4,952",2022-11-16,ICE - BofAML MOVE Index [MOVE],130.8300
"4,953",2022-11-17,ICE - BofAML MOVE Index [MOVE],132.1800
"4,954",2022-11-18,ICE - BofAML MOVE Index [MOVE],129.3300
"4,955",2022-11-21,ICE - BofAML MOVE Index [MOVE],132.1300
"4,956",2022-11-22,ICE - BofAML MOVE Index [MOVE],133.5300
"4,957",2022-11-23,ICE - BofAML MOVE Index [MOVE],136.2000
"4,958",2022-11-25,ICE - BofAML MOVE Index [MOVE],129.6000
"4,959",2022-11-28,ICE - BofAML MOVE Index [MOVE],131.7300
"4,960",2022-11-29,ICE - BofAML MOVE Index [MOVE],131.2300
"4,961",2022-11-30,ICE - BofAML MOVE Index [MOVE],127.2700
"4,962",2022-12-01,ICE - BofAML MOVE Index [MOVE],119.7700
"4,963",2022-12-02,ICE - BofAML MOVE Index [MOVE],118.6200
"4,964",2022-12-05,ICE - BofAML MOVE Index [MOVE],126.5000
"4,965",2022-12-06,ICE - BofAML MOVE Index [MOVE],129.0900
"4,966",2022-12-07,ICE - BofAML MOVE Index [MOVE],131.1000
"4,967",2022-12-08,ICE - BofAML MOVE Index [MOVE],129.5400
"4,968",2022-12-09,ICE - BofAML MOVE Index [MOVE],132.7900
"4,969",2022-12-12,ICE - BofAML MOVE Index [MOVE],141.9300
"4,970",2022-12-13,ICE - BofAML MOVE Index [MOVE],135.0800
"4,971",2022-12-14,ICE - BofAML MOVE Index [MOVE],120.2600
"4,972",2022-12-15,ICE - BofAML MOVE Index [MOVE],111.2600
"4,973",2022-12-16,ICE - BofAML MOVE Index [MOVE],113.6500
"4,974",2022-12-19,ICE - BofAML MOVE Index [MOVE],118.3200
"4,975",2022-12-20,ICE - BofAML MOVE Index [MOVE],119.9200
"4,976",2022-12-21,ICE - BofAML MOVE Index [MOVE],115.0000
"4,977",2022-12-22,ICE - BofAML MOVE Index [MOVE],112.0500
"4,978",2022-12-23,ICE - BofAML MOVE Index [MOVE],113.1700
"4,979",2022-12-27,ICE - BofAML MOVE Index [MOVE],124.8900
"4,980",2022-12-28,ICE - BofAML MOVE Index [MOVE],120.0700
"4,981",2022-12-29,ICE - BofAML MOVE Index [MOVE],120.2500
"4,982",2022-12-30,ICE - BofAML MOVE Index [MOVE],121.6100
"4,983",2023-01-03,ICE - BofAML MOVE Index [MOVE],129.9700
"4,984",2023-01-04,ICE - BofAML MOVE Index [MOVE],125.7800
"4,985",2023-01-05,ICE - BofAML MOVE Index [MOVE],119.5300
"4,986",2023-01-06,ICE - BofAML MOVE Index [MOVE],113.8700
"4,987",2023-01-09,ICE - BofAML MOVE Index [MOVE],116.6700
"4,988",2023-01-10,ICE - BofAML MOVE Index [MOVE],119.5200
"4,989",2023-01-11,ICE - BofAML MOVE Index [MOVE],115.1700
"4,990",2023-01-12,ICE - BofAML MOVE Index [MOVE],112.3400
"4,991",2023-01-13,ICE - BofAML MOVE Index [MOVE],113.5500
"4,992",2023-01-17,ICE - BofAML MOVE Index [MOVE],122.2700
"4,993",2023-01-18,ICE - BofAML MOVE Index [MOVE],112.6100
"4,994",2023-01-19,ICE - BofAML MOVE Index [MOVE],114.5300
"4,995",2023-01-20,ICE - BofAML MOVE Index [MOVE],114.7600
"4,996",2023-01-23,ICE - BofAML MOVE Index [MOVE],114.6900
"4,997",2023-01-24,ICE - BofAML MOVE Index [MOVE],112.7600
"4,998",2023-01-25,ICE - BofAML MOVE Index [MOVE],107.7400
"4,999",2023-01-26,ICE - BofAML MOVE Index [MOVE],104.2800
"5,000",2023-01-27,ICE - BofAML MOVE Index [MOVE],100.7000
"5,001",2023-01-30,ICE - BofAML MOVE Index [MOVE],103.7700
"5,002",2023-01-31,ICE - BofAML MOVE Index [MOVE],99.5400
"5,003",2023-02-01,ICE - BofAML MOVE Index [MOVE],97.3300
"5,004",2023-02-02,ICE - BofAML MOVE Index [MOVE],97.7600
"5,005",2023-02-03,ICE - BofAML MOVE Index [MOVE],98.9900
"5,006",2023-02-06,ICE - BofAML MOVE Index [MOVE],105.6300
"5,007",2023-02-07,ICE - BofAML MOVE Index [MOVE],103.1500
"5,008",2023-02-08,ICE - BofAML MOVE Index [MOVE],100.7500
"5,009",2023-02-09,ICE - BofAML MOVE Index [MOVE],102.4500
"5,010",2023-02-10,ICE - BofAML MOVE Index [MOVE],109.6300
"5,011",2023-02-13,ICE - BofAML MOVE Index [MOVE],110.6700
"5,012",2023-02-14,ICE - BofAML MOVE Index [MOVE],110.5900
"5,013",2023-02-15,ICE - BofAML MOVE Index [MOVE],108.6400
"5,014",2023-02-16,ICE - BofAML MOVE Index [MOVE],111.0100
"5,015",2023-02-17,ICE - BofAML MOVE Index [MOVE],110.1100
"5,016",2023-02-21,ICE - BofAML MOVE Index [MOVE],119.6200
"5,017",2023-02-22,ICE - BofAML MOVE Index [MOVE],118.2100
"5,018",2023-02-23,ICE - BofAML MOVE Index [MOVE],117.4500
"5,019",2023-02-24,ICE - BofAML MOVE Index [MOVE],122.8400
"5,020",2023-02-27,ICE - BofAML MOVE Index [MOVE],120.0300
"5,021",2023-02-28,ICE - BofAML MOVE Index [MOVE],123.6000
"5,022",2023-03-01,ICE - BofAML MOVE Index [MOVE],121.0800
"5,023",2023-03-02,ICE - BofAML MOVE Index [MOVE],124.1200
"5,024",2023-03-03,ICE - BofAML MOVE Index [MOVE],122.5200
"5,025",2023-03-06,ICE - BofAML MOVE Index [MOVE],128.1900
"5,026",2023-03-07,ICE - BofAML MOVE Index [MOVE],133.3300
"5,027",2023-03-08,ICE - BofAML MOVE Index [MOVE],129.7600
"5,028",2023-03-09,ICE - BofAML MOVE Index [MOVE],129.2800
"5,029",2023-03-10,ICE - BofAML MOVE Index [MOVE],140.0600
"5,030",2023-03-13,ICE - BofAML MOVE Index [MOVE],173.5900
"5,031",2023-03-14,ICE - BofAML MOVE Index [MOVE],169.6500
"5,032",2023-03-15,ICE - BofAML MOVE Index [MOVE],198.7100
"5,033",2023-03-16,ICE - BofAML MOVE Index [MOVE],167.9600
"5,034",2023-03-17,ICE - BofAML MOVE Index [MOVE],180.1100
"5,035",2023-03-20,ICE - BofAML MOVE Index [MOVE],182.6400
"5,036",2023-03-21,ICE - BofAML MOVE Index [MOVE],162.3100
"5,037",2023-03-22,ICE - BofAML MOVE Index [MOVE],142.8400
"5,038",2023-03-23,ICE - BofAML MOVE Index [MOVE],151.4000
"5,039",2023-03-24,ICE - BofAML MOVE Index [MOVE],173.6600
"5,040",2023-03-27,ICE - BofAML MOVE Index [MOVE],161.6700
"5,041",2023-03-28,ICE - BofAML MOVE Index [MOVE],155.9600
"5,042",2023-03-29,ICE - BofAML MOVE Index [MOVE],150.5800
"5,043",2023-03-30,ICE - BofAML MOVE Index [MOVE],141.2400
"5,044",2023-03-31,ICE - BofAML MOVE Index [MOVE],135.9300
"5,045",2023-04-03,ICE - BofAML MOVE Index [MOVE],138.1700
"5,046",2023-04-04,ICE - BofAML MOVE Index [MOVE],147.7500
"5,047",2023-04-05,ICE - BofAML MOVE Index [MOVE],153.9000
"5,048",2023-04-06,ICE - BofAML MOVE Index [MOVE],147.7300
"5,049",2023-04-07,ICE - BofAML MOVE Index [MOVE],139.2000
"5,050",2023-04-10,ICE - BofAML MOVE Index [MOVE],143.0000
"5,051",2023-04-11,ICE - BofAML MOVE Index [MOVE],139.7800
"5,052",2023-04-12,ICE - BofAML MOVE Index [MOVE],129.6800
"5,053",2023-04-13,ICE - BofAML MOVE Index [MOVE],119.9500
"5,054",2023-04-14,ICE - BofAML MOVE Index [MOVE],118.8400
"5,055",2023-04-17,ICE - BofAML MOVE Index [MOVE],122.6900
"5,056",2023-04-18,ICE - BofAML MOVE Index [MOVE],122.7800
"5,057",2023-04-19,ICE - BofAML MOVE Index [MOVE],124.0200
"5,058",2023-04-20,ICE - BofAML MOVE Index [MOVE],120.6100
"5,059",2023-04-21,ICE - BofAML MOVE Index [MOVE],120.8400
"5,060",2023-04-24,ICE - BofAML MOVE Index [MOVE],126.2800
"5,061",2023-04-25,ICE - BofAML MOVE Index [MOVE],137.1300
"5,062",2023-04-26,ICE - BofAML MOVE Index [MOVE],130.3900
"5,063",2023-04-27,ICE - BofAML MOVE Index [MOVE],122.4300
"5,064",2023-04-28,ICE - BofAML MOVE Index [MOVE],122.4600
"5,065",2023-05-01,ICE - BofAML MOVE Index [MOVE],128.1800
"5,066",2023-05-02,ICE - BofAML MOVE Index [MOVE],137.5500
"5,067",2023-05-03,ICE - BofAML MOVE Index [MOVE],134.5000
"5,068",2023-05-04,ICE - BofAML MOVE Index [MOVE],140.7100
"5,069",2023-05-05,ICE - BofAML MOVE Index [MOVE],130.2100
"5,070",2023-05-08,ICE - BofAML MOVE Index [MOVE],135.0700
"5,071",2023-05-09,ICE - BofAML MOVE Index [MOVE],133.9300
"5,072",2023-05-10,ICE - BofAML MOVE Index [MOVE],125.6000
"5,073",2023-05-11,ICE - BofAML MOVE Index [MOVE],128.2100
"5,074",2023-05-12,ICE - BofAML MOVE Index [MOVE],120.5200
"5,075",2023-05-15,ICE - BofAML MOVE Index [MOVE],127.8900
"5,076",2023-05-16,ICE - BofAML MOVE Index [MOVE],130.3000
"5,077",2023-05-17,ICE - BofAML MOVE Index [MOVE],120.7800
"5,078",2023-05-18,ICE - BofAML MOVE Index [MOVE],122.5000
"5,079",2023-05-19,ICE - BofAML MOVE Index [MOVE],127.5100
"5,080",2023-05-22,ICE - BofAML MOVE Index [MOVE],132.2900
"5,081",2023-05-23,ICE - BofAML MOVE Index [MOVE],131.7000
"5,082",2023-05-24,ICE - BofAML MOVE Index [MOVE],132.2900
"5,083",2023-05-25,ICE - BofAML MOVE Index [MOVE],139.5400
"5,084",2023-05-26,ICE - BofAML MOVE Index [MOVE],145.3700
"5,085",2023-05-30,ICE - BofAML MOVE Index [MOVE],141.3600
"5,086",2023-05-31,ICE - BofAML MOVE Index [MOVE],136.0200
"5,087",2023-06-01,ICE - BofAML MOVE Index [MOVE],124.6300
"5,088",2023-06-02,ICE - BofAML MOVE Index [MOVE],120.9500
"5,089",2023-06-05,ICE - BofAML MOVE Index [MOVE],119.0800
"5,090",2023-06-06,ICE - BofAML MOVE Index [MOVE],114.4200
"5,091",2023-06-07,ICE - BofAML MOVE Index [MOVE],120.5000
"5,092",2023-06-08,ICE - BofAML MOVE Index [MOVE],115.1100
"5,093",2023-06-09,ICE - BofAML MOVE Index [MOVE],115.7700
"5,094",2023-06-12,ICE - BofAML MOVE Index [MOVE],119.8000
"5,095",2023-06-13,ICE - BofAML MOVE Index [MOVE],118.8000
"5,096",2023-06-14,ICE - BofAML MOVE Index [MOVE],114.3700
"5,097",2023-06-15,ICE - BofAML MOVE Index [MOVE],107.3400
"5,098",2023-06-16,ICE - BofAML MOVE Index [MOVE],104.4300
"5,099",2023-06-20,ICE - BofAML MOVE Index [MOVE],114.1900
"5,100",2023-06-21,ICE - BofAML MOVE Index [MOVE],110.8400
"5,101",2023-06-22,ICE - BofAML MOVE Index [MOVE],107.7000
"5,102",2023-06-23,ICE - BofAML MOVE Index [MOVE],105.7400
"5,103",2023-06-26,ICE - BofAML MOVE Index [MOVE],109.0200
"5,104",2023-06-27,ICE - BofAML MOVE Index [MOVE],110.8500
"5,105",2023-06-28,ICE - BofAML MOVE Index [MOVE],108.3000
"5,106",2023-06-29,ICE - BofAML MOVE Index [MOVE],113.4500
"5,107",2023-06-30,ICE - BofAML MOVE Index [MOVE],110.6400
"5,108",2023-07-03,ICE - BofAML MOVE Index [MOVE],110.7700
"5,109",2023-07-05,ICE - BofAML MOVE Index [MOVE],110.5300
"5,110",2023-07-06,ICE - BofAML MOVE Index [MOVE],134.6300
"5,111",2023-07-07,ICE - BofAML MOVE Index [MOVE],130.4100
"5,112",2023-07-10,ICE - BofAML MOVE Index [MOVE],131.7300
"5,113",2023-07-11,ICE - BofAML MOVE Index [MOVE],127.0700
"5,114",2023-07-12,ICE - BofAML MOVE Index [MOVE],114.0700
"5,115",2023-07-13,ICE - BofAML MOVE Index [MOVE],111.7500
"5,116",2023-07-14,ICE - BofAML MOVE Index [MOVE],112.4800
"5,117",2023-07-17,ICE - BofAML MOVE Index [MOVE],113.5000
"5,118",2023-07-18,ICE - BofAML MOVE Index [MOVE],112.4500
"5,119",2023-07-19,ICE - BofAML MOVE Index [MOVE],107.1900
"5,120",2023-07-20,ICE - BofAML MOVE Index [MOVE],112.8500
"5,121",2023-07-21,ICE - BofAML MOVE Index [MOVE],106.6600
"5,122",2023-07-24,ICE - BofAML MOVE Index [MOVE],109.9500
"5,123",2023-07-25,ICE - BofAML MOVE Index [MOVE],113.0200
"5,124",2023-07-26,ICE - BofAML MOVE Index [MOVE],104.8800
"5,125",2023-07-27,ICE - BofAML MOVE Index [MOVE],111.1500
"5,126",2023-07-28,ICE - BofAML MOVE Index [MOVE],109.7600
"5,127",2023-07-31,ICE - BofAML MOVE Index [MOVE],112.0300
"5,128",2023-08-01,ICE - BofAML MOVE Index [MOVE],116.3800
"5,129",2023-08-02,ICE - BofAML MOVE Index [MOVE],115.1500
"5,130",2023-08-03,ICE - BofAML MOVE Index [MOVE],124.6000
"5,131",2023-08-04,ICE - BofAML MOVE Index [MOVE],115.9100
"5,132",2023-08-07,ICE - BofAML MOVE Index [MOVE],120.9400
"5,133",2023-08-08,ICE - BofAML MOVE Index [MOVE],118.7400
"5,134",2023-08-09,ICE - BofAML MOVE Index [MOVE],112.5500
"5,135",2023-08-10,ICE - BofAML MOVE Index [MOVE],108.6400
"5,136",2023-08-11,ICE - BofAML MOVE Index [MOVE],112.1300
"5,137",2023-08-14,ICE - BofAML MOVE Index [MOVE],119.9400
"5,138",2023-08-15,ICE - BofAML MOVE Index [MOVE],121.8000
"5,139",2023-08-16,ICE - BofAML MOVE Index [MOVE],117.2400
"5,140",2023-08-17,ICE - BofAML MOVE Index [MOVE],121.1400
"5,141",2023-08-18,ICE - BofAML MOVE Index [MOVE],120.5100
"5,142",2023-08-21,ICE - BofAML MOVE Index [MOVE],130.6900
"5,143",2023-08-22,ICE - BofAML MOVE Index [MOVE],126.6500
"5,144",2023-08-23,ICE - BofAML MOVE Index [MOVE],118.4000
"5,145",2023-08-24,ICE - BofAML MOVE Index [MOVE],117.5600
"5,146",2023-08-25,ICE - BofAML MOVE Index [MOVE],110.3700
"5,147",2023-08-28,ICE - BofAML MOVE Index [MOVE],110.4500
"5,148",2023-08-29,ICE - BofAML MOVE Index [MOVE],110.6800
"5,149",2023-08-30,ICE - BofAML MOVE Index [MOVE],109.8400
"5,150",2023-08-31,ICE - BofAML MOVE Index [MOVE],107.9300
"5,151",2023-09-01,ICE - BofAML MOVE Index [MOVE],102.9200
"5,152",2023-09-05,ICE - BofAML MOVE Index [MOVE],109.6400
"5,153",2023-09-06,ICE - BofAML MOVE Index [MOVE],111.3100
"5,154",2023-09-07,ICE - BofAML MOVE Index [MOVE],105.2000
"5,155",2023-09-08,ICE - BofAML MOVE Index [MOVE],104.3400
"5,156",2023-09-11,ICE - BofAML MOVE Index [MOVE],107.2300
"5,157",2023-09-12,ICE - BofAML MOVE Index [MOVE],105.1100
"5,158",2023-09-13,ICE - BofAML MOVE Index [MOVE],101.8600
"5,159",2023-09-14,ICE - BofAML MOVE Index [MOVE],97.1100
"5,160",2023-09-15,ICE - BofAML MOVE Index [MOVE],96.6100
"5,161",2023-09-18,ICE - BofAML MOVE Index [MOVE],99.3200
"5,162",2023-09-19,ICE - BofAML MOVE Index [MOVE],101.3100
"5,163",2023-09-20,ICE - BofAML MOVE Index [MOVE],97.0400
"5,164",2023-09-21,ICE - BofAML MOVE Index [MOVE],106.0000
"5,165",2023-09-22,ICE - BofAML MOVE Index [MOVE],101.1100
"5,166",2023-09-25,ICE - BofAML MOVE Index [MOVE],117.3300
"5,167",2023-09-26,ICE - BofAML MOVE Index [MOVE],117.7200
"5,168",2023-09-27,ICE - BofAML MOVE Index [MOVE],122.0900
"5,169",2023-09-28,ICE - BofAML MOVE Index [MOVE],115.2400
"5,170",2023-09-29,ICE - BofAML MOVE Index [MOVE],113.5500
"5,171",2023-10-02,ICE - BofAML MOVE Index [MOVE],127.5900
"5,172",2023-10-03,ICE - BofAML MOVE Index [MOVE],141.6700
"5,173",2023-10-04,ICE - BofAML MOVE Index [MOVE],128.2300
"5,174",2023-10-05,ICE - BofAML MOVE Index [MOVE],130.1800
"5,175",2023-10-06,ICE - BofAML MOVE Index [MOVE],126.6400
"5,176",2023-10-10,ICE - BofAML MOVE Index [MOVE],136.1700
"5,177",2023-10-11,ICE - BofAML MOVE Index [MOVE],127.1800
"5,178",2023-10-12,ICE - BofAML MOVE Index [MOVE],126.3700
"5,179",2023-10-13,ICE - BofAML MOVE Index [MOVE],128.3300
"5,180",2023-10-16,ICE - BofAML MOVE Index [MOVE],130.1600
"5,181",2023-10-17,ICE - BofAML MOVE Index [MOVE],130.1700
"5,182",2023-10-18,ICE - BofAML MOVE Index [MOVE],129.1700
"5,183",2023-10-19,ICE - BofAML MOVE Index [MOVE],134.6200
"5,184",2023-10-20,ICE - BofAML MOVE Index [MOVE],135.4500
"5,185",2023-10-23,ICE - BofAML MOVE Index [MOVE],131.8300
"5,186",2023-10-24,ICE - BofAML MOVE Index [MOVE],128.1300
"5,187",2023-10-25,ICE - BofAML MOVE Index [MOVE],131.2100
"5,188",2023-10-26,ICE - BofAML MOVE Index [MOVE],130.9400
"5,189",2023-10-27,ICE - BofAML MOVE Index [MOVE],129.1600
"5,190",2023-10-30,ICE - BofAML MOVE Index [MOVE],131.9000
"5,191",2023-10-31,ICE - BofAML MOVE Index [MOVE],126.8600
"5,192",2023-11-01,ICE - BofAML MOVE Index [MOVE],120.5500
"5,193",2023-11-02,ICE - BofAML MOVE Index [MOVE],118.6400
"5,194",2023-11-03,ICE - BofAML MOVE Index [MOVE],118.7400
"5,195",2023-11-06,ICE - BofAML MOVE Index [MOVE],121.7400
"5,196",2023-11-07,ICE - BofAML MOVE Index [MOVE],120.0900
"5,197",2023-11-08,ICE - BofAML MOVE Index [MOVE],117.1000
"5,198",2023-11-09,ICE - BofAML MOVE Index [MOVE],117.0500
"5,199",2023-11-10,ICE - BofAML MOVE Index [MOVE],116.7900
"5,200",2023-11-13,ICE - BofAML MOVE Index [MOVE],124.4700
"5,201",2023-11-14,ICE - BofAML MOVE Index [MOVE],124.1100
"5,202",2023-11-15,ICE - BofAML MOVE Index [MOVE],122.1900
"5,203",2023-11-16,ICE - BofAML MOVE Index [MOVE],116.0800
"5,204",2023-11-17,ICE - BofAML MOVE Index [MOVE],113.1100
"5,205",2023-11-20,ICE - BofAML MOVE Index [MOVE],115.0900
"5,206",2023-11-21,ICE - BofAML MOVE Index [MOVE],112.7900
"5,207",2023-11-22,ICE - BofAML MOVE Index [MOVE],111.5700
"5,208",2023-11-24,ICE - BofAML MOVE Index [MOVE],107.4300
"5,209",2023-11-27,ICE - BofAML MOVE Index [MOVE],109.3100
"5,210",2023-11-28,ICE - BofAML MOVE Index [MOVE],110.0600
"5,211",2023-11-29,ICE - BofAML MOVE Index [MOVE],114.5900
"5,212",2023-11-30,ICE - BofAML MOVE Index [MOVE],115.3200
"5,213",2023-12-01,ICE - BofAML MOVE Index [MOVE],111.5100
"5,214",2023-12-04,ICE - BofAML MOVE Index [MOVE],118.2500
"5,215",2023-12-05,ICE - BofAML MOVE Index [MOVE],127.2000
"5,216",2023-12-06,ICE - BofAML MOVE Index [MOVE],124.9800
"5,217",2023-12-07,ICE - BofAML MOVE Index [MOVE],129.7400
"5,218",2023-12-08,ICE - BofAML MOVE Index [MOVE],121.6500
"5,219",2023-12-11,ICE - BofAML MOVE Index [MOVE],126.6600
"5,220",2023-12-12,ICE - BofAML MOVE Index [MOVE],118.6200
"5,221",2023-12-13,ICE - BofAML MOVE Index [MOVE],113.7700
"5,222",2023-12-14,ICE - BofAML MOVE Index [MOVE],118.0400
"5,223",2023-12-15,ICE - BofAML MOVE Index [MOVE],115.7500
"5,224",2023-12-18,ICE - BofAML MOVE Index [MOVE],118.4600
"5,225",2023-12-19,ICE - BofAML MOVE Index [MOVE],115.0300
"5,226",2023-12-20,ICE - BofAML MOVE Index [MOVE],111.8700
"5,227",2023-12-21,ICE - BofAML MOVE Index [MOVE],111.9300
"5,228",2023-12-22,ICE - BofAML MOVE Index [MOVE],111.3800
"5,229",2023-12-26,ICE - BofAML MOVE Index [MOVE],116.0000
"5,230",2023-12-27,ICE - BofAML MOVE Index [MOVE],114.5300
"5,231",2023-12-28,ICE - BofAML MOVE Index [MOVE],113.7800
"5,232",2023-12-29,ICE - BofAML MOVE Index [MOVE],114.6200
"5,233",2024-01-02,ICE - BofAML MOVE Index [MOVE],127.0200
"5,234",2024-01-03,ICE - BofAML MOVE Index [MOVE],124.5700
"5,235",2024-01-04,ICE - BofAML MOVE Index [MOVE],121.1200
"5,236",2024-01-05,ICE - BofAML MOVE Index [MOVE],116.1900
"5,237",2024-01-08,ICE - BofAML MOVE Index [MOVE],117.7200
"5,238",2024-01-09,ICE - BofAML MOVE Index [MOVE],114.9200
"5,239",2024-01-10,ICE - BofAML MOVE Index [MOVE],109.6300
"5,240",2024-01-11,ICE - BofAML MOVE Index [MOVE],103.4500
"5,241",2024-01-12,ICE - BofAML MOVE Index [MOVE],106.5100
"5,242",2024-01-16,ICE - BofAML MOVE Index [MOVE],113.4400
"5,243",2024-01-17,ICE - BofAML MOVE Index [MOVE],105.8600
"5,244",2024-01-18,ICE - BofAML MOVE Index [MOVE],107.2200
"5,245",2024-01-19,ICE - BofAML MOVE Index [MOVE],104.9700
"5,246",2024-01-22,ICE - BofAML MOVE Index [MOVE],106.8700
"5,247",2024-01-23,ICE - BofAML MOVE Index [MOVE],107.7000
"5,248",2024-01-24,ICE - BofAML MOVE Index [MOVE],105.7800
"5,249",2024-01-25,ICE - BofAML MOVE Index [MOVE],105.8900
"5,250",2024-01-26,ICE - BofAML MOVE Index [MOVE],100.2300
"5,251",2024-01-29,ICE - BofAML MOVE Index [MOVE],106.3400
"5,252",2024-01-30,ICE - BofAML MOVE Index [MOVE],104.2600
"5,253",2024-01-31,ICE - BofAML MOVE Index [MOVE],107.2800
"5,254",2024-02-01,ICE - BofAML MOVE Index [MOVE],113.9200
"5,255",2024-02-02,ICE - BofAML MOVE Index [MOVE],106.7200
"5,256",2024-02-05,ICE - BofAML MOVE Index [MOVE],108.6800
"5,257",2024-02-06,ICE - BofAML MOVE Index [MOVE],110.6000
"5,258",2024-02-07,ICE - BofAML MOVE Index [MOVE],107.8600
"5,259",2024-02-08,ICE - BofAML MOVE Index [MOVE],108.6000
"5,260",2024-02-09,ICE - BofAML MOVE Index [MOVE],106.2100
"5,261",2024-02-12,ICE - BofAML MOVE Index [MOVE],109.7800
"5,262",2024-02-13,ICE - BofAML MOVE Index [MOVE],113.2200
"5,263",2024-02-14,ICE - BofAML MOVE Index [MOVE],111.9700
"5,264",2024-02-15,ICE - BofAML MOVE Index [MOVE],112.0900
"5,265",2024-02-16,ICE - BofAML MOVE Index [MOVE],109.2000
"5,266",2024-02-20,ICE - BofAML MOVE Index [MOVE],111.0200
"5,267",2024-02-21,ICE - BofAML MOVE Index [MOVE],114.2700
"5,268",2024-02-22,ICE - BofAML MOVE Index [MOVE],115.5900
"5,269",2024-02-23,ICE - BofAML MOVE Index [MOVE],108.3100
"5,270",2024-02-26,ICE - BofAML MOVE Index [MOVE],110.7700
"5,271",2024-02-27,ICE - BofAML MOVE Index [MOVE],110.8000
"5,272",2024-02-28,ICE - BofAML MOVE Index [MOVE],108.7100
"5,273",2024-02-29,ICE - BofAML MOVE Index [MOVE],109.1000
"5,274",2024-03-01,ICE - BofAML MOVE Index [MOVE],106.4800
"5,275",2024-03-04,ICE - BofAML MOVE Index [MOVE],109.5700
"5,276",2024-03-05,ICE - BofAML MOVE Index [MOVE],110.3300
"5,277",2024-03-06,ICE - BofAML MOVE Index [MOVE],105.3300
"5,278",2024-03-07,ICE - BofAML MOVE Index [MOVE],105.4500
"5,279",2024-03-08,ICE - BofAML MOVE Index [MOVE],100.8800
"5,280",2024-03-11,ICE - BofAML MOVE Index [MOVE],106.6300
"5,281",2024-03-12,ICE - BofAML MOVE Index [MOVE],101.3600
"5,282",2024-03-13,ICE - BofAML MOVE Index [MOVE],97.0300
"5,283",2024-03-14,ICE - BofAML MOVE Index [MOVE],98.6700
"5,284",2024-03-15,ICE - BofAML MOVE Index [MOVE],97.8200
"5,285",2024-03-18,ICE - BofAML MOVE Index [MOVE],102.8700
"5,286",2024-03-19,ICE - BofAML MOVE Index [MOVE],99.9900
"5,287",2024-03-20,ICE - BofAML MOVE Index [MOVE],92.7200
"5,288",2024-03-21,ICE - BofAML MOVE Index [MOVE],90.8200
"5,289",2024-03-22,ICE - BofAML MOVE Index [MOVE],91.0400
"5,290",2024-03-25,ICE - BofAML MOVE Index [MOVE],92.2400
"5,291",2024-03-26,ICE - BofAML MOVE Index [MOVE],90.6300
"5,292",2024-03-27,ICE - BofAML MOVE Index [MOVE],86.2800
"5,293",2024-03-28,ICE - BofAML MOVE Index [MOVE],86.3800
"5,294",2024-04-01,ICE - BofAML MOVE Index [MOVE],94.2000
"5,295",2024-04-02,ICE - BofAML MOVE Index [MOVE],96.5700
"5,296",2024-04-03,ICE - BofAML MOVE Index [MOVE],97.8800
"5,297",2024-04-04,ICE - BofAML MOVE Index [MOVE],96.1300
"5,298",2024-04-05,ICE - BofAML MOVE Index [MOVE],94.3100
"5,299",2024-04-08,ICE - BofAML MOVE Index [MOVE],99.3700
"5,300",2024-04-09,ICE - BofAML MOVE Index [MOVE],98.7300
"5,301",2024-04-10,ICE - BofAML MOVE Index [MOVE],109.5900
"5,302",2024-04-11,ICE - BofAML MOVE Index [MOVE],108.8600
"5,303",2024-04-12,ICE - BofAML MOVE Index [MOVE],112.8200
"5,304",2024-04-15,ICE - BofAML MOVE Index [MOVE],121.1500
"5,305",2024-04-16,ICE - BofAML MOVE Index [MOVE],119.5900
"5,306",2024-04-17,ICE - BofAML MOVE Index [MOVE],113.2900
"5,307",2024-04-18,ICE - BofAML MOVE Index [MOVE],108.6600
"5,308",2024-04-19,ICE - BofAML MOVE Index [MOVE],111.2600
"5,309",2024-04-22,ICE - BofAML MOVE Index [MOVE],108.5600
"5,310",2024-04-23,ICE - BofAML MOVE Index [MOVE],106.8500
"5,311",2024-04-24,ICE - BofAML MOVE Index [MOVE],110.2100
"5,312",2024-04-25,ICE - BofAML MOVE Index [MOVE],108.5500
"5,313",2024-04-26,ICE - BofAML MOVE Index [MOVE],104.4000
"5,314",2024-04-29,ICE - BofAML MOVE Index [MOVE],105.4200
"5,315",2024-04-30,ICE - BofAML MOVE Index [MOVE],107.4600
"5,316",2024-05-01,ICE - BofAML MOVE Index [MOVE],100.6400
"5,317",2024-05-02,ICE - BofAML MOVE Index [MOVE],100.7000
"5,318",2024-05-03,ICE - BofAML MOVE Index [MOVE],95.9600
"5,319",2024-05-06,ICE - BofAML MOVE Index [MOVE],94.5000
"5,320",2024-05-08,ICE - BofAML MOVE Index [MOVE],95.5800
"5,321",2024-05-07,ICE - BofAML MOVE Index [MOVE],98.0400
"5,322",2024-05-09,ICE - BofAML MOVE Index [MOVE],93.8500
"5,323",2024-05-10,ICE - BofAML MOVE Index [MOVE],94.2300
"5,324",2024-05-15,ICE - BofAML MOVE Index [MOVE],93.7800
"5,325",2024-05-16,ICE - BofAML MOVE Index [MOVE],91.8300
"5,326",2024-05-13,ICE - BofAML MOVE Index [MOVE],105.3500
"5,327",2024-05-14,ICE - BofAML MOVE Index [MOVE],106.5500
"5,328",2024-05-17,ICE - BofAML MOVE Index [MOVE],89.3500
"5,329",2024-05-20,ICE - BofAML MOVE Index [MOVE],88.1300
"5,330",2024-05-21,ICE - BofAML MOVE Index [MOVE],85.3400
"5,331",2024-05-22,ICE - BofAML MOVE Index [MOVE],82.4900
"5,332",2024-05-23,ICE - BofAML MOVE Index [MOVE],86.1500
"5,333",2024-05-24,ICE - BofAML MOVE Index [MOVE],83.5700
"5,334",2024-05-28,ICE - BofAML MOVE Index [MOVE],89.6700
"5,335",2024-05-29,ICE - BofAML MOVE Index [MOVE],93.4500
"5,336",2024-05-30,ICE - BofAML MOVE Index [MOVE],91.0900
"5,337",2024-05-31,ICE - BofAML MOVE Index [MOVE],91.1400
"5,338",2024-06-03,ICE - BofAML MOVE Index [MOVE],93.9200
"5,339",2024-06-04,ICE - BofAML MOVE Index [MOVE],100.1100
"5,340",2024-06-05,ICE - BofAML MOVE Index [MOVE],102.4300
"5,341",2024-06-06,ICE - BofAML MOVE Index [MOVE],100.9900
"5,342",2024-06-07,ICE - BofAML MOVE Index [MOVE],91.8200
"5,343",2024-06-10,ICE - BofAML MOVE Index [MOVE],94.1600
"5,344",2024-06-11,ICE - BofAML MOVE Index [MOVE],97.2700
"5,345",2024-06-12,ICE - BofAML MOVE Index [MOVE],91.7300
"5,346",2024-06-13,ICE - BofAML MOVE Index [MOVE],91.9300
"5,347",2024-06-14,ICE - BofAML MOVE Index [MOVE],100.1600
"5,348",2024-06-17,ICE - BofAML MOVE Index [MOVE],99.0700
"5,349",2024-06-18,ICE - BofAML MOVE Index [MOVE],97.9900
"5,350",2024-06-20,ICE - BofAML MOVE Index [MOVE],94.1400
"5,351",2024-06-21,ICE - BofAML MOVE Index [MOVE],94.0900
"5,352",2024-06-24,ICE - BofAML MOVE Index [MOVE],95.2000
"5,353",2024-06-25,ICE - BofAML MOVE Index [MOVE],96.9700
"5,354",2024-06-26,ICE - BofAML MOVE Index [MOVE],97.9100
"5,355",2024-06-27,ICE - BofAML MOVE Index [MOVE],95.6900
"5,356",2024-06-28,ICE - BofAML MOVE Index [MOVE],98.5900
"5,357",2024-07-01,ICE - BofAML MOVE Index [MOVE],106.2300
"5,358",2024-07-02,ICE - BofAML MOVE Index [MOVE],107.5100
"5,359",2024-07-03,ICE - BofAML MOVE Index [MOVE],102.8300
"5,360",2024-07-05,ICE - BofAML MOVE Index [MOVE],98.7800
"5,361",2024-07-08,ICE - BofAML MOVE Index [MOVE],97.9600
"5,362",2024-07-09,ICE - BofAML MOVE Index [MOVE],95.6200
"5,363",2024-07-10,ICE - BofAML MOVE Index [MOVE],92.9700
"5,364",2024-07-11,ICE - BofAML MOVE Index [MOVE],89.6700
"5,365",2024-07-12,ICE - BofAML MOVE Index [MOVE],86.7900
"5,366",2024-07-15,ICE - BofAML MOVE Index [MOVE],94.5000
"5,367",2024-07-16,ICE - BofAML MOVE Index [MOVE],93.8700
"5,368",2024-07-17,ICE - BofAML MOVE Index [MOVE],91.0000
"5,369",2024-07-18,ICE - BofAML MOVE Index [MOVE],91.9700
"5,370",2024-07-19,ICE - BofAML MOVE Index [MOVE],94.2900
"5,371",2024-07-22,ICE - BofAML MOVE Index [MOVE],94.4500
"5,372",2024-07-23,ICE - BofAML MOVE Index [MOVE],95.0400
"5,373",2024-07-24,ICE - BofAML MOVE Index [MOVE],94.8100
"5,374",2024-07-25,ICE - BofAML MOVE Index [MOVE],99.0800
"5,375",2024-07-26,ICE - BofAML MOVE Index [MOVE],97.7600
"5,376",2024-07-29,ICE - BofAML MOVE Index [MOVE],98.6500
"5,377",2024-07-30,ICE - BofAML MOVE Index [MOVE],100.4200
"5,378",2024-07-31,ICE - BofAML MOVE Index [MOVE],99.4100
"5,379",2024-08-01,ICE - BofAML MOVE Index [MOVE],101.8200
"5,380",2024-08-02,ICE - BofAML MOVE Index [MOVE],112.2600
"5,381",2024-08-05,ICE - BofAML MOVE Index [MOVE],121.2200
"5,382",2024-08-06,ICE - BofAML MOVE Index [MOVE],119.2400
"5,383",2024-08-07,ICE - BofAML MOVE Index [MOVE],112.6900
"5,384",2024-08-08,ICE - BofAML MOVE Index [MOVE],110.4200
"5,385",2024-08-09,ICE - BofAML MOVE Index [MOVE],108.2600
"5,386",2024-08-12,ICE - BofAML MOVE Index [MOVE],118.2600
"5,387",2024-08-13,ICE - BofAML MOVE Index [MOVE],118.4400
"5,388",2024-08-14,ICE - BofAML MOVE Index [MOVE],106.3400
"5,389",2024-08-15,ICE - BofAML MOVE Index [MOVE],103.7400
"5,390",2024-08-16,ICE - BofAML MOVE Index [MOVE],102.8100
"5,391",2024-08-19,ICE - BofAML MOVE Index [MOVE],110.1300
"5,392",2024-08-20,ICE - BofAML MOVE Index [MOVE],111.5700
"5,393",2024-08-21,ICE - BofAML MOVE Index [MOVE],111.3800
"5,394",2024-08-22,ICE - BofAML MOVE Index [MOVE],108.5000
"5,395",2024-08-23,ICE - BofAML MOVE Index [MOVE],105.6300
"5,396",2024-08-26,ICE - BofAML MOVE Index [MOVE],106.6600
"5,397",2024-08-27,ICE - BofAML MOVE Index [MOVE],109.2200
"5,398",2024-08-28,ICE - BofAML MOVE Index [MOVE],108.7600
"5,399",2024-08-29,ICE - BofAML MOVE Index [MOVE],106.7000
"5,400",2024-08-30,ICE - BofAML MOVE Index [MOVE],107.7700
"5,401",2024-09-03,ICE - BofAML MOVE Index [MOVE],114.2000
"5,402",2024-09-04,ICE - BofAML MOVE Index [MOVE],119.1500
"5,403",2024-09-05,ICE - BofAML MOVE Index [MOVE],114.8100
"5,404",2024-09-06,ICE - BofAML MOVE Index [MOVE],107.2400
"5,405",2024-09-09,ICE - BofAML MOVE Index [MOVE],104.6100
"5,406",2024-09-10,ICE - BofAML MOVE Index [MOVE],108.3600
"5,407",2024-09-11,ICE - BofAML MOVE Index [MOVE],103.7900
"5,408",2024-09-12,ICE - BofAML MOVE Index [MOVE],98.0300
"5,409",2024-09-13,ICE - BofAML MOVE Index [MOVE],100.6000
"5,410",2024-09-16,ICE - BofAML MOVE Index [MOVE],101.2200
"5,411",2024-09-17,ICE - BofAML MOVE Index [MOVE],101.5800
"5,412",2024-09-18,ICE - BofAML MOVE Index [MOVE],98.6100
"5,413",2024-09-19,ICE - BofAML MOVE Index [MOVE],92.6400
"5,414",2024-09-20,ICE - BofAML MOVE Index [MOVE],91.0000
"5,415",2024-09-23,ICE - BofAML MOVE Index [MOVE],93.8700
"5,416",2024-09-24,ICE - BofAML MOVE Index [MOVE],93.3000
"5,417",2024-09-25,ICE - BofAML MOVE Index [MOVE],91.6400
"5,418",2024-09-26,ICE - BofAML MOVE Index [MOVE],90.1400
"5,419",2024-09-27,ICE - BofAML MOVE Index [MOVE],92.5300
"5,420",2024-09-30,ICE - BofAML MOVE Index [MOVE],94.6100
"5,421",2024-10-01,ICE - BofAML MOVE Index [MOVE],104.1400
"5,422",2024-10-02,ICE - BofAML MOVE Index [MOVE],102.1700
"5,423",2024-10-03,ICE - BofAML MOVE Index [MOVE],101.1600
"5,424",2024-10-04,ICE - BofAML MOVE Index [MOVE],100.1500
"5,425",2024-10-07,ICE - BofAML MOVE Index [MOVE],124.2300
"5,426",2024-10-08,ICE - BofAML MOVE Index [MOVE],123.7700
"5,427",2024-10-09,ICE - BofAML MOVE Index [MOVE],122.3900
"5,428",2024-10-10,ICE - BofAML MOVE Index [MOVE],116.5600
"5,429",2024-10-11,ICE - BofAML MOVE Index [MOVE],118.4700
"5,430",2024-10-15,ICE - BofAML MOVE Index [MOVE],127.2300
"5,431",2024-10-16,ICE - BofAML MOVE Index [MOVE],121.8600
"5,432",2024-10-17,ICE - BofAML MOVE Index [MOVE],122.1400
"5,433",2024-10-18,ICE - BofAML MOVE Index [MOVE],123.1300
"5,434",2024-10-21,ICE - BofAML MOVE Index [MOVE],128.9500
"5,435",2024-10-22,ICE - BofAML MOVE Index [MOVE],129.2600
"5,436",2024-10-23,ICE - BofAML MOVE Index [MOVE],129.0500
"5,437",2024-10-24,ICE - BofAML MOVE Index [MOVE],127.4800
"5,438",2024-10-25,ICE - BofAML MOVE Index [MOVE],128.4000
"5,439",2024-10-28,ICE - BofAML MOVE Index [MOVE],130.9200
"5,440",2024-10-29,ICE - BofAML MOVE Index [MOVE],131.8700
"5,441",2024-10-30,ICE - BofAML MOVE Index [MOVE],130.8000
"5,442",2024-10-31,ICE - BofAML MOVE Index [MOVE],135.1800
"5,443",2024-11-01,ICE - BofAML MOVE Index [MOVE],132.5800
"5,444",2024-11-04,ICE - BofAML MOVE Index [MOVE],136.2500
"5,445",2024-11-05,ICE - BofAML MOVE Index [MOVE],130.4300
"5,446",2024-11-06,ICE - BofAML MOVE Index [MOVE],117.6400
"5,447",2024-11-07,ICE - BofAML MOVE Index [MOVE],104.0800
"5,448",2024-11-08,ICE - BofAML MOVE Index [MOVE],99.8500
"5,449",2024-11-12,ICE - BofAML MOVE Index [MOVE],108.5500
"5,450",2024-11-13,ICE - BofAML MOVE Index [MOVE],102.0800
"5,451",2024-11-14,ICE - BofAML MOVE Index [MOVE],99.4300
"5,452",2024-11-15,ICE - BofAML MOVE Index [MOVE],102.4700
"5,453",2024-11-18,ICE - BofAML MOVE Index [MOVE],102.0100
"5,454",2024-11-19,ICE - BofAML MOVE Index [MOVE],105.1200
"5,455",2024-11-20,ICE - BofAML MOVE Index [MOVE],106.6900
"5,456",2024-11-21,ICE - BofAML MOVE Index [MOVE],101.9000
"5,457",2024-11-22,ICE - BofAML MOVE Index [MOVE],99.1400
"5,458",2024-11-25,ICE - BofAML MOVE Index [MOVE],99.9600
"5,459",2024-11-26,ICE - BofAML MOVE Index [MOVE],99.1800
"5,460",2024-11-27,ICE - BofAML MOVE Index [MOVE],97.7400
"5,461",2024-11-29,ICE - BofAML MOVE Index [MOVE],95.2200
"5,462",2024-12-02,ICE - BofAML MOVE Index [MOVE],97.8100
"5,463",2024-12-03,ICE - BofAML MOVE Index [MOVE],95.6000
"5,464",2024-12-04,ICE - BofAML MOVE Index [MOVE],92.2500
"5,465",2024-12-05,ICE - BofAML MOVE Index [MOVE],91.4800
"5,466",2024-12-06,ICE - BofAML MOVE Index [MOVE],83.2000
"5,467",2024-12-09,ICE - BofAML MOVE Index [MOVE],85.6300
"5,468",2024-12-10,ICE - BofAML MOVE Index [MOVE],90.1000
"5,469",2024-12-11,ICE - BofAML MOVE Index [MOVE],82.4000
"5,470",2024-12-12,ICE - BofAML MOVE Index [MOVE],82.6600
"5,471",2024-12-13,ICE - BofAML MOVE Index [MOVE],85.6600
"5,472",2024-12-16,ICE - BofAML MOVE Index [MOVE],90.8800
"5,473",2024-12-17,ICE - BofAML MOVE Index [MOVE],90.4200
"5,474",2024-12-18,ICE - BofAML MOVE Index [MOVE],87.2100
"5,475",2024-12-19,ICE - BofAML MOVE Index [MOVE],90.4100
"5,476",2024-12-20,ICE - BofAML MOVE Index [MOVE],91.7500
"5,477",2024-12-23,ICE - BofAML MOVE Index [MOVE],95.8500
"5,478",2024-12-24,ICE - BofAML MOVE Index [MOVE],96.9500
"5,479",2024-12-26,ICE - BofAML MOVE Index [MOVE],95.2000
"5,480",2024-12-27,ICE - BofAML MOVE Index [MOVE],94.8000
"5,481",2024-12-30,ICE - BofAML MOVE Index [MOVE],99.0800
"5,482",2024-12-31,ICE - BofAML MOVE Index [MOVE],98.8000
"5,483",2025-01-02,ICE - BofAML MOVE Index [MOVE],96.6700
"5,484",2025-01-03,ICE - BofAML MOVE Index [MOVE],93.3500
"5,485",2025-01-06,ICE - BofAML MOVE Index [MOVE],97.8900
"5,486",2025-01-07,ICE - BofAML MOVE Index [MOVE],102.7800
"5,487",2025-01-08,ICE - BofAML MOVE Index [MOVE],100.7600
"5,488",2025-01-09,ICE - BofAML MOVE Index [MOVE],99.7300
"5,489",2025-01-10,ICE - BofAML MOVE Index [MOVE],96.5700
"5,490",2025-01-13,ICE - BofAML MOVE Index [MOVE],103.5100
"5,491",2025-01-14,ICE - BofAML MOVE Index [MOVE],101.9900
"5,492",2025-01-15,ICE - BofAML MOVE Index [MOVE],93.1000
"5,493",2025-01-16,ICE - BofAML MOVE Index [MOVE],92.7200
"5,494",2025-01-17,ICE - BofAML MOVE Index [MOVE],95.6000
"5,495",2025-01-21,ICE - BofAML MOVE Index [MOVE],96.7800
"5,496",2025-01-22,ICE - BofAML MOVE Index [MOVE],89.9000
"5,497",2025-01-23,ICE - BofAML MOVE Index [MOVE],88.5100
"5,498",2025-01-24,ICE - BofAML MOVE Index [MOVE],86.7500
"5,499",2025-01-27,ICE - BofAML MOVE Index [MOVE],95.0500
"5,500",2025-01-28,ICE - BofAML MOVE Index [MOVE],92.8300
"5,501",2025-01-29,ICE - BofAML MOVE Index [MOVE],90.7300
"5,502",2025-01-30,ICE - BofAML MOVE Index [MOVE],90.5400
"5,503",2025-01-31,ICE - BofAML MOVE Index [MOVE],91.7600
"5,504",2025-02-03,ICE - BofAML MOVE Index [MOVE],94.1500
"5,505",2025-02-04,ICE - BofAML MOVE Index [MOVE],90.2800
"5,506",2025-02-05,ICE - BofAML MOVE Index [MOVE],94.6800
"5,507",2025-02-06,ICE - BofAML MOVE Index [MOVE],93.9000
"5,508",2025-02-07,ICE - BofAML MOVE Index [MOVE],93.1300
"5,509",2025-02-10,ICE - BofAML MOVE Index [MOVE],87.6800
"5,510",2025-02-11,ICE - BofAML MOVE Index [MOVE],85.5800
"5,511",2025-02-12,ICE - BofAML MOVE Index [MOVE],86.5800
"5,512",2025-02-13,ICE - BofAML MOVE Index [MOVE],84.5700
"5,513",2025-02-14,ICE - BofAML MOVE Index [MOVE],84.6700
"5,514",2025-02-18,ICE - BofAML MOVE Index [MOVE],84.5100
"5,515",2025-02-19,ICE - BofAML MOVE Index [MOVE],83.8600
"5,516",2025-02-20,ICE - BofAML MOVE Index [MOVE],86.2600
"5,517",2025-02-21,ICE - BofAML MOVE Index [MOVE],91.8300
"5,518",2025-02-24,ICE - BofAML MOVE Index [MOVE],88.4400
"5,519",2025-02-25,ICE - BofAML MOVE Index [MOVE],96.6100
"5,520",2025-02-26,ICE - BofAML MOVE Index [MOVE],97.5200
"5,521",2025-02-27,ICE - BofAML MOVE Index [MOVE],96.2700
"5,522",2025-02-28,ICE - BofAML MOVE Index [MOVE],104.4600
"5,523",2025-03-03,ICE - BofAML MOVE Index [MOVE],105.6500
"5,524",2025-03-04,ICE - BofAML MOVE Index [MOVE],108.8700
"5,525",2025-03-05,ICE - BofAML MOVE Index [MOVE],104.3200
"5,526",2025-03-06,ICE - BofAML MOVE Index [MOVE],108.9500
"5,527",2025-03-07,ICE - BofAML MOVE Index [MOVE],104.4100
"5,528",2025-03-10,ICE - BofAML MOVE Index [MOVE],112.5000
"5,529",2025-03-11,ICE - BofAML MOVE Index [MOVE],114.6000
"5,530",2025-03-12,ICE - BofAML MOVE Index [MOVE],104.1100
"5,531",2025-03-13,ICE - BofAML MOVE Index [MOVE],106.1900
"5,532",2025-03-14,ICE - BofAML MOVE Index [MOVE],101.0100
"5,533",2025-03-17,ICE - BofAML MOVE Index [MOVE],99.7800
"5,534",2025-03-18,ICE - BofAML MOVE Index [MOVE],96.6800
"5,535",2025-03-19,ICE - BofAML MOVE Index [MOVE],91.4000
"5,536",2025-03-20,ICE - BofAML MOVE Index [MOVE],95.7400
"5,537",2025-03-21,ICE - BofAML MOVE Index [MOVE],94.5400
"5,538",2025-03-24,ICE - BofAML MOVE Index [MOVE],95.2200
"5,539",2025-03-25,ICE - BofAML MOVE Index [MOVE],93.5700
"5,540",2025-03-26,ICE - BofAML MOVE Index [MOVE],91.4100
"5,541",2025-03-27,ICE - BofAML MOVE Index [MOVE],91.0300
"5,542",2025-03-28,ICE - BofAML MOVE Index [MOVE],96.8300
"5,543",2025-03-31,ICE - BofAML MOVE Index [MOVE],101.3500
"5,544",2025-04-01,ICE - BofAML MOVE Index [MOVE],104.7300
"5,545",2025-04-02,ICE - BofAML MOVE Index [MOVE],106.3900
"5,546",2025-04-03,ICE - BofAML MOVE Index [MOVE],112.0000
"5,547",2025-04-04,ICE - BofAML MOVE Index [MOVE],125.7100
"5,548",2025-04-07,ICE - BofAML MOVE Index [MOVE],137.3000
"5,549",2025-04-08,ICE - BofAML MOVE Index [MOVE],139.8800
"5,550",2025-04-09,ICE - BofAML MOVE Index [MOVE],128.8300
"5,551",2025-04-10,ICE - BofAML MOVE Index [MOVE],128.3500
"5,552",2025-04-11,ICE - BofAML MOVE Index [MOVE],137.2600
"5,553",2025-04-14,ICE - BofAML MOVE Index [MOVE],132.4600
"5,554",2025-04-15,ICE - BofAML MOVE Index [MOVE],122.5600
"5,555",2025-04-16,ICE - BofAML MOVE Index [MOVE],119.4000
"5,556",2025-04-17,ICE - BofAML MOVE Index [MOVE],114.6400
"5,557",2025-04-21,ICE - BofAML MOVE Index [MOVE],128.5600
"5,558",2025-04-22,ICE - BofAML MOVE Index [MOVE],118.3500
"5,559",2025-04-23,ICE - BofAML MOVE Index [MOVE],116.6000
"5,560",2025-04-24,ICE - BofAML MOVE Index [MOVE],108.2800
"5,561",2025-04-25,ICE - BofAML MOVE Index [MOVE],105.7900
"5,562",2025-04-28,ICE - BofAML MOVE Index [MOVE],110.0100
"5,563",2025-04-29,ICE - BofAML MOVE Index [MOVE],112.2700
"5,564",2025-04-30,ICE - BofAML MOVE Index [MOVE],112.4800
"5,565",2025-05-01,ICE - BofAML MOVE Index [MOVE],107.3300
"5,566",2025-05-02,ICE - BofAML MOVE Index [MOVE],101.4000
"5,567",2025-05-05,ICE - BofAML MOVE Index [MOVE],104.4500
"5,568",2025-05-06,ICE - BofAML MOVE Index [MOVE],106.1800
"5,569",2025-05-07,ICE - BofAML MOVE Index [MOVE],99.8700
"5,570",2025-05-08,ICE - BofAML MOVE Index [MOVE],98.6600
"5,571",2025-05-09,ICE - BofAML MOVE Index [MOVE],100.4000
"5,572",2025-05-12,ICE - BofAML MOVE Index [MOVE],102.9000
"5,573",2025-05-13,ICE - BofAML MOVE Index [MOVE],100.1300
"5,574",2025-05-14,ICE - BofAML MOVE Index [MOVE],100.7300
"5,575",2025-05-15,ICE - BofAML MOVE Index [MOVE],98.6500
"5,576",2025-05-16,ICE - BofAML MOVE Index [MOVE],96.7000
"5,577",2025-05-19,ICE - BofAML MOVE Index [MOVE],103.8100
"5,578",2025-05-20,ICE - BofAML MOVE Index [MOVE],101.3700
"5,579",2025-05-21,ICE - BofAML MOVE Index [MOVE],102.1000
"5,580",2025-05-22,ICE - BofAML MOVE Index [MOVE],99.4700
"5,581",2025-05-23,ICE - BofAML MOVE Index [MOVE],100.9100
"5,582",2025-05-27,ICE - BofAML MOVE Index [MOVE],97.9300
"5,583",2025-05-28,ICE - BofAML MOVE Index [MOVE],93.2000
"5,584",2025-05-29,ICE - BofAML MOVE Index [MOVE],92.6700
"5,585",2025-05-30,ICE - BofAML MOVE Index [MOVE],92.1100
"5,586",2025-06-02,ICE - BofAML MOVE Index [MOVE],95.7600
"5,587",2025-06-03,ICE - BofAML MOVE Index [MOVE],100.0000
"5,588",2025-06-04,ICE - BofAML MOVE Index [MOVE],96.9800
"5,589",2025-06-05,ICE - BofAML MOVE Index [MOVE],94.6500
"5,590",2025-06-06,ICE - BofAML MOVE Index [MOVE],89.6500
"5,591",2025-06-09,ICE - BofAML MOVE Index [MOVE],92.6200
"5,592",2025-06-10,ICE - BofAML MOVE Index [MOVE],91.2200
"5,593",2025-06-11,ICE - BofAML MOVE Index [MOVE],89.3600
"5,594",2025-06-12,ICE - BofAML MOVE Index [MOVE],88.9900
"5,595",2025-06-13,ICE - BofAML MOVE Index [MOVE],95.3100
"5,596",2025-06-16,ICE - BofAML MOVE Index [MOVE],93.4800
"5,597",2025-06-17,ICE - BofAML MOVE Index [MOVE],97.1800
"5,598",2025-06-18,ICE - BofAML MOVE Index [MOVE],93.6400
"5,599",2025-06-20,ICE - BofAML MOVE Index [MOVE],90.1000
"5,600",2025-06-23,ICE - BofAML MOVE Index [MOVE],95.0300
"5,601",2025-06-24,ICE - BofAML MOVE Index [MOVE],92.6200
"5,602",2025-06-25,ICE - BofAML MOVE Index [MOVE],91.2400
"5,603",2025-06-26,ICE - BofAML MOVE Index [MOVE],89.4700
"5,604",2025-06-27,ICE - BofAML MOVE Index [MOVE],87.9300
"5,605",2025-06-30,ICE - BofAML MOVE Index [MOVE],90.2600
"5,606",2025-07-01,ICE - BofAML MOVE Index [MOVE],93.4800
"5,607",2025-07-02,ICE - BofAML MOVE Index [MOVE],91.3700
"5,608",2025-07-03,ICE - BofAML MOVE Index [MOVE],86.0900
"5,609",2025-07-07,ICE - BofAML MOVE Index [MOVE],88.5300
"5,610",2025-07-08,ICE - BofAML MOVE Index [MOVE],88.0500
"5,611",2025-07-09,ICE - BofAML MOVE Index [MOVE],84.3100
"5,612",2025-07-10,ICE - BofAML MOVE Index [MOVE],81.5800
"5,613",2025-07-11,ICE - BofAML MOVE Index [MOVE],85.4800
"5,614",2025-07-14,ICE - BofAML MOVE Index [MOVE],90.7300
"5,615",2025-07-15,ICE - BofAML MOVE Index [MOVE],88.9500
"5,616",2025-07-16,ICE - BofAML MOVE Index [MOVE],89.5200
"5,617",2025-07-17,ICE - BofAML MOVE Index [MOVE],85.5700
"5,618",2025-07-18,ICE - BofAML MOVE Index [MOVE],83.2900
"5,619",2025-07-21,ICE - BofAML MOVE Index [MOVE],86.6200
"5,620",2025-07-22,ICE - BofAML MOVE Index [MOVE],89.8900
"5,621",2025-07-23,ICE - BofAML MOVE Index [MOVE],85.9500
"5,622",2025-07-24,ICE - BofAML MOVE Index [MOVE],82.7500
"5,623",2025-07-25,ICE - BofAML MOVE Index [MOVE],82.0900
"5,624",2025-07-28,ICE - BofAML MOVE Index [MOVE],83.7300
"5,625",2025-07-29,ICE - BofAML MOVE Index [MOVE],85.0700
"5,626",2025-07-30,ICE - BofAML MOVE Index [MOVE],81.8800
"5,627",2025-07-31,ICE - BofAML MOVE Index [MOVE],79.8400
"5,628",2025-08-01,ICE - BofAML MOVE Index [MOVE],83.8300
"5,629",2025-08-04,ICE - BofAML MOVE Index [MOVE],87.9500
"5,630",2025-08-05,ICE - BofAML MOVE Index [MOVE],89.2000
"5,631",2025-08-06,ICE - BofAML MOVE Index [MOVE],83.8900
"5,632",2025-08-07,ICE - BofAML MOVE Index [MOVE],80.1500
"5,633",2025-08-08,ICE - BofAML MOVE Index [MOVE],79.2000
"5,634",2025-08-11,ICE - BofAML MOVE Index [MOVE],81.7600
"5,635",2025-08-12,ICE - BofAML MOVE Index [MOVE],77.4200
"5,636",2025-08-13,ICE - BofAML MOVE Index [MOVE],77.3100
"5,637",2025-08-14,ICE - BofAML MOVE Index [MOVE],76.7700
"5,638",2025-08-15,ICE - BofAML MOVE Index [MOVE],76.6600
"5,639",2025-08-18,ICE - BofAML MOVE Index [MOVE],81.8200
"5,640",2025-08-19,ICE - BofAML MOVE Index [MOVE],82.1500
"5,641",2025-08-20,ICE - BofAML MOVE Index [MOVE],80.7500
"5,642",2025-08-21,ICE - BofAML MOVE Index [MOVE],80.5200
"5,643",2025-08-22,ICE - BofAML MOVE Index [MOVE],78.1000
"5,644",2025-08-25,ICE - BofAML MOVE Index [MOVE],77.5600
"5,645",2025-08-26,ICE - BofAML MOVE Index [MOVE],79.3600
"5,646",2025-08-27,ICE - BofAML MOVE Index [MOVE],77.6600
"5,647",2025-08-28,ICE - BofAML MOVE Index [MOVE],77.5500
"5,648",2025-08-29,ICE - BofAML MOVE Index [MOVE],79.3900
"5,649",2025-09-02,ICE - BofAML MOVE Index [MOVE],85.2800
"5,650",2025-09-03,ICE - BofAML MOVE Index [MOVE],89.6700
"5,651",2025-09-04,ICE - BofAML MOVE Index [MOVE],88.2600
"5,652",2025-09-05,ICE - BofAML MOVE Index [MOVE],85.2900
"5,653",2025-09-08,ICE - BofAML MOVE Index [MOVE],84.0000
"5,654",2025-09-09,ICE - BofAML MOVE Index [MOVE],82.2000
"5,655",2025-09-10,ICE - BofAML MOVE Index [MOVE],79.5800
"5,656",2025-09-11,ICE - BofAML MOVE Index [MOVE],75.0700
"5,657",2025-09-12,ICE - BofAML MOVE Index [MOVE],73.3700
"5,658",2025-09-15,ICE - BofAML MOVE Index [MOVE],76.8800
"5,659",2025-09-16,ICE - BofAML MOVE Index [MOVE],77.0900
"5,660",2025-09-17,ICE - BofAML MOVE Index [MOVE],75.9500
"5,661",2025-09-18,ICE - BofAML MOVE Index [MOVE],71.9100
"5,662",2025-09-19,ICE - BofAML MOVE Index [MOVE],72.5100
"5,663",2025-09-22,ICE - BofAML MOVE Index [MOVE],75.8000
"5,664",2025-09-23,ICE - BofAML MOVE Index [MOVE],75.6600
"5,665",2025-09-24,ICE - BofAML MOVE Index [MOVE],75.1300
"5,666",2025-09-25,ICE - BofAML MOVE Index [MOVE],75.4400
"5,667",2025-09-26,ICE - BofAML MOVE Index [MOVE],74.3800
"5,668",2025-09-29,ICE - BofAML MOVE Index [MOVE],75.5100
"5,669",2025-09-30,ICE - BofAML MOVE Index [MOVE],77.9300
"5,670",2025-10-01,ICE - BofAML MOVE Index [MOVE],73.5000
"5,671",2025-10-02,ICE - BofAML MOVE Index [MOVE],71.2100
"5,672",2025-10-03,ICE - BofAML MOVE Index [MOVE],69.5300
"5,673",2025-10-06,ICE - BofAML MOVE Index [MOVE],72.9900
"5,674",2025-10-07,ICE - BofAML MOVE Index [MOVE],75.4300
"5,675",2025-10-08,ICE - BofAML MOVE Index [MOVE],74.8700
"5,676",2025-10-09,ICE - BofAML MOVE Index [MOVE],74.1200
"5,677",2025-10-10,ICE - BofAML MOVE Index [MOVE],81.6500
"5,678",2025-10-14,ICE - BofAML MOVE Index [MOVE],79.9500
"5,679",2025-10-15,ICE - BofAML MOVE Index [MOVE],75.1100
"5,680",2025-10-16,ICE - BofAML MOVE Index [MOVE],81.2300
"5,681",2025-10-17,ICE - BofAML MOVE Index [MOVE],78.6200
"5,682",2025-10-20,ICE - BofAML MOVE Index [MOVE],77.2200
"5,683",2025-10-21,ICE - BofAML MOVE Index [MOVE],77.1800
"5,684",2025-10-22,ICE - BofAML MOVE Index [MOVE],75.4900
"5,685",2025-10-23,ICE - BofAML MOVE Index [MOVE],74.0500
"5,686",2025-10-24,ICE - BofAML MOVE Index [MOVE],68.9400
"5,687",2025-10-27,ICE - BofAML MOVE Index [MOVE],66.8700
"5,688",2025-10-28,ICE - BofAML MOVE Index [MOVE],67.3000
"5,689",2025-10-29,ICE - BofAML MOVE Index [MOVE],65.7500
"5,690",2025-10-30,ICE - BofAML MOVE Index [MOVE],66.8800
"5,691",2025-10-31,ICE - BofAML MOVE Index [MOVE],66.6100
"5,692",2025-11-03,ICE - BofAML MOVE Index [MOVE],67.2300
"5,693",2025-11-04,ICE - BofAML MOVE Index [MOVE],68.0200
"5,694",2025-11-05,ICE - BofAML MOVE Index [MOVE],72.4200
"5,695",2025-11-06,ICE - BofAML MOVE Index [MOVE],72.4400
"5,696",2025-11-07,ICE - BofAML MOVE Index [MOVE],74.4100
"5,697",2025-11-10,ICE - BofAML MOVE Index [MOVE],78.8600
"5,698",2025-11-12,ICE - BofAML MOVE Index [MOVE],81.1200
"5,699",2025-11-13,ICE - BofAML MOVE Index [MOVE],79.1000
"5,700",2025-11-14,ICE - BofAML MOVE Index [MOVE],79.7100
"5,701",2025-11-17,ICE - BofAML MOVE Index [MOVE],82.5800
"5,702",2025-11-18,ICE - BofAML MOVE Index [MOVE],83.1800
"5,703",2025-11-19,ICE - BofAML MOVE Index [MOVE],84.3200
"5,704",2025-11-20,ICE - BofAML MOVE Index [MOVE],77.8100
"5,705",2025-11-21,ICE - BofAML MOVE Index [MOVE],78.8100
"5,706",2025-11-24,ICE - BofAML MOVE Index [MOVE],76.8200
"5,707",2025-11-25,ICE - BofAML MOVE Index [MOVE],72.8200
"5,708",2025-11-26,ICE - BofAML MOVE Index [MOVE],71.9000
"5,709",2025-11-28,ICE - BofAML MOVE Index [MOVE],68.9500
"5,710",2025-12-01,ICE - BofAML MOVE Index [MOVE],71.3500
"5,711",2025-12-02,ICE - BofAML MOVE Index [MOVE],69.9100
"5,712",2025-12-03,ICE - BofAML MOVE Index [MOVE],66.4600
"5,713",2025-12-04,ICE - BofAML MOVE Index [MOVE],65.6900
"5,714",2025-12-05,ICE - BofAML MOVE Index [MOVE],67.2800
"5,715",2025-12-08,ICE - BofAML MOVE Index [MOVE],72.3000
"5,716",2025-12-09,ICE - BofAML MOVE Index [MOVE],75.3800
"5,717",2025-12-10,ICE - BofAML MOVE Index [MOVE],68.6200
"5,718",2025-12-11,ICE - BofAML MOVE Index [MOVE],69.2400
"5,719",2025-12-12,ICE - BofAML MOVE Index [MOVE],69.2500
"5,720",2025-12-15,ICE - BofAML MOVE Index [MOVE],73.3100
"5,721",2025-12-16,ICE - BofAML MOVE Index [MOVE],67.1400
"5,722",2025-12-17,ICE - BofAML MOVE Index [MOVE],62.7400
"5,723",2025-12-18,ICE - BofAML MOVE Index [MOVE],60.0100
"5,724",2025-12-19,ICE - BofAML MOVE Index [MOVE],59.4100
"5,725",2025-12-22,ICE - BofAML MOVE Index [MOVE],61.7000
"5,726",2025-12-23,ICE - BofAML MOVE Index [MOVE],61.1700
"5,727",2025-12-24,ICE - BofAML MOVE Index [MOVE],59.4800
"5,728",2025-12-26,ICE - BofAML MOVE Index [MOVE],58.5000
"5,729",2025-12-29,ICE - BofAML MOVE Index [MOVE],59.2100
"5,730",2025-12-30,ICE - BofAML MOVE Index [MOVE],63.9800
"5,731",2025-12-31,ICE - BofAML MOVE Index [MOVE],63.9600
"5,732",2026-01-02,ICE - BofAML MOVE Index [MOVE],62.3600
"5,733",2026-01-05,ICE - BofAML MOVE Index [MOVE],64.7100
"5,734",2026-01-06,ICE - BofAML MOVE Index [MOVE],65.8200
"5,735",2026-01-07,ICE - BofAML MOVE Index [MOVE],66.1500
"5,736",2026-01-08,ICE - BofAML MOVE Index [MOVE],66.9400
"5,737",2026-01-09,ICE - BofAML MOVE Index [MOVE],61.5500
"5,738",2026-01-12,ICE - BofAML MOVE Index [MOVE],62.9000
"5,739",2026-01-13,ICE - BofAML MOVE Index [MOVE],60.7900
"5,740",2026-01-14,ICE - BofAML MOVE Index [MOVE],58.1100
"5,741",2026-01-15,ICE - BofAML MOVE Index [MOVE],56.1400
"5,742",2026-01-16,ICE - BofAML MOVE Index [MOVE],58.0500
"5,743",2026-01-20,ICE - BofAML MOVE Index [MOVE],66.6700
"5,744",2026-01-21,ICE - BofAML MOVE Index [MOVE],59.5600
"5,745",2026-01-22,ICE - BofAML MOVE Index [MOVE],56.5000
"5,746",2026-01-23,ICE - BofAML MOVE Index [MOVE],56.2500
"5,747",2026-01-26,ICE - BofAML MOVE Index [MOVE],55.7700
"5,748",2026-01-27,ICE - BofAML MOVE Index [MOVE],56.1200
"5,749",2026-01-28,ICE - BofAML MOVE Index [MOVE],57.4300
"5,750",2026-01-29,ICE - BofAML MOVE Index [MOVE],60.7300
"5,751",2026-01-30,ICE - BofAML MOVE Index [MOVE],59.2000
"5,752",2026-02-02,ICE - BofAML MOVE Index [MOVE],59.3000
"5,753",2026-02-03,ICE - BofAML MOVE Index [MOVE],57.5400
"5,754",2026-02-04,ICE - BofAML MOVE Index [MOVE],57.5100
"5,755",2026-02-05,ICE - BofAML MOVE Index [MOVE],62.1600
"5,756",2026-02-06,ICE - BofAML MOVE Index [MOVE],63.6200
"5,757",2026-02-09,ICE - BofAML MOVE Index [MOVE],62.7400
"5,758",2026-02-10,ICE - BofAML MOVE Index [MOVE],64.5500
"5,759",2026-02-11,ICE - BofAML MOVE Index [MOVE],61.3500
"5,760",2026-02-12,ICE - BofAML MOVE Index [MOVE],68.5700
"5,761",2026-02-13,ICE - BofAML MOVE Index [MOVE],70.1000
"5,762",2026-02-17,ICE - BofAML MOVE Index [MOVE],68.8400
"5,763",2026-02-18,ICE - BofAML MOVE Index [MOVE],64.1900
"5,764",2026-02-19,ICE - BofAML MOVE Index [MOVE],68.0300
"5,765",2026-02-20,ICE - BofAML MOVE Index [MOVE],64.2700
"5,766",2026-02-23,ICE - BofAML MOVE Index [MOVE],68.0300
"5,767",2026-02-24,ICE - BofAML MOVE Index [MOVE],65.2700
"5,768",2026-02-25,ICE - BofAML MOVE Index [MOVE],62.4300
"5,769",2026-02-26,ICE - BofAML MOVE Index [MOVE],63.9300
"5,770",2026-02-27,ICE - BofAML MOVE Index [MOVE],73.3800
"5,771",2026-03-02,ICE - BofAML MOVE Index [MOVE],73.2100
"5,772",2026-03-03,ICE - BofAML MOVE Index [MOVE],77.7500
"5,773",2026-03-04,ICE - BofAML MOVE Index [MOVE],70.0300
"5,774",2026-03-05,ICE - BofAML MOVE Index [MOVE],74.5300
"5,775",2026-03-06,ICE - BofAML MOVE Index [MOVE],81.2600
"5,776",2026-03-09,ICE - BofAML MOVE Index [MOVE],79.7400
"5,777",2026-03-10,ICE - BofAML MOVE Index [MOVE],76.3300
"5,778",2026-03-11,ICE - BofAML MOVE Index [MOVE],78.5900
"5,779",2026-03-12,ICE - BofAML MOVE Index [MOVE],95.3000
"5,780",2026-03-13,ICE - BofAML MOVE Index [MOVE],91.1700
"5,781",2026-03-16,ICE - BofAML MOVE Index [MOVE],85.2500
"5,782",2026-03-17,ICE - BofAML MOVE Index [MOVE],79.2300
"5,783",2026-03-18,ICE - BofAML MOVE Index [MOVE],81.2500
"5,784",2026-03-19,ICE - BofAML MOVE Index [MOVE],84.8800
"5,785",2026-03-20,ICE - BofAML MOVE Index [MOVE],108.8400
"5,786",2026-03-23,ICE - BofAML MOVE Index [MOVE],98.1500
"5,787",2026-03-24,ICE - BofAML MOVE Index [MOVE],103.0100
"5,788",2026-03-25,ICE - BofAML MOVE Index [MOVE],97.5900
"5,789",2026-03-26,ICE - BofAML MOVE Index [MOVE],115.0200
"5,790",2026-03-27,ICE - BofAML MOVE Index [MOVE],111.9500
"5,791",2026-03-30,ICE - BofAML MOVE Index [MOVE],108.3300
"5,792",2026-03-31,ICE - BofAML MOVE Index [MOVE],96.0500
"5,793",2026-04-01,ICE - BofAML MOVE Index [MOVE],90.1900
"5,794",2026-04-02,ICE - BofAML MOVE Index [MOVE],84.4100
"5,795",2026-04-03,ICE - BofAML MOVE Index [MOVE],81.7800
"5,796",2026-04-06,ICE - BofAML MOVE Index [MOVE],81.6800
"5,797",2026-04-07,ICE - BofAML MOVE Index [MOVE],83.1500
"5,798",2026-04-08,ICE - BofAML MOVE Index [MOVE],78.7400
"5,799",2026-04-09,ICE - BofAML MOVE Index [MOVE],74.0100
"5,800",2026-04-10,ICE - BofAML MOVE Index [MOVE],72.1500
"5,801",2026-04-13,ICE - BofAML MOVE Index [MOVE],74.4200
"5,802",2026-04-14,ICE - BofAML MOVE Index [MOVE],74.3500
"5,803",2026-04-15,ICE - BofAML MOVE Index [MOVE],67.9400
"5,804",2026-04-16,ICE - BofAML MOVE Index [MOVE],65.8900
"5,805",2026-04-17,ICE - BofAML MOVE Index [MOVE],65.7000
"5,806",2026-04-20,ICE - BofAML MOVE Index [MOVE],67.9000
"5,807",2026-04-21,ICE - BofAML MOVE Index [MOVE],70.7800
"5,808",2026-04-22,ICE - BofAML MOVE Index [MOVE],69.8800
"5,809",2026-04-23,ICE - BofAML MOVE Index [MOVE],67.7000
"5,810",2026-04-24,ICE - BofAML MOVE Index [MOVE],66.9700
"5,811",2026-04-27,ICE - BofAML MOVE Index [MOVE],68.4200
"5,812",2026-04-28,ICE - BofAML MOVE Index [MOVE],68.6800
"5,813",2026-04-29,ICE - BofAML MOVE Index [MOVE],74.3300
"5,814",2026-04-30,ICE - BofAML MOVE Index [MOVE],72.0700
